[0.000000] (-) TimerEvent: {}
[0.000682] (M3Pro_MoveIt_demo) JobQueued: {'identifier': 'M3Pro_MoveIt_demo', 'dependencies': OrderedDict()}
[0.000798] (M3Pro_demo) JobQueued: {'identifier': 'M3Pro_demo', 'dependencies': OrderedDict()}
[0.000821] (arm_driver) JobQueued: {'identifier': 'arm_driver', 'dependencies': OrderedDict()}
[0.000840] (arm_interface) JobQueued: {'identifier': 'arm_interface', 'dependencies': OrderedDict()}
[0.000858] (arm_kin) JobQueued: {'identifier': 'arm_kin', 'dependencies': OrderedDict()}
[0.000876] (arm_msgs) JobQueued: {'identifier': 'arm_msgs', 'dependencies': OrderedDict()}
[0.000893] (test_config) JobQueued: {'identifier': 'test_config', 'dependencies': OrderedDict()}
[0.000910] (yahboom_M3Pro_DepthCam) JobQueued: {'identifier': 'yahboom_M3Pro_DepthCam', 'dependencies': OrderedDict()}
[0.000928] (yahboom_M3Pro_description) JobQueued: {'identifier': 'yahboom_M3Pro_description', 'dependencies': OrderedDict()}
[0.000945] (yahboom_M3Pro_laser) JobQueued: {'identifier': 'yahboom_M3Pro_laser', 'dependencies': OrderedDict()}
[0.000962] (yahboomcar_ctrl) JobQueued: {'identifier': 'yahboomcar_ctrl', 'dependencies': OrderedDict()}
[0.000979] (yahboomcar_msgs) JobQueued: {'identifier': 'yahboomcar_msgs', 'dependencies': OrderedDict()}
[0.000996] (M3Pro_KCF) JobQueued: {'identifier': 'M3Pro_KCF', 'dependencies': OrderedDict([('arm_interface', '/home/pawan/yahboomcar_ws_test/yahboomcar_ws/install/arm_interface')])}
[0.001016] (M3Pro_config) JobQueued: {'identifier': 'M3Pro_config', 'dependencies': OrderedDict([('yahboom_M3Pro_description', '/home/pawan/yahboomcar_ws_test/yahboomcar_ws/install/yahboom_M3Pro_description')])}
[0.001036] (arm_interface) JobStarted: {'identifier': 'arm_interface'}
[0.004918] (yahboom_M3Pro_description) JobStarted: {'identifier': 'yahboom_M3Pro_description'}
[0.008682] (M3Pro_MoveIt_demo) JobStarted: {'identifier': 'M3Pro_MoveIt_demo'}
[0.012207] (M3Pro_demo) JobStarted: {'identifier': 'M3Pro_demo'}
[0.015895] (arm_driver) JobStarted: {'identifier': 'arm_driver'}
[0.019489] (arm_kin) JobStarted: {'identifier': 'arm_kin'}
[0.021684] (arm_msgs) JobStarted: {'identifier': 'arm_msgs'}
[0.024189] (test_config) JobStarted: {'identifier': 'test_config'}
[0.026917] (yahboom_M3Pro_DepthCam) JobStarted: {'identifier': 'yahboom_M3Pro_DepthCam'}
[0.030250] (yahboom_M3Pro_laser) JobStarted: {'identifier': 'yahboom_M3Pro_laser'}
[0.033520] (yahboomcar_ctrl) JobStarted: {'identifier': 'yahboomcar_ctrl'}
[0.036960] (yahboomcar_msgs) JobStarted: {'identifier': 'yahboomcar_msgs'}
[0.041710] (arm_interface) JobProgress: {'identifier': 'arm_interface', 'progress': 'cmake'}
[0.041937] (arm_interface) Command: {'cmd': ['/usr/bin/cmake', '/home/pawan/yahboomcar_ws_test/yahboomcar_ws/src/arm_interface', '-DCMAKE_INSTALL_PREFIX=/home/pawan/yahboomcar_ws_test/yahboomcar_ws/install/arm_interface'], 'cwd': '/home/pawan/yahboomcar_ws_test/yahboomcar_ws/build/arm_interface', 'env': OrderedDict([('LESSOPEN', '| /usr/bin/lesspipe %s'), ('USER', 'pawan'), ('LC_TIME', 'de_DE.UTF-8'), ('XDG_SESSION_TYPE', 'wayland'), ('SHLVL', '1'), ('LD_LIBRARY_PATH', '/home/pawan/yahboomcar_ws_test/yahboomcar_ws/install/arm_interface/lib:/usr/lib/x86_64-linux-gnu/gazebo-11/plugins:/opt/ros/humble/opt/rviz_ogre_vendor/lib:/opt/ros/humble/lib/x86_64-linux-gnu:/opt/ros/humble/lib'), ('HOME', '/home/pawan'), ('OLDPWD', '/home/pawan'), ('DESKTOP_SESSION', 'ubuntu'), ('ROS_PYTHON_VERSION', '3'), ('GNOME_SHELL_SESSION_MODE', 'ubuntu'), ('GTK_MODULES', 'gail:atk-bridge'), ('LC_MONETARY', 'de_DE.UTF-8'), ('SYSTEMD_EXEC_PID', '1897'), ('DBUS_SESSION_BUS_ADDRESS', 'unix:path=/run/user/1000/bus'), ('COLORTERM', 'truecolor'), ('IM_CONFIG_PHASE', '1'), ('WAYLAND_DISPLAY', 'wayland-0'), ('COLCON_PREFIX_PATH', '/home/pawan/yahboomcar_ws_test/yahboomcar_ws/install'), ('ROS_DISTRO', 'humble'), ('LOGNAME', 'pawan'), ('_', '/usr/bin/colcon'), ('ROS_VERSION', '2'), ('XDG_SESSION_CLASS', 'user'), ('USERNAME', 'pawan'), ('TERM', 'xterm-256color'), ('GNOME_DESKTOP_SESSION_ID', 'this-is-deprecated'), ('ROS_LOCALHOST_ONLY', '0'), ('PATH', '/opt/ros/humble/bin:/usr/local/sbin:/usr/local/bin:/usr/sbin:/usr/bin:/sbin:/bin:/usr/games:/usr/local/games:/snap/bin:/snap/bin'), ('SESSION_MANAGER', 'local/pawan-LOQ-15IRX10:@/tmp/.ICE-unix/1867,unix/pawan-LOQ-15IRX10:/tmp/.ICE-unix/1867'), ('XDG_MENU_PREFIX', 'gnome-'), ('LC_ADDRESS', 'de_DE.UTF-8'), ('GNOME_TERMINAL_SCREEN', '/org/gnome/Terminal/screen/32aedc48_c562_46aa_aa1e_22c9eeed477b'), ('GNOME_SETUP_DISPLAY', ':1'), ('XDG_RUNTIME_DIR', '/run/user/1000'), ('DISPLAY', ':0'), ('LANG', 'en_US.UTF-8'), ('XDG_CURRENT_DESKTOP', 'ubuntu:GNOME'), ('LC_TELEPHONE', 'de_DE.UTF-8'), ('XMODIFIERS', '@im=ibus'), ('XDG_SESSION_DESKTOP', 'ubuntu'), ('XAUTHORITY', '/run/user/1000/.mutter-Xwaylandauth.D2N5R3'), ('LS_COLORS', 'rs=0:di=01;34:ln=01;36:mh=00:pi=40;33:so=01;35:do=01;35:bd=40;33;01:cd=40;33;01:or=40;31;01:mi=00:su=37;41:sg=30;43:ca=30;41:tw=30;42:ow=34;42:st=37;44:ex=01;32:*.tar=01;31:*.tgz=01;31:*.arc=01;31:*.arj=01;31:*.taz=01;31:*.lha=01;31:*.lz4=01;31:*.lzh=01;31:*.lzma=01;31:*.tlz=01;31:*.txz=01;31:*.tzo=01;31:*.t7z=01;31:*.zip=01;31:*.z=01;31:*.dz=01;31:*.gz=01;31:*.lrz=01;31:*.lz=01;31:*.lzo=01;31:*.xz=01;31:*.zst=01;31:*.tzst=01;31:*.bz2=01;31:*.bz=01;31:*.tbz=01;31:*.tbz2=01;31:*.tz=01;31:*.deb=01;31:*.rpm=01;31:*.jar=01;31:*.war=01;31:*.ear=01;31:*.sar=01;31:*.rar=01;31:*.alz=01;31:*.ace=01;31:*.zoo=01;31:*.cpio=01;31:*.7z=01;31:*.rz=01;31:*.cab=01;31:*.wim=01;31:*.swm=01;31:*.dwm=01;31:*.esd=01;31:*.jpg=01;35:*.jpeg=01;35:*.mjpg=01;35:*.mjpeg=01;35:*.gif=01;35:*.bmp=01;35:*.pbm=01;35:*.pgm=01;35:*.ppm=01;35:*.tga=01;35:*.xbm=01;35:*.xpm=01;35:*.tif=01;35:*.tiff=01;35:*.png=01;35:*.svg=01;35:*.svgz=01;35:*.mng=01;35:*.pcx=01;35:*.mov=01;35:*.mpg=01;35:*.mpeg=01;35:*.m2v=01;35:*.mkv=01;35:*.webm=01;35:*.webp=01;35:*.ogm=01;35:*.mp4=01;35:*.m4v=01;35:*.mp4v=01;35:*.vob=01;35:*.qt=01;35:*.nuv=01;35:*.wmv=01;35:*.asf=01;35:*.rm=01;35:*.rmvb=01;35:*.flc=01;35:*.avi=01;35:*.fli=01;35:*.flv=01;35:*.gl=01;35:*.dl=01;35:*.xcf=01;35:*.xwd=01;35:*.yuv=01;35:*.cgm=01;35:*.emf=01;35:*.ogv=01;35:*.ogx=01;35:*.aac=00;36:*.au=00;36:*.flac=00;36:*.m4a=00;36:*.mid=00;36:*.midi=00;36:*.mka=00;36:*.mp3=00;36:*.mpc=00;36:*.ogg=00;36:*.ra=00;36:*.wav=00;36:*.oga=00;36:*.opus=00;36:*.spx=00;36:*.xspf=00;36:'), ('GNOME_TERMINAL_SERVICE', ':1.158'), ('SSH_AGENT_LAUNCHER', 'gnome-keyring'), ('SSH_AUTH_SOCK', '/run/user/1000/keyring/ssh'), ('AMENT_PREFIX_PATH', '/home/pawan/yahboomcar_ws_test/yahboomcar_ws/install/arm_interface:/opt/ros/humble'), ('SHELL', '/bin/bash'), ('LC_NAME', 'de_DE.UTF-8'), ('QT_ACCESSIBILITY', '1'), ('GDMSESSION', 'ubuntu'), ('LESSCLOSE', '/usr/bin/lesspipe %s %s'), ('LC_MEASUREMENT', 'de_DE.UTF-8'), ('LC_IDENTIFICATION', 'de_DE.UTF-8'), ('QT_IM_MODULE', 'ibus'), ('PWD', '/home/pawan/yahboomcar_ws_test/yahboomcar_ws/build/arm_interface'), ('LC_ALL', 'en_US.UTF-8'), ('XDG_CONFIG_DIRS', '/etc/xdg/xdg-ubuntu:/etc/xdg'), ('XDG_DATA_DIRS', '/usr/share/ubuntu:/usr/local/share/:/usr/share/:/var/lib/snapd/desktop'), ('PYTHONPATH', '/home/pawan/yahboomcar_ws_test/yahboomcar_ws/install/arm_interface/local/lib/python3.10/dist-packages:/opt/ros/humble/lib/python3.10/site-packages:/opt/ros/humble/local/lib/python3.10/dist-packages'), ('LC_NUMERIC', 'de_DE.UTF-8'), ('LC_PAPER', 'de_DE.UTF-8'), ('COLCON', '1'), ('VTE_VERSION', '6800'), ('CMAKE_PREFIX_PATH', '/home/pawan/yahboomcar_ws_test/yahboomcar_ws/install/arm_interface:/opt/ros/humble')]), 'shell': False}
[0.099888] (-) TimerEvent: {}
[0.200212] (-) TimerEvent: {}
[0.300449] (-) TimerEvent: {}
[0.400720] (-) TimerEvent: {}
[0.501052] (-) TimerEvent: {}
[0.601373] (-) TimerEvent: {}
[0.701714] (-) TimerEvent: {}
[0.711197] (arm_kin) JobProgress: {'identifier': 'arm_kin', 'progress': 'cmake'}
[0.711912] (arm_kin) Command: {'cmd': ['/usr/bin/cmake', '/home/pawan/yahboomcar_ws_test/yahboomcar_ws/src/arm_kin', '-DCMAKE_INSTALL_PREFIX=/home/pawan/yahboomcar_ws_test/yahboomcar_ws/install/arm_kin'], 'cwd': '/home/pawan/yahboomcar_ws_test/yahboomcar_ws/build/arm_kin', 'env': OrderedDict([('LESSOPEN', '| /usr/bin/lesspipe %s'), ('USER', 'pawan'), ('LC_TIME', 'de_DE.UTF-8'), ('XDG_SESSION_TYPE', 'wayland'), ('SHLVL', '1'), ('LD_LIBRARY_PATH', '/home/pawan/yahboomcar_ws_test/yahboomcar_ws/install/arm_interface/lib:/usr/lib/x86_64-linux-gnu/gazebo-11/plugins:/opt/ros/humble/opt/rviz_ogre_vendor/lib:/opt/ros/humble/lib/x86_64-linux-gnu:/opt/ros/humble/lib'), ('HOME', '/home/pawan'), ('OLDPWD', '/home/pawan'), ('DESKTOP_SESSION', 'ubuntu'), ('ROS_PYTHON_VERSION', '3'), ('GNOME_SHELL_SESSION_MODE', 'ubuntu'), ('GTK_MODULES', 'gail:atk-bridge'), ('LC_MONETARY', 'de_DE.UTF-8'), ('SYSTEMD_EXEC_PID', '1897'), ('DBUS_SESSION_BUS_ADDRESS', 'unix:path=/run/user/1000/bus'), ('COLORTERM', 'truecolor'), ('IM_CONFIG_PHASE', '1'), ('WAYLAND_DISPLAY', 'wayland-0'), ('COLCON_PREFIX_PATH', '/home/pawan/yahboomcar_ws_test/yahboomcar_ws/install'), ('ROS_DISTRO', 'humble'), ('LOGNAME', 'pawan'), ('_', '/usr/bin/colcon'), ('ROS_VERSION', '2'), ('XDG_SESSION_CLASS', 'user'), ('USERNAME', 'pawan'), ('TERM', 'xterm-256color'), ('GNOME_DESKTOP_SESSION_ID', 'this-is-deprecated'), ('ROS_LOCALHOST_ONLY', '0'), ('PATH', '/opt/ros/humble/bin:/usr/local/sbin:/usr/local/bin:/usr/sbin:/usr/bin:/sbin:/bin:/usr/games:/usr/local/games:/snap/bin:/snap/bin'), ('SESSION_MANAGER', 'local/pawan-LOQ-15IRX10:@/tmp/.ICE-unix/1867,unix/pawan-LOQ-15IRX10:/tmp/.ICE-unix/1867'), ('XDG_MENU_PREFIX', 'gnome-'), ('LC_ADDRESS', 'de_DE.UTF-8'), ('GNOME_TERMINAL_SCREEN', '/org/gnome/Terminal/screen/32aedc48_c562_46aa_aa1e_22c9eeed477b'), ('GNOME_SETUP_DISPLAY', ':1'), ('XDG_RUNTIME_DIR', '/run/user/1000'), ('DISPLAY', ':0'), ('LANG', 'en_US.UTF-8'), ('XDG_CURRENT_DESKTOP', 'ubuntu:GNOME'), ('LC_TELEPHONE', 'de_DE.UTF-8'), ('XMODIFIERS', '@im=ibus'), ('XDG_SESSION_DESKTOP', 'ubuntu'), ('XAUTHORITY', '/run/user/1000/.mutter-Xwaylandauth.D2N5R3'), ('LS_COLORS', 'rs=0:di=01;34:ln=01;36:mh=00:pi=40;33:so=01;35:do=01;35:bd=40;33;01:cd=40;33;01:or=40;31;01:mi=00:su=37;41:sg=30;43:ca=30;41:tw=30;42:ow=34;42:st=37;44:ex=01;32:*.tar=01;31:*.tgz=01;31:*.arc=01;31:*.arj=01;31:*.taz=01;31:*.lha=01;31:*.lz4=01;31:*.lzh=01;31:*.lzma=01;31:*.tlz=01;31:*.txz=01;31:*.tzo=01;31:*.t7z=01;31:*.zip=01;31:*.z=01;31:*.dz=01;31:*.gz=01;31:*.lrz=01;31:*.lz=01;31:*.lzo=01;31:*.xz=01;31:*.zst=01;31:*.tzst=01;31:*.bz2=01;31:*.bz=01;31:*.tbz=01;31:*.tbz2=01;31:*.tz=01;31:*.deb=01;31:*.rpm=01;31:*.jar=01;31:*.war=01;31:*.ear=01;31:*.sar=01;31:*.rar=01;31:*.alz=01;31:*.ace=01;31:*.zoo=01;31:*.cpio=01;31:*.7z=01;31:*.rz=01;31:*.cab=01;31:*.wim=01;31:*.swm=01;31:*.dwm=01;31:*.esd=01;31:*.jpg=01;35:*.jpeg=01;35:*.mjpg=01;35:*.mjpeg=01;35:*.gif=01;35:*.bmp=01;35:*.pbm=01;35:*.pgm=01;35:*.ppm=01;35:*.tga=01;35:*.xbm=01;35:*.xpm=01;35:*.tif=01;35:*.tiff=01;35:*.png=01;35:*.svg=01;35:*.svgz=01;35:*.mng=01;35:*.pcx=01;35:*.mov=01;35:*.mpg=01;35:*.mpeg=01;35:*.m2v=01;35:*.mkv=01;35:*.webm=01;35:*.webp=01;35:*.ogm=01;35:*.mp4=01;35:*.m4v=01;35:*.mp4v=01;35:*.vob=01;35:*.qt=01;35:*.nuv=01;35:*.wmv=01;35:*.asf=01;35:*.rm=01;35:*.rmvb=01;35:*.flc=01;35:*.avi=01;35:*.fli=01;35:*.flv=01;35:*.gl=01;35:*.dl=01;35:*.xcf=01;35:*.xwd=01;35:*.yuv=01;35:*.cgm=01;35:*.emf=01;35:*.ogv=01;35:*.ogx=01;35:*.aac=00;36:*.au=00;36:*.flac=00;36:*.m4a=00;36:*.mid=00;36:*.midi=00;36:*.mka=00;36:*.mp3=00;36:*.mpc=00;36:*.ogg=00;36:*.ra=00;36:*.wav=00;36:*.oga=00;36:*.opus=00;36:*.spx=00;36:*.xspf=00;36:'), ('GNOME_TERMINAL_SERVICE', ':1.158'), ('SSH_AGENT_LAUNCHER', 'gnome-keyring'), ('SSH_AUTH_SOCK', '/run/user/1000/keyring/ssh'), ('AMENT_PREFIX_PATH', '/home/pawan/yahboomcar_ws_test/yahboomcar_ws/install/arm_interface:/opt/ros/humble'), ('SHELL', '/bin/bash'), ('LC_NAME', 'de_DE.UTF-8'), ('QT_ACCESSIBILITY', '1'), ('GDMSESSION', 'ubuntu'), ('LESSCLOSE', '/usr/bin/lesspipe %s %s'), ('LC_MEASUREMENT', 'de_DE.UTF-8'), ('LC_IDENTIFICATION', 'de_DE.UTF-8'), ('QT_IM_MODULE', 'ibus'), ('PWD', '/home/pawan/yahboomcar_ws_test/yahboomcar_ws/build/arm_kin'), ('LC_ALL', 'en_US.UTF-8'), ('XDG_CONFIG_DIRS', '/etc/xdg/xdg-ubuntu:/etc/xdg'), ('XDG_DATA_DIRS', '/usr/share/ubuntu:/usr/local/share/:/usr/share/:/var/lib/snapd/desktop'), ('PYTHONPATH', '/home/pawan/yahboomcar_ws_test/yahboomcar_ws/install/arm_interface/local/lib/python3.10/dist-packages:/opt/ros/humble/lib/python3.10/site-packages:/opt/ros/humble/local/lib/python3.10/dist-packages'), ('LC_NUMERIC', 'de_DE.UTF-8'), ('LC_PAPER', 'de_DE.UTF-8'), ('COLCON', '1'), ('VTE_VERSION', '6800'), ('CMAKE_PREFIX_PATH', '/home/pawan/yahboomcar_ws_test/yahboomcar_ws/install/arm_interface:/opt/ros/humble')]), 'shell': False}
[0.712600] (arm_msgs) JobProgress: {'identifier': 'arm_msgs', 'progress': 'cmake'}
[0.713460] (arm_msgs) Command: {'cmd': ['/usr/bin/cmake', '/home/pawan/yahboomcar_ws_test/yahboomcar_ws/src/arm_msgs', '-DCMAKE_INSTALL_PREFIX=/home/pawan/yahboomcar_ws_test/yahboomcar_ws/install/arm_msgs'], 'cwd': '/home/pawan/yahboomcar_ws_test/yahboomcar_ws/build/arm_msgs', 'env': OrderedDict([('LESSOPEN', '| /usr/bin/lesspipe %s'), ('USER', 'pawan'), ('LC_TIME', 'de_DE.UTF-8'), ('XDG_SESSION_TYPE', 'wayland'), ('SHLVL', '1'), ('LD_LIBRARY_PATH', '/home/pawan/yahboomcar_ws_test/yahboomcar_ws/install/arm_interface/lib:/usr/lib/x86_64-linux-gnu/gazebo-11/plugins:/opt/ros/humble/opt/rviz_ogre_vendor/lib:/opt/ros/humble/lib/x86_64-linux-gnu:/opt/ros/humble/lib'), ('HOME', '/home/pawan'), ('OLDPWD', '/home/pawan'), ('DESKTOP_SESSION', 'ubuntu'), ('ROS_PYTHON_VERSION', '3'), ('GNOME_SHELL_SESSION_MODE', 'ubuntu'), ('GTK_MODULES', 'gail:atk-bridge'), ('LC_MONETARY', 'de_DE.UTF-8'), ('SYSTEMD_EXEC_PID', '1897'), ('DBUS_SESSION_BUS_ADDRESS', 'unix:path=/run/user/1000/bus'), ('COLORTERM', 'truecolor'), ('IM_CONFIG_PHASE', '1'), ('WAYLAND_DISPLAY', 'wayland-0'), ('COLCON_PREFIX_PATH', '/home/pawan/yahboomcar_ws_test/yahboomcar_ws/install'), ('ROS_DISTRO', 'humble'), ('LOGNAME', 'pawan'), ('_', '/usr/bin/colcon'), ('ROS_VERSION', '2'), ('XDG_SESSION_CLASS', 'user'), ('USERNAME', 'pawan'), ('TERM', 'xterm-256color'), ('GNOME_DESKTOP_SESSION_ID', 'this-is-deprecated'), ('ROS_LOCALHOST_ONLY', '0'), ('PATH', '/opt/ros/humble/bin:/usr/local/sbin:/usr/local/bin:/usr/sbin:/usr/bin:/sbin:/bin:/usr/games:/usr/local/games:/snap/bin:/snap/bin'), ('SESSION_MANAGER', 'local/pawan-LOQ-15IRX10:@/tmp/.ICE-unix/1867,unix/pawan-LOQ-15IRX10:/tmp/.ICE-unix/1867'), ('XDG_MENU_PREFIX', 'gnome-'), ('LC_ADDRESS', 'de_DE.UTF-8'), ('GNOME_TERMINAL_SCREEN', '/org/gnome/Terminal/screen/32aedc48_c562_46aa_aa1e_22c9eeed477b'), ('GNOME_SETUP_DISPLAY', ':1'), ('XDG_RUNTIME_DIR', '/run/user/1000'), ('DISPLAY', ':0'), ('LANG', 'en_US.UTF-8'), ('XDG_CURRENT_DESKTOP', 'ubuntu:GNOME'), ('LC_TELEPHONE', 'de_DE.UTF-8'), ('XMODIFIERS', '@im=ibus'), ('XDG_SESSION_DESKTOP', 'ubuntu'), ('XAUTHORITY', '/run/user/1000/.mutter-Xwaylandauth.D2N5R3'), ('LS_COLORS', 'rs=0:di=01;34:ln=01;36:mh=00:pi=40;33:so=01;35:do=01;35:bd=40;33;01:cd=40;33;01:or=40;31;01:mi=00:su=37;41:sg=30;43:ca=30;41:tw=30;42:ow=34;42:st=37;44:ex=01;32:*.tar=01;31:*.tgz=01;31:*.arc=01;31:*.arj=01;31:*.taz=01;31:*.lha=01;31:*.lz4=01;31:*.lzh=01;31:*.lzma=01;31:*.tlz=01;31:*.txz=01;31:*.tzo=01;31:*.t7z=01;31:*.zip=01;31:*.z=01;31:*.dz=01;31:*.gz=01;31:*.lrz=01;31:*.lz=01;31:*.lzo=01;31:*.xz=01;31:*.zst=01;31:*.tzst=01;31:*.bz2=01;31:*.bz=01;31:*.tbz=01;31:*.tbz2=01;31:*.tz=01;31:*.deb=01;31:*.rpm=01;31:*.jar=01;31:*.war=01;31:*.ear=01;31:*.sar=01;31:*.rar=01;31:*.alz=01;31:*.ace=01;31:*.zoo=01;31:*.cpio=01;31:*.7z=01;31:*.rz=01;31:*.cab=01;31:*.wim=01;31:*.swm=01;31:*.dwm=01;31:*.esd=01;31:*.jpg=01;35:*.jpeg=01;35:*.mjpg=01;35:*.mjpeg=01;35:*.gif=01;35:*.bmp=01;35:*.pbm=01;35:*.pgm=01;35:*.ppm=01;35:*.tga=01;35:*.xbm=01;35:*.xpm=01;35:*.tif=01;35:*.tiff=01;35:*.png=01;35:*.svg=01;35:*.svgz=01;35:*.mng=01;35:*.pcx=01;35:*.mov=01;35:*.mpg=01;35:*.mpeg=01;35:*.m2v=01;35:*.mkv=01;35:*.webm=01;35:*.webp=01;35:*.ogm=01;35:*.mp4=01;35:*.m4v=01;35:*.mp4v=01;35:*.vob=01;35:*.qt=01;35:*.nuv=01;35:*.wmv=01;35:*.asf=01;35:*.rm=01;35:*.rmvb=01;35:*.flc=01;35:*.avi=01;35:*.fli=01;35:*.flv=01;35:*.gl=01;35:*.dl=01;35:*.xcf=01;35:*.xwd=01;35:*.yuv=01;35:*.cgm=01;35:*.emf=01;35:*.ogv=01;35:*.ogx=01;35:*.aac=00;36:*.au=00;36:*.flac=00;36:*.m4a=00;36:*.mid=00;36:*.midi=00;36:*.mka=00;36:*.mp3=00;36:*.mpc=00;36:*.ogg=00;36:*.ra=00;36:*.wav=00;36:*.oga=00;36:*.opus=00;36:*.spx=00;36:*.xspf=00;36:'), ('GNOME_TERMINAL_SERVICE', ':1.158'), ('SSH_AGENT_LAUNCHER', 'gnome-keyring'), ('SSH_AUTH_SOCK', '/run/user/1000/keyring/ssh'), ('AMENT_PREFIX_PATH', '/home/pawan/yahboomcar_ws_test/yahboomcar_ws/install/arm_interface:/opt/ros/humble'), ('SHELL', '/bin/bash'), ('LC_NAME', 'de_DE.UTF-8'), ('QT_ACCESSIBILITY', '1'), ('GDMSESSION', 'ubuntu'), ('LESSCLOSE', '/usr/bin/lesspipe %s %s'), ('LC_MEASUREMENT', 'de_DE.UTF-8'), ('LC_IDENTIFICATION', 'de_DE.UTF-8'), ('QT_IM_MODULE', 'ibus'), ('PWD', '/home/pawan/yahboomcar_ws_test/yahboomcar_ws/build/arm_msgs'), ('LC_ALL', 'en_US.UTF-8'), ('XDG_CONFIG_DIRS', '/etc/xdg/xdg-ubuntu:/etc/xdg'), ('XDG_DATA_DIRS', '/usr/share/ubuntu:/usr/local/share/:/usr/share/:/var/lib/snapd/desktop'), ('PYTHONPATH', '/home/pawan/yahboomcar_ws_test/yahboomcar_ws/install/arm_interface/local/lib/python3.10/dist-packages:/opt/ros/humble/lib/python3.10/site-packages:/opt/ros/humble/local/lib/python3.10/dist-packages'), ('LC_NUMERIC', 'de_DE.UTF-8'), ('LC_PAPER', 'de_DE.UTF-8'), ('COLCON', '1'), ('VTE_VERSION', '6800'), ('CMAKE_PREFIX_PATH', '/home/pawan/yahboomcar_ws_test/yahboomcar_ws/install/arm_interface:/opt/ros/humble')]), 'shell': False}
[0.714622] (test_config) JobProgress: {'identifier': 'test_config', 'progress': 'cmake'}
[0.714653] (test_config) Command: {'cmd': ['/usr/bin/cmake', '/home/pawan/yahboomcar_ws_test/yahboomcar_ws/src/test_config', '-DCMAKE_INSTALL_PREFIX=/home/pawan/yahboomcar_ws_test/yahboomcar_ws/install/test_config'], 'cwd': '/home/pawan/yahboomcar_ws_test/yahboomcar_ws/build/test_config', 'env': OrderedDict([('LESSOPEN', '| /usr/bin/lesspipe %s'), ('USER', 'pawan'), ('LC_TIME', 'de_DE.UTF-8'), ('XDG_SESSION_TYPE', 'wayland'), ('SHLVL', '1'), ('LD_LIBRARY_PATH', '/home/pawan/yahboomcar_ws_test/yahboomcar_ws/install/arm_interface/lib:/usr/lib/x86_64-linux-gnu/gazebo-11/plugins:/opt/ros/humble/opt/rviz_ogre_vendor/lib:/opt/ros/humble/lib/x86_64-linux-gnu:/opt/ros/humble/lib'), ('HOME', '/home/pawan'), ('OLDPWD', '/home/pawan'), ('DESKTOP_SESSION', 'ubuntu'), ('ROS_PYTHON_VERSION', '3'), ('GNOME_SHELL_SESSION_MODE', 'ubuntu'), ('GTK_MODULES', 'gail:atk-bridge'), ('LC_MONETARY', 'de_DE.UTF-8'), ('SYSTEMD_EXEC_PID', '1897'), ('DBUS_SESSION_BUS_ADDRESS', 'unix:path=/run/user/1000/bus'), ('COLORTERM', 'truecolor'), ('IM_CONFIG_PHASE', '1'), ('WAYLAND_DISPLAY', 'wayland-0'), ('COLCON_PREFIX_PATH', '/home/pawan/yahboomcar_ws_test/yahboomcar_ws/install'), ('ROS_DISTRO', 'humble'), ('LOGNAME', 'pawan'), ('_', '/usr/bin/colcon'), ('ROS_VERSION', '2'), ('XDG_SESSION_CLASS', 'user'), ('USERNAME', 'pawan'), ('TERM', 'xterm-256color'), ('GNOME_DESKTOP_SESSION_ID', 'this-is-deprecated'), ('ROS_LOCALHOST_ONLY', '0'), ('PATH', '/opt/ros/humble/bin:/usr/local/sbin:/usr/local/bin:/usr/sbin:/usr/bin:/sbin:/bin:/usr/games:/usr/local/games:/snap/bin:/snap/bin'), ('SESSION_MANAGER', 'local/pawan-LOQ-15IRX10:@/tmp/.ICE-unix/1867,unix/pawan-LOQ-15IRX10:/tmp/.ICE-unix/1867'), ('XDG_MENU_PREFIX', 'gnome-'), ('LC_ADDRESS', 'de_DE.UTF-8'), ('GNOME_TERMINAL_SCREEN', '/org/gnome/Terminal/screen/32aedc48_c562_46aa_aa1e_22c9eeed477b'), ('GNOME_SETUP_DISPLAY', ':1'), ('XDG_RUNTIME_DIR', '/run/user/1000'), ('DISPLAY', ':0'), ('LANG', 'en_US.UTF-8'), ('XDG_CURRENT_DESKTOP', 'ubuntu:GNOME'), ('LC_TELEPHONE', 'de_DE.UTF-8'), ('XMODIFIERS', '@im=ibus'), ('XDG_SESSION_DESKTOP', 'ubuntu'), ('XAUTHORITY', '/run/user/1000/.mutter-Xwaylandauth.D2N5R3'), ('LS_COLORS', 'rs=0:di=01;34:ln=01;36:mh=00:pi=40;33:so=01;35:do=01;35:bd=40;33;01:cd=40;33;01:or=40;31;01:mi=00:su=37;41:sg=30;43:ca=30;41:tw=30;42:ow=34;42:st=37;44:ex=01;32:*.tar=01;31:*.tgz=01;31:*.arc=01;31:*.arj=01;31:*.taz=01;31:*.lha=01;31:*.lz4=01;31:*.lzh=01;31:*.lzma=01;31:*.tlz=01;31:*.txz=01;31:*.tzo=01;31:*.t7z=01;31:*.zip=01;31:*.z=01;31:*.dz=01;31:*.gz=01;31:*.lrz=01;31:*.lz=01;31:*.lzo=01;31:*.xz=01;31:*.zst=01;31:*.tzst=01;31:*.bz2=01;31:*.bz=01;31:*.tbz=01;31:*.tbz2=01;31:*.tz=01;31:*.deb=01;31:*.rpm=01;31:*.jar=01;31:*.war=01;31:*.ear=01;31:*.sar=01;31:*.rar=01;31:*.alz=01;31:*.ace=01;31:*.zoo=01;31:*.cpio=01;31:*.7z=01;31:*.rz=01;31:*.cab=01;31:*.wim=01;31:*.swm=01;31:*.dwm=01;31:*.esd=01;31:*.jpg=01;35:*.jpeg=01;35:*.mjpg=01;35:*.mjpeg=01;35:*.gif=01;35:*.bmp=01;35:*.pbm=01;35:*.pgm=01;35:*.ppm=01;35:*.tga=01;35:*.xbm=01;35:*.xpm=01;35:*.tif=01;35:*.tiff=01;35:*.png=01;35:*.svg=01;35:*.svgz=01;35:*.mng=01;35:*.pcx=01;35:*.mov=01;35:*.mpg=01;35:*.mpeg=01;35:*.m2v=01;35:*.mkv=01;35:*.webm=01;35:*.webp=01;35:*.ogm=01;35:*.mp4=01;35:*.m4v=01;35:*.mp4v=01;35:*.vob=01;35:*.qt=01;35:*.nuv=01;35:*.wmv=01;35:*.asf=01;35:*.rm=01;35:*.rmvb=01;35:*.flc=01;35:*.avi=01;35:*.fli=01;35:*.flv=01;35:*.gl=01;35:*.dl=01;35:*.xcf=01;35:*.xwd=01;35:*.yuv=01;35:*.cgm=01;35:*.emf=01;35:*.ogv=01;35:*.ogx=01;35:*.aac=00;36:*.au=00;36:*.flac=00;36:*.m4a=00;36:*.mid=00;36:*.midi=00;36:*.mka=00;36:*.mp3=00;36:*.mpc=00;36:*.ogg=00;36:*.ra=00;36:*.wav=00;36:*.oga=00;36:*.opus=00;36:*.spx=00;36:*.xspf=00;36:'), ('GNOME_TERMINAL_SERVICE', ':1.158'), ('SSH_AGENT_LAUNCHER', 'gnome-keyring'), ('SSH_AUTH_SOCK', '/run/user/1000/keyring/ssh'), ('AMENT_PREFIX_PATH', '/home/pawan/yahboomcar_ws_test/yahboomcar_ws/install/arm_interface:/opt/ros/humble'), ('SHELL', '/bin/bash'), ('LC_NAME', 'de_DE.UTF-8'), ('QT_ACCESSIBILITY', '1'), ('GDMSESSION', 'ubuntu'), ('LESSCLOSE', '/usr/bin/lesspipe %s %s'), ('LC_MEASUREMENT', 'de_DE.UTF-8'), ('LC_IDENTIFICATION', 'de_DE.UTF-8'), ('QT_IM_MODULE', 'ibus'), ('PWD', '/home/pawan/yahboomcar_ws_test/yahboomcar_ws/build/test_config'), ('LC_ALL', 'en_US.UTF-8'), ('XDG_CONFIG_DIRS', '/etc/xdg/xdg-ubuntu:/etc/xdg'), ('XDG_DATA_DIRS', '/usr/share/ubuntu:/usr/local/share/:/usr/share/:/var/lib/snapd/desktop'), ('PYTHONPATH', '/home/pawan/yahboomcar_ws_test/yahboomcar_ws/install/arm_interface/local/lib/python3.10/dist-packages:/opt/ros/humble/lib/python3.10/site-packages:/opt/ros/humble/local/lib/python3.10/dist-packages'), ('LC_NUMERIC', 'de_DE.UTF-8'), ('LC_PAPER', 'de_DE.UTF-8'), ('COLCON', '1'), ('VTE_VERSION', '6800'), ('CMAKE_PREFIX_PATH', '/home/pawan/yahboomcar_ws_test/yahboomcar_ws/install/arm_interface:/opt/ros/humble')]), 'shell': False}
[0.801853] (-) TimerEvent: {}
[0.902223] (-) TimerEvent: {}
[1.002577] (-) TimerEvent: {}
[1.102952] (-) TimerEvent: {}
[1.202462] (yahboomcar_msgs) JobProgress: {'identifier': 'yahboomcar_msgs', 'progress': 'cmake'}
[1.202877] (yahboomcar_msgs) Command: {'cmd': ['/usr/bin/cmake', '/home/pawan/yahboomcar_ws_test/yahboomcar_ws/src/yahboomcar_msgs', '-DCMAKE_INSTALL_PREFIX=/home/pawan/yahboomcar_ws_test/yahboomcar_ws/install/yahboomcar_msgs'], 'cwd': '/home/pawan/yahboomcar_ws_test/yahboomcar_ws/build/yahboomcar_msgs', 'env': OrderedDict([('LESSOPEN', '| /usr/bin/lesspipe %s'), ('USER', 'pawan'), ('LC_TIME', 'de_DE.UTF-8'), ('XDG_SESSION_TYPE', 'wayland'), ('SHLVL', '1'), ('LD_LIBRARY_PATH', '/home/pawan/yahboomcar_ws_test/yahboomcar_ws/install/arm_interface/lib:/usr/lib/x86_64-linux-gnu/gazebo-11/plugins:/opt/ros/humble/opt/rviz_ogre_vendor/lib:/opt/ros/humble/lib/x86_64-linux-gnu:/opt/ros/humble/lib'), ('HOME', '/home/pawan'), ('OLDPWD', '/home/pawan'), ('DESKTOP_SESSION', 'ubuntu'), ('ROS_PYTHON_VERSION', '3'), ('GNOME_SHELL_SESSION_MODE', 'ubuntu'), ('GTK_MODULES', 'gail:atk-bridge'), ('LC_MONETARY', 'de_DE.UTF-8'), ('SYSTEMD_EXEC_PID', '1897'), ('DBUS_SESSION_BUS_ADDRESS', 'unix:path=/run/user/1000/bus'), ('COLORTERM', 'truecolor'), ('IM_CONFIG_PHASE', '1'), ('WAYLAND_DISPLAY', 'wayland-0'), ('COLCON_PREFIX_PATH', '/home/pawan/yahboomcar_ws_test/yahboomcar_ws/install'), ('ROS_DISTRO', 'humble'), ('LOGNAME', 'pawan'), ('_', '/usr/bin/colcon'), ('ROS_VERSION', '2'), ('XDG_SESSION_CLASS', 'user'), ('USERNAME', 'pawan'), ('TERM', 'xterm-256color'), ('GNOME_DESKTOP_SESSION_ID', 'this-is-deprecated'), ('ROS_LOCALHOST_ONLY', '0'), ('PATH', '/opt/ros/humble/bin:/usr/local/sbin:/usr/local/bin:/usr/sbin:/usr/bin:/sbin:/bin:/usr/games:/usr/local/games:/snap/bin:/snap/bin'), ('SESSION_MANAGER', 'local/pawan-LOQ-15IRX10:@/tmp/.ICE-unix/1867,unix/pawan-LOQ-15IRX10:/tmp/.ICE-unix/1867'), ('XDG_MENU_PREFIX', 'gnome-'), ('LC_ADDRESS', 'de_DE.UTF-8'), ('GNOME_TERMINAL_SCREEN', '/org/gnome/Terminal/screen/32aedc48_c562_46aa_aa1e_22c9eeed477b'), ('GNOME_SETUP_DISPLAY', ':1'), ('XDG_RUNTIME_DIR', '/run/user/1000'), ('DISPLAY', ':0'), ('LANG', 'en_US.UTF-8'), ('XDG_CURRENT_DESKTOP', 'ubuntu:GNOME'), ('LC_TELEPHONE', 'de_DE.UTF-8'), ('XMODIFIERS', '@im=ibus'), ('XDG_SESSION_DESKTOP', 'ubuntu'), ('XAUTHORITY', '/run/user/1000/.mutter-Xwaylandauth.D2N5R3'), ('LS_COLORS', 'rs=0:di=01;34:ln=01;36:mh=00:pi=40;33:so=01;35:do=01;35:bd=40;33;01:cd=40;33;01:or=40;31;01:mi=00:su=37;41:sg=30;43:ca=30;41:tw=30;42:ow=34;42:st=37;44:ex=01;32:*.tar=01;31:*.tgz=01;31:*.arc=01;31:*.arj=01;31:*.taz=01;31:*.lha=01;31:*.lz4=01;31:*.lzh=01;31:*.lzma=01;31:*.tlz=01;31:*.txz=01;31:*.tzo=01;31:*.t7z=01;31:*.zip=01;31:*.z=01;31:*.dz=01;31:*.gz=01;31:*.lrz=01;31:*.lz=01;31:*.lzo=01;31:*.xz=01;31:*.zst=01;31:*.tzst=01;31:*.bz2=01;31:*.bz=01;31:*.tbz=01;31:*.tbz2=01;31:*.tz=01;31:*.deb=01;31:*.rpm=01;31:*.jar=01;31:*.war=01;31:*.ear=01;31:*.sar=01;31:*.rar=01;31:*.alz=01;31:*.ace=01;31:*.zoo=01;31:*.cpio=01;31:*.7z=01;31:*.rz=01;31:*.cab=01;31:*.wim=01;31:*.swm=01;31:*.dwm=01;31:*.esd=01;31:*.jpg=01;35:*.jpeg=01;35:*.mjpg=01;35:*.mjpeg=01;35:*.gif=01;35:*.bmp=01;35:*.pbm=01;35:*.pgm=01;35:*.ppm=01;35:*.tga=01;35:*.xbm=01;35:*.xpm=01;35:*.tif=01;35:*.tiff=01;35:*.png=01;35:*.svg=01;35:*.svgz=01;35:*.mng=01;35:*.pcx=01;35:*.mov=01;35:*.mpg=01;35:*.mpeg=01;35:*.m2v=01;35:*.mkv=01;35:*.webm=01;35:*.webp=01;35:*.ogm=01;35:*.mp4=01;35:*.m4v=01;35:*.mp4v=01;35:*.vob=01;35:*.qt=01;35:*.nuv=01;35:*.wmv=01;35:*.asf=01;35:*.rm=01;35:*.rmvb=01;35:*.flc=01;35:*.avi=01;35:*.fli=01;35:*.flv=01;35:*.gl=01;35:*.dl=01;35:*.xcf=01;35:*.xwd=01;35:*.yuv=01;35:*.cgm=01;35:*.emf=01;35:*.ogv=01;35:*.ogx=01;35:*.aac=00;36:*.au=00;36:*.flac=00;36:*.m4a=00;36:*.mid=00;36:*.midi=00;36:*.mka=00;36:*.mp3=00;36:*.mpc=00;36:*.ogg=00;36:*.ra=00;36:*.wav=00;36:*.oga=00;36:*.opus=00;36:*.spx=00;36:*.xspf=00;36:'), ('GNOME_TERMINAL_SERVICE', ':1.158'), ('SSH_AGENT_LAUNCHER', 'gnome-keyring'), ('SSH_AUTH_SOCK', '/run/user/1000/keyring/ssh'), ('AMENT_PREFIX_PATH', '/home/pawan/yahboomcar_ws_test/yahboomcar_ws/install/arm_interface:/opt/ros/humble'), ('SHELL', '/bin/bash'), ('LC_NAME', 'de_DE.UTF-8'), ('QT_ACCESSIBILITY', '1'), ('GDMSESSION', 'ubuntu'), ('LESSCLOSE', '/usr/bin/lesspipe %s %s'), ('LC_MEASUREMENT', 'de_DE.UTF-8'), ('LC_IDENTIFICATION', 'de_DE.UTF-8'), ('QT_IM_MODULE', 'ibus'), ('PWD', '/home/pawan/yahboomcar_ws_test/yahboomcar_ws/build/yahboomcar_msgs'), ('LC_ALL', 'en_US.UTF-8'), ('XDG_CONFIG_DIRS', '/etc/xdg/xdg-ubuntu:/etc/xdg'), ('XDG_DATA_DIRS', '/usr/share/ubuntu:/usr/local/share/:/usr/share/:/var/lib/snapd/desktop'), ('PYTHONPATH', '/home/pawan/yahboomcar_ws_test/yahboomcar_ws/install/arm_interface/local/lib/python3.10/dist-packages:/opt/ros/humble/lib/python3.10/site-packages:/opt/ros/humble/local/lib/python3.10/dist-packages'), ('LC_NUMERIC', 'de_DE.UTF-8'), ('LC_PAPER', 'de_DE.UTF-8'), ('COLCON', '1'), ('VTE_VERSION', '6800'), ('CMAKE_PREFIX_PATH', '/home/pawan/yahboomcar_ws_test/yahboomcar_ws/install/arm_interface:/opt/ros/humble')]), 'shell': False}
[1.204360] (-) TimerEvent: {}
[1.204555] (arm_interface) StdoutLine: {'line': b'-- The C compiler identification is GNU 11.4.0\n'}
[1.204856] (arm_interface) StdoutLine: {'line': b'-- The CXX compiler identification is GNU 11.4.0\n'}
[1.204926] (arm_interface) StdoutLine: {'line': b'-- Detecting C compiler ABI info\n'}
[1.204957] (arm_interface) StdoutLine: {'line': b'-- Detecting C compiler ABI info - done\n'}
[1.204986] (arm_interface) StdoutLine: {'line': b'-- Check for working C compiler: /usr/bin/cc - skipped\n'}
[1.205015] (arm_interface) StdoutLine: {'line': b'-- Detecting C compile features\n'}
[1.205044] (arm_interface) StdoutLine: {'line': b'-- Detecting C compile features - done\n'}
[1.205072] (arm_interface) StdoutLine: {'line': b'-- Detecting CXX compiler ABI info\n'}
[1.205100] (arm_interface) StdoutLine: {'line': b'-- Detecting CXX compiler ABI info - done\n'}
[1.205127] (arm_interface) StdoutLine: {'line': b'-- Check for working CXX compiler: /usr/bin/c++ - skipped\n'}
[1.205155] (arm_interface) StdoutLine: {'line': b'-- Detecting CXX compile features\n'}
[1.205185] (arm_interface) StdoutLine: {'line': b'-- Detecting CXX compile features - done\n'}
[1.205217] (arm_interface) StdoutLine: {'line': b'-- Found ament_cmake: 1.3.14 (/opt/ros/humble/share/ament_cmake/cmake)\n'}
[1.205246] (arm_interface) StdoutLine: {'line': b'-- Found Python3: /usr/bin/python3 (found version "3.10.12") found components: Interpreter \n'}
[1.205274] (arm_interface) StdoutLine: {'line': b'-- Found rclcpp: 16.0.19 (/opt/ros/humble/share/rclcpp/cmake)\n'}
[1.205301] (arm_interface) StdoutLine: {'line': b'-- Found rosidl_generator_c: 3.1.8 (/opt/ros/humble/share/rosidl_generator_c/cmake)\n'}
[1.205329] (arm_interface) StdoutLine: {'line': b'-- Found rosidl_adapter: 3.1.8 (/opt/ros/humble/share/rosidl_adapter/cmake)\n'}
[1.205357] (arm_interface) StdoutLine: {'line': b'-- Found rosidl_generator_cpp: 3.1.8 (/opt/ros/humble/share/rosidl_generator_cpp/cmake)\n'}
[1.205384] (arm_interface) StdoutLine: {'line': b'-- Using all available rosidl_typesupport_c: rosidl_typesupport_fastrtps_c;rosidl_typesupport_introspection_c\n'}
[1.205411] (arm_interface) StdoutLine: {'line': b'-- Using all available rosidl_typesupport_cpp: rosidl_typesupport_fastrtps_cpp;rosidl_typesupport_introspection_cpp\n'}
[1.205438] (arm_interface) StdoutLine: {'line': b'-- Found rmw_implementation_cmake: 6.1.2 (/opt/ros/humble/share/rmw_implementation_cmake/cmake)\n'}
[1.205465] (arm_interface) StdoutLine: {'line': b'-- Found rmw_fastrtps_cpp: 6.2.10 (/opt/ros/humble/share/rmw_fastrtps_cpp/cmake)\n'}
[1.205492] (arm_interface) StdoutLine: {'line': b'-- Found OpenSSL: /usr/lib/x86_64-linux-gnu/libcrypto.so (found version "3.0.2")  \n'}
[1.205519] (arm_interface) StdoutLine: {'line': b'-- Found FastRTPS: /opt/ros/humble/include  \n'}
[1.205546] (arm_interface) StdoutLine: {'line': b"-- Using RMW implementation 'rmw_fastrtps_cpp' as default\n"}
[1.205573] (arm_interface) StdoutLine: {'line': b'-- Looking for pthread.h\n'}
[1.205600] (arm_interface) StdoutLine: {'line': b'-- Looking for pthread.h - found\n'}
[1.205627] (arm_interface) StdoutLine: {'line': b'-- Performing Test CMAKE_HAVE_LIBC_PTHREAD\n'}
[1.205653] (arm_interface) StdoutLine: {'line': b'-- Performing Test CMAKE_HAVE_LIBC_PTHREAD - Success\n'}
[1.205681] (arm_interface) StdoutLine: {'line': b'-- Found Threads: TRUE  \n'}
[1.205707] (arm_interface) StdoutLine: {'line': b'-- Found rosidl_default_generators: 1.2.1 (/opt/ros/humble/share/rosidl_default_generators/cmake)\n'}
[1.205734] (arm_interface) StdoutLine: {'line': b'-- Found geometry_msgs: 4.9.1 (/opt/ros/humble/share/geometry_msgs/cmake)\n'}
[1.205761] (arm_interface) StdoutLine: {'line': b'-- Found ament_cmake_ros: 0.10.0 (/opt/ros/humble/share/ament_cmake_ros/cmake)\n'}
[1.205964] (arm_kin) StdoutLine: {'line': b'-- The C compiler identification is GNU 11.4.0\n'}
[1.206076] (arm_kin) StdoutLine: {'line': b'-- The CXX compiler identification is GNU 11.4.0\n'}
[1.206107] (arm_kin) StdoutLine: {'line': b'-- Detecting C compiler ABI info\n'}
[1.206135] (arm_kin) StdoutLine: {'line': b'-- Detecting C compiler ABI info - done\n'}
[1.206453] (arm_kin) StdoutLine: {'line': b'-- Check for working C compiler: /usr/bin/cc - skipped\n'}
[1.206678] (arm_kin) StdoutLine: {'line': b'-- Detecting C compile features\n'}
[1.206713] (arm_kin) StdoutLine: {'line': b'-- Detecting C compile features - done\n'}
[1.206744] (arm_kin) StdoutLine: {'line': b'-- Detecting CXX compiler ABI info\n'}
[1.206774] (arm_kin) StdoutLine: {'line': b'-- Detecting CXX compiler ABI info - done\n'}
[1.206802] (arm_kin) StdoutLine: {'line': b'-- Check for working CXX compiler: /usr/bin/c++ - skipped\n'}
[1.206830] (arm_kin) StdoutLine: {'line': b'-- Detecting CXX compile features\n'}
[1.206858] (arm_kin) StdoutLine: {'line': b'-- Detecting CXX compile features - done\n'}
[1.206885] (arm_kin) StdoutLine: {'line': b'-- Found ament_cmake: 1.3.14 (/opt/ros/humble/share/ament_cmake/cmake)\n'}
[1.206913] (arm_kin) StdoutLine: {'line': b'-- Found Python3: /usr/bin/python3 (found version "3.10.12") found components: Interpreter \n'}
[1.206976] (arm_kin) StdoutLine: {'line': b'-- Found rclcpp: 16.0.19 (/opt/ros/humble/share/rclcpp/cmake)\n'}
[1.207156] (arm_kin) StdoutLine: {'line': b'-- Found rosidl_generator_c: 3.1.8 (/opt/ros/humble/share/rosidl_generator_c/cmake)\n'}
[1.207189] (arm_kin) StdoutLine: {'line': b'-- Found rosidl_adapter: 3.1.8 (/opt/ros/humble/share/rosidl_adapter/cmake)\n'}
[1.207220] (arm_kin) StdoutLine: {'line': b'-- Found rosidl_generator_cpp: 3.1.8 (/opt/ros/humble/share/rosidl_generator_cpp/cmake)\n'}
[1.207248] (arm_kin) StdoutLine: {'line': b'-- Using all available rosidl_typesupport_c: rosidl_typesupport_fastrtps_c;rosidl_typesupport_introspection_c\n'}
[1.207277] (arm_msgs) StdoutLine: {'line': b'-- The C compiler identification is GNU 11.4.0\n'}
[1.207510] (arm_msgs) StdoutLine: {'line': b'-- The CXX compiler identification is GNU 11.4.0\n'}
[1.207541] (arm_msgs) StdoutLine: {'line': b'-- Detecting C compiler ABI info\n'}
[1.207570] (arm_msgs) StdoutLine: {'line': b'-- Detecting C compiler ABI info - done\n'}
[1.207596] (arm_msgs) StdoutLine: {'line': b'-- Check for working C compiler: /usr/bin/cc - skipped\n'}
[1.207622] (arm_msgs) StdoutLine: {'line': b'-- Detecting C compile features\n'}
[1.207649] (arm_msgs) StdoutLine: {'line': b'-- Detecting C compile features - done\n'}
[1.207676] (arm_msgs) StdoutLine: {'line': b'-- Detecting CXX compiler ABI info\n'}
[1.207742] (arm_msgs) StdoutLine: {'line': b'-- Detecting CXX compiler ABI info - done\n'}
[1.207770] (arm_msgs) StdoutLine: {'line': b'-- Check for working CXX compiler: /usr/bin/c++ - skipped\n'}
[1.207796] (arm_msgs) StdoutLine: {'line': b'-- Detecting CXX compile features\n'}
[1.207823] (arm_msgs) StdoutLine: {'line': b'-- Detecting CXX compile features - done\n'}
[1.207856] (arm_msgs) StdoutLine: {'line': b'-- Found ament_cmake: 1.3.14 (/opt/ros/humble/share/ament_cmake/cmake)\n'}
[1.207908] (arm_msgs) StdoutLine: {'line': b'-- Found Python3: /usr/bin/python3 (found version "3.10.12") found components: Interpreter \n'}
[1.207935] (arm_msgs) StdoutLine: {'line': b'-- Found rosidl_default_generators: 1.2.1 (/opt/ros/humble/share/rosidl_default_generators/cmake)\n'}
[1.207962] (arm_msgs) StdoutLine: {'line': b'-- Using all available rosidl_typesupport_c: rosidl_typesupport_fastrtps_c;rosidl_typesupport_introspection_c\n'}
[1.207989] (arm_msgs) StdoutLine: {'line': b'-- Found rosidl_adapter: 3.1.8 (/opt/ros/humble/share/rosidl_adapter/cmake)\n'}
[1.208015] (arm_msgs) StdoutLine: {'line': b'-- Using all available rosidl_typesupport_cpp: rosidl_typesupport_fastrtps_cpp;rosidl_typesupport_introspection_cpp\n'}
[1.208043] (test_config) StdoutLine: {'line': b'-- The C compiler identification is GNU 11.4.0\n'}
[1.208153] (test_config) StdoutLine: {'line': b'-- The CXX compiler identification is GNU 11.4.0\n'}
[1.208183] (test_config) StdoutLine: {'line': b'-- Detecting C compiler ABI info\n'}
[1.208214] (test_config) StdoutLine: {'line': b'-- Detecting C compiler ABI info - done\n'}
[1.208242] (test_config) StdoutLine: {'line': b'-- Check for working C compiler: /usr/bin/cc - skipped\n'}
[1.208269] (test_config) StdoutLine: {'line': b'-- Detecting C compile features\n'}
[1.208295] (test_config) StdoutLine: {'line': b'-- Detecting C compile features - done\n'}
[1.208321] (test_config) StdoutLine: {'line': b'-- Detecting CXX compiler ABI info\n'}
[1.208435] (test_config) StdoutLine: {'line': b'-- Detecting CXX compiler ABI info - done\n'}
[1.208465] (test_config) StdoutLine: {'line': b'-- Check for working CXX compiler: /usr/bin/c++ - skipped\n'}
[1.208493] (test_config) StdoutLine: {'line': b'-- Detecting CXX compile features\n'}
[1.208521] (test_config) StdoutLine: {'line': b'-- Detecting CXX compile features - done\n'}
[1.208548] (test_config) StdoutLine: {'line': b'-- Found ament_cmake: 1.3.14 (/opt/ros/humble/share/ament_cmake/cmake)\n'}
[1.208577] (test_config) StdoutLine: {'line': b'-- Found Python3: /usr/bin/python3 (found version "3.10.12") found components: Interpreter \n'}
[1.208604] (test_config) StdoutLine: {'line': b'-- Configuring done\n'}
[1.208657] (test_config) StdoutLine: {'line': b'-- Generating done\n'}
[1.208688] (test_config) StdoutLine: {'line': b'-- Build files have been written to: /home/pawan/yahboomcar_ws_test/yahboomcar_ws/build/test_config\n'}
[1.210325] (test_config) CommandEnded: {'returncode': 0}
[1.210605] (test_config) JobProgress: {'identifier': 'test_config', 'progress': 'build'}
[1.211073] (test_config) Command: {'cmd': ['/usr/bin/cmake', '--build', '/home/pawan/yahboomcar_ws_test/yahboomcar_ws/build/test_config', '--', '-j20', '-l20'], 'cwd': '/home/pawan/yahboomcar_ws_test/yahboomcar_ws/build/test_config', 'env': OrderedDict([('LESSOPEN', '| /usr/bin/lesspipe %s'), ('USER', 'pawan'), ('LC_TIME', 'de_DE.UTF-8'), ('XDG_SESSION_TYPE', 'wayland'), ('SHLVL', '1'), ('LD_LIBRARY_PATH', '/home/pawan/yahboomcar_ws_test/yahboomcar_ws/install/arm_interface/lib:/usr/lib/x86_64-linux-gnu/gazebo-11/plugins:/opt/ros/humble/opt/rviz_ogre_vendor/lib:/opt/ros/humble/lib/x86_64-linux-gnu:/opt/ros/humble/lib'), ('HOME', '/home/pawan'), ('OLDPWD', '/home/pawan'), ('DESKTOP_SESSION', 'ubuntu'), ('ROS_PYTHON_VERSION', '3'), ('GNOME_SHELL_SESSION_MODE', 'ubuntu'), ('GTK_MODULES', 'gail:atk-bridge'), ('LC_MONETARY', 'de_DE.UTF-8'), ('SYSTEMD_EXEC_PID', '1897'), ('DBUS_SESSION_BUS_ADDRESS', 'unix:path=/run/user/1000/bus'), ('COLORTERM', 'truecolor'), ('IM_CONFIG_PHASE', '1'), ('WAYLAND_DISPLAY', 'wayland-0'), ('COLCON_PREFIX_PATH', '/home/pawan/yahboomcar_ws_test/yahboomcar_ws/install'), ('ROS_DISTRO', 'humble'), ('LOGNAME', 'pawan'), ('_', '/usr/bin/colcon'), ('ROS_VERSION', '2'), ('XDG_SESSION_CLASS', 'user'), ('USERNAME', 'pawan'), ('TERM', 'xterm-256color'), ('GNOME_DESKTOP_SESSION_ID', 'this-is-deprecated'), ('ROS_LOCALHOST_ONLY', '0'), ('PATH', '/opt/ros/humble/bin:/usr/local/sbin:/usr/local/bin:/usr/sbin:/usr/bin:/sbin:/bin:/usr/games:/usr/local/games:/snap/bin:/snap/bin'), ('SESSION_MANAGER', 'local/pawan-LOQ-15IRX10:@/tmp/.ICE-unix/1867,unix/pawan-LOQ-15IRX10:/tmp/.ICE-unix/1867'), ('XDG_MENU_PREFIX', 'gnome-'), ('LC_ADDRESS', 'de_DE.UTF-8'), ('GNOME_TERMINAL_SCREEN', '/org/gnome/Terminal/screen/32aedc48_c562_46aa_aa1e_22c9eeed477b'), ('GNOME_SETUP_DISPLAY', ':1'), ('XDG_RUNTIME_DIR', '/run/user/1000'), ('DISPLAY', ':0'), ('LANG', 'en_US.UTF-8'), ('XDG_CURRENT_DESKTOP', 'ubuntu:GNOME'), ('LC_TELEPHONE', 'de_DE.UTF-8'), ('XMODIFIERS', '@im=ibus'), ('XDG_SESSION_DESKTOP', 'ubuntu'), ('XAUTHORITY', '/run/user/1000/.mutter-Xwaylandauth.D2N5R3'), ('LS_COLORS', 'rs=0:di=01;34:ln=01;36:mh=00:pi=40;33:so=01;35:do=01;35:bd=40;33;01:cd=40;33;01:or=40;31;01:mi=00:su=37;41:sg=30;43:ca=30;41:tw=30;42:ow=34;42:st=37;44:ex=01;32:*.tar=01;31:*.tgz=01;31:*.arc=01;31:*.arj=01;31:*.taz=01;31:*.lha=01;31:*.lz4=01;31:*.lzh=01;31:*.lzma=01;31:*.tlz=01;31:*.txz=01;31:*.tzo=01;31:*.t7z=01;31:*.zip=01;31:*.z=01;31:*.dz=01;31:*.gz=01;31:*.lrz=01;31:*.lz=01;31:*.lzo=01;31:*.xz=01;31:*.zst=01;31:*.tzst=01;31:*.bz2=01;31:*.bz=01;31:*.tbz=01;31:*.tbz2=01;31:*.tz=01;31:*.deb=01;31:*.rpm=01;31:*.jar=01;31:*.war=01;31:*.ear=01;31:*.sar=01;31:*.rar=01;31:*.alz=01;31:*.ace=01;31:*.zoo=01;31:*.cpio=01;31:*.7z=01;31:*.rz=01;31:*.cab=01;31:*.wim=01;31:*.swm=01;31:*.dwm=01;31:*.esd=01;31:*.jpg=01;35:*.jpeg=01;35:*.mjpg=01;35:*.mjpeg=01;35:*.gif=01;35:*.bmp=01;35:*.pbm=01;35:*.pgm=01;35:*.ppm=01;35:*.tga=01;35:*.xbm=01;35:*.xpm=01;35:*.tif=01;35:*.tiff=01;35:*.png=01;35:*.svg=01;35:*.svgz=01;35:*.mng=01;35:*.pcx=01;35:*.mov=01;35:*.mpg=01;35:*.mpeg=01;35:*.m2v=01;35:*.mkv=01;35:*.webm=01;35:*.webp=01;35:*.ogm=01;35:*.mp4=01;35:*.m4v=01;35:*.mp4v=01;35:*.vob=01;35:*.qt=01;35:*.nuv=01;35:*.wmv=01;35:*.asf=01;35:*.rm=01;35:*.rmvb=01;35:*.flc=01;35:*.avi=01;35:*.fli=01;35:*.flv=01;35:*.gl=01;35:*.dl=01;35:*.xcf=01;35:*.xwd=01;35:*.yuv=01;35:*.cgm=01;35:*.emf=01;35:*.ogv=01;35:*.ogx=01;35:*.aac=00;36:*.au=00;36:*.flac=00;36:*.m4a=00;36:*.mid=00;36:*.midi=00;36:*.mka=00;36:*.mp3=00;36:*.mpc=00;36:*.ogg=00;36:*.ra=00;36:*.wav=00;36:*.oga=00;36:*.opus=00;36:*.spx=00;36:*.xspf=00;36:'), ('GNOME_TERMINAL_SERVICE', ':1.158'), ('SSH_AGENT_LAUNCHER', 'gnome-keyring'), ('SSH_AUTH_SOCK', '/run/user/1000/keyring/ssh'), ('AMENT_PREFIX_PATH', '/home/pawan/yahboomcar_ws_test/yahboomcar_ws/install/arm_interface:/opt/ros/humble'), ('SHELL', '/bin/bash'), ('LC_NAME', 'de_DE.UTF-8'), ('QT_ACCESSIBILITY', '1'), ('GDMSESSION', 'ubuntu'), ('LESSCLOSE', '/usr/bin/lesspipe %s %s'), ('LC_MEASUREMENT', 'de_DE.UTF-8'), ('LC_IDENTIFICATION', 'de_DE.UTF-8'), ('QT_IM_MODULE', 'ibus'), ('PWD', '/home/pawan/yahboomcar_ws_test/yahboomcar_ws/build/test_config'), ('LC_ALL', 'en_US.UTF-8'), ('XDG_CONFIG_DIRS', '/etc/xdg/xdg-ubuntu:/etc/xdg'), ('XDG_DATA_DIRS', '/usr/share/ubuntu:/usr/local/share/:/usr/share/:/var/lib/snapd/desktop'), ('PYTHONPATH', '/home/pawan/yahboomcar_ws_test/yahboomcar_ws/install/arm_interface/local/lib/python3.10/dist-packages:/opt/ros/humble/lib/python3.10/site-packages:/opt/ros/humble/local/lib/python3.10/dist-packages'), ('LC_NUMERIC', 'de_DE.UTF-8'), ('LC_PAPER', 'de_DE.UTF-8'), ('COLCON', '1'), ('VTE_VERSION', '6800'), ('CMAKE_PREFIX_PATH', '/home/pawan/yahboomcar_ws_test/yahboomcar_ws/install/arm_interface:/opt/ros/humble')]), 'shell': False}
[1.211634] (arm_kin) StdoutLine: {'line': b'-- Using all available rosidl_typesupport_cpp: rosidl_typesupport_fastrtps_cpp;rosidl_typesupport_introspection_cpp\n'}
[1.236426] (test_config) CommandEnded: {'returncode': 0}
[1.237087] (test_config) JobProgress: {'identifier': 'test_config', 'progress': 'install'}
[1.242135] (arm_kin) StdoutLine: {'line': b'-- Found rmw_implementation_cmake: 6.1.2 (/opt/ros/humble/share/rmw_implementation_cmake/cmake)\n'}
[1.243930] (arm_kin) StdoutLine: {'line': b'-- Found rmw_fastrtps_cpp: 6.2.10 (/opt/ros/humble/share/rmw_fastrtps_cpp/cmake)\n'}
[1.245153] (test_config) Command: {'cmd': ['/usr/bin/cmake', '--install', '/home/pawan/yahboomcar_ws_test/yahboomcar_ws/build/test_config'], 'cwd': '/home/pawan/yahboomcar_ws_test/yahboomcar_ws/build/test_config', 'env': OrderedDict([('LESSOPEN', '| /usr/bin/lesspipe %s'), ('USER', 'pawan'), ('LC_TIME', 'de_DE.UTF-8'), ('XDG_SESSION_TYPE', 'wayland'), ('SHLVL', '1'), ('LD_LIBRARY_PATH', '/home/pawan/yahboomcar_ws_test/yahboomcar_ws/install/arm_interface/lib:/usr/lib/x86_64-linux-gnu/gazebo-11/plugins:/opt/ros/humble/opt/rviz_ogre_vendor/lib:/opt/ros/humble/lib/x86_64-linux-gnu:/opt/ros/humble/lib'), ('HOME', '/home/pawan'), ('OLDPWD', '/home/pawan'), ('DESKTOP_SESSION', 'ubuntu'), ('ROS_PYTHON_VERSION', '3'), ('GNOME_SHELL_SESSION_MODE', 'ubuntu'), ('GTK_MODULES', 'gail:atk-bridge'), ('LC_MONETARY', 'de_DE.UTF-8'), ('SYSTEMD_EXEC_PID', '1897'), ('DBUS_SESSION_BUS_ADDRESS', 'unix:path=/run/user/1000/bus'), ('COLORTERM', 'truecolor'), ('IM_CONFIG_PHASE', '1'), ('WAYLAND_DISPLAY', 'wayland-0'), ('COLCON_PREFIX_PATH', '/home/pawan/yahboomcar_ws_test/yahboomcar_ws/install'), ('ROS_DISTRO', 'humble'), ('LOGNAME', 'pawan'), ('_', '/usr/bin/colcon'), ('ROS_VERSION', '2'), ('XDG_SESSION_CLASS', 'user'), ('USERNAME', 'pawan'), ('TERM', 'xterm-256color'), ('GNOME_DESKTOP_SESSION_ID', 'this-is-deprecated'), ('ROS_LOCALHOST_ONLY', '0'), ('PATH', '/opt/ros/humble/bin:/usr/local/sbin:/usr/local/bin:/usr/sbin:/usr/bin:/sbin:/bin:/usr/games:/usr/local/games:/snap/bin:/snap/bin'), ('SESSION_MANAGER', 'local/pawan-LOQ-15IRX10:@/tmp/.ICE-unix/1867,unix/pawan-LOQ-15IRX10:/tmp/.ICE-unix/1867'), ('XDG_MENU_PREFIX', 'gnome-'), ('LC_ADDRESS', 'de_DE.UTF-8'), ('GNOME_TERMINAL_SCREEN', '/org/gnome/Terminal/screen/32aedc48_c562_46aa_aa1e_22c9eeed477b'), ('GNOME_SETUP_DISPLAY', ':1'), ('XDG_RUNTIME_DIR', '/run/user/1000'), ('DISPLAY', ':0'), ('LANG', 'en_US.UTF-8'), ('XDG_CURRENT_DESKTOP', 'ubuntu:GNOME'), ('LC_TELEPHONE', 'de_DE.UTF-8'), ('XMODIFIERS', '@im=ibus'), ('XDG_SESSION_DESKTOP', 'ubuntu'), ('XAUTHORITY', '/run/user/1000/.mutter-Xwaylandauth.D2N5R3'), ('LS_COLORS', 'rs=0:di=01;34:ln=01;36:mh=00:pi=40;33:so=01;35:do=01;35:bd=40;33;01:cd=40;33;01:or=40;31;01:mi=00:su=37;41:sg=30;43:ca=30;41:tw=30;42:ow=34;42:st=37;44:ex=01;32:*.tar=01;31:*.tgz=01;31:*.arc=01;31:*.arj=01;31:*.taz=01;31:*.lha=01;31:*.lz4=01;31:*.lzh=01;31:*.lzma=01;31:*.tlz=01;31:*.txz=01;31:*.tzo=01;31:*.t7z=01;31:*.zip=01;31:*.z=01;31:*.dz=01;31:*.gz=01;31:*.lrz=01;31:*.lz=01;31:*.lzo=01;31:*.xz=01;31:*.zst=01;31:*.tzst=01;31:*.bz2=01;31:*.bz=01;31:*.tbz=01;31:*.tbz2=01;31:*.tz=01;31:*.deb=01;31:*.rpm=01;31:*.jar=01;31:*.war=01;31:*.ear=01;31:*.sar=01;31:*.rar=01;31:*.alz=01;31:*.ace=01;31:*.zoo=01;31:*.cpio=01;31:*.7z=01;31:*.rz=01;31:*.cab=01;31:*.wim=01;31:*.swm=01;31:*.dwm=01;31:*.esd=01;31:*.jpg=01;35:*.jpeg=01;35:*.mjpg=01;35:*.mjpeg=01;35:*.gif=01;35:*.bmp=01;35:*.pbm=01;35:*.pgm=01;35:*.ppm=01;35:*.tga=01;35:*.xbm=01;35:*.xpm=01;35:*.tif=01;35:*.tiff=01;35:*.png=01;35:*.svg=01;35:*.svgz=01;35:*.mng=01;35:*.pcx=01;35:*.mov=01;35:*.mpg=01;35:*.mpeg=01;35:*.m2v=01;35:*.mkv=01;35:*.webm=01;35:*.webp=01;35:*.ogm=01;35:*.mp4=01;35:*.m4v=01;35:*.mp4v=01;35:*.vob=01;35:*.qt=01;35:*.nuv=01;35:*.wmv=01;35:*.asf=01;35:*.rm=01;35:*.rmvb=01;35:*.flc=01;35:*.avi=01;35:*.fli=01;35:*.flv=01;35:*.gl=01;35:*.dl=01;35:*.xcf=01;35:*.xwd=01;35:*.yuv=01;35:*.cgm=01;35:*.emf=01;35:*.ogv=01;35:*.ogx=01;35:*.aac=00;36:*.au=00;36:*.flac=00;36:*.m4a=00;36:*.mid=00;36:*.midi=00;36:*.mka=00;36:*.mp3=00;36:*.mpc=00;36:*.ogg=00;36:*.ra=00;36:*.wav=00;36:*.oga=00;36:*.opus=00;36:*.spx=00;36:*.xspf=00;36:'), ('GNOME_TERMINAL_SERVICE', ':1.158'), ('SSH_AGENT_LAUNCHER', 'gnome-keyring'), ('SSH_AUTH_SOCK', '/run/user/1000/keyring/ssh'), ('AMENT_PREFIX_PATH', '/home/pawan/yahboomcar_ws_test/yahboomcar_ws/install/arm_interface:/opt/ros/humble'), ('SHELL', '/bin/bash'), ('LC_NAME', 'de_DE.UTF-8'), ('QT_ACCESSIBILITY', '1'), ('GDMSESSION', 'ubuntu'), ('LESSCLOSE', '/usr/bin/lesspipe %s %s'), ('LC_MEASUREMENT', 'de_DE.UTF-8'), ('LC_IDENTIFICATION', 'de_DE.UTF-8'), ('QT_IM_MODULE', 'ibus'), ('PWD', '/home/pawan/yahboomcar_ws_test/yahboomcar_ws/build/test_config'), ('LC_ALL', 'en_US.UTF-8'), ('XDG_CONFIG_DIRS', '/etc/xdg/xdg-ubuntu:/etc/xdg'), ('XDG_DATA_DIRS', '/usr/share/ubuntu:/usr/local/share/:/usr/share/:/var/lib/snapd/desktop'), ('PYTHONPATH', '/home/pawan/yahboomcar_ws_test/yahboomcar_ws/install/arm_interface/local/lib/python3.10/dist-packages:/opt/ros/humble/lib/python3.10/site-packages:/opt/ros/humble/local/lib/python3.10/dist-packages'), ('LC_NUMERIC', 'de_DE.UTF-8'), ('LC_PAPER', 'de_DE.UTF-8'), ('COLCON', '1'), ('VTE_VERSION', '6800'), ('CMAKE_PREFIX_PATH', '/home/pawan/yahboomcar_ws_test/yahboomcar_ws/install/arm_interface:/opt/ros/humble')]), 'shell': False}
[1.249950] (yahboomcar_msgs) StdoutLine: {'line': b'-- The C compiler identification is GNU 11.4.0\n'}
[1.253454] (test_config) StdoutLine: {'line': b'-- Install configuration: ""\n'}
[1.253680] (test_config) StdoutLine: {'line': b'-- Installing: /home/pawan/yahboomcar_ws_test/yahboomcar_ws/install/test_config/share/ament_index/resource_index/package_run_dependencies/test_config\n'}
[1.253859] (test_config) StdoutLine: {'line': b'-- Installing: /home/pawan/yahboomcar_ws_test/yahboomcar_ws/install/test_config/share/ament_index/resource_index/parent_prefix_path/test_config\n'}
[1.254036] (test_config) StdoutLine: {'line': b'-- Installing: /home/pawan/yahboomcar_ws_test/yahboomcar_ws/install/test_config/share/test_config/environment/ament_prefix_path.sh\n'}
[1.254156] (test_config) StdoutLine: {'line': b'-- Installing: /home/pawan/yahboomcar_ws_test/yahboomcar_ws/install/test_config/share/test_config/environment/ament_prefix_path.dsv\n'}
[1.254370] (test_config) StdoutLine: {'line': b'-- Installing: /home/pawan/yahboomcar_ws_test/yahboomcar_ws/install/test_config/share/test_config/environment/path.sh\n'}
[1.254479] (test_config) StdoutLine: {'line': b'-- Installing: /home/pawan/yahboomcar_ws_test/yahboomcar_ws/install/test_config/share/test_config/environment/path.dsv\n'}
[1.254574] (test_config) StdoutLine: {'line': b'-- Installing: /home/pawan/yahboomcar_ws_test/yahboomcar_ws/install/test_config/share/test_config/local_setup.bash\n'}
[1.254663] (test_config) StdoutLine: {'line': b'-- Installing: /home/pawan/yahboomcar_ws_test/yahboomcar_ws/install/test_config/share/test_config/local_setup.sh\n'}
[1.254750] (test_config) StdoutLine: {'line': b'-- Installing: /home/pawan/yahboomcar_ws_test/yahboomcar_ws/install/test_config/share/test_config/local_setup.zsh\n'}
[1.254862] (test_config) StdoutLine: {'line': b'-- Installing: /home/pawan/yahboomcar_ws_test/yahboomcar_ws/install/test_config/share/test_config/local_setup.dsv\n'}
[1.254977] (test_config) StdoutLine: {'line': b'-- Installing: /home/pawan/yahboomcar_ws_test/yahboomcar_ws/install/test_config/share/test_config/package.dsv\n'}
[1.255138] (test_config) StdoutLine: {'line': b'-- Installing: /home/pawan/yahboomcar_ws_test/yahboomcar_ws/install/test_config/share/ament_index/resource_index/packages/test_config\n'}
[1.255310] (test_config) StdoutLine: {'line': b'-- Installing: /home/pawan/yahboomcar_ws_test/yahboomcar_ws/install/test_config/share/test_config/cmake/test_configConfig.cmake\n'}
[1.255438] (test_config) StdoutLine: {'line': b'-- Installing: /home/pawan/yahboomcar_ws_test/yahboomcar_ws/install/test_config/share/test_config/cmake/test_configConfig-version.cmake\n'}
[1.255519] (test_config) StdoutLine: {'line': b'-- Installing: /home/pawan/yahboomcar_ws_test/yahboomcar_ws/install/test_config/share/test_config/package.xml\n'}
[1.255608] (test_config) StdoutLine: {'line': b'-- Installing: /home/pawan/yahboomcar_ws_test/yahboomcar_ws/install/test_config/share/test_config/launch\n'}
[1.255686] (test_config) StdoutLine: {'line': b'-- Installing: /home/pawan/yahboomcar_ws_test/yahboomcar_ws/install/test_config/share/test_config/launch/demo.launch.py\n'}
[1.255761] (test_config) StdoutLine: {'line': b'-- Installing: /home/pawan/yahboomcar_ws_test/yahboomcar_ws/install/test_config/share/test_config/launch/moveit_rviz.launch.py\n'}
[1.255840] (test_config) StdoutLine: {'line': b'-- Installing: /home/pawan/yahboomcar_ws_test/yahboomcar_ws/install/test_config/share/test_config/launch/.ipynb_checkpoints\n'}
[1.255910] (test_config) StdoutLine: {'line': b'-- Installing: /home/pawan/yahboomcar_ws_test/yahboomcar_ws/install/test_config/share/test_config/launch/.ipynb_checkpoints/demo.launch-checkpoint.py\n'}
[1.255983] (test_config) StdoutLine: {'line': b'-- Installing: /home/pawan/yahboomcar_ws_test/yahboomcar_ws/install/test_config/share/test_config/launch/warehouse_db.launch.py\n'}
[1.256064] (test_config) StdoutLine: {'line': b'-- Installing: /home/pawan/yahboomcar_ws_test/yahboomcar_ws/install/test_config/share/test_config/launch/rsp.launch.py\n'}
[1.256146] (test_config) StdoutLine: {'line': b'-- Installing: /home/pawan/yahboomcar_ws_test/yahboomcar_ws/install/test_config/share/test_config/launch/spawn_controllers.launch.py\n'}
[1.256233] (test_config) StdoutLine: {'line': b'-- Installing: /home/pawan/yahboomcar_ws_test/yahboomcar_ws/install/test_config/share/test_config/launch/move_group.launch.py\n'}
[1.256317] (test_config) StdoutLine: {'line': b'-- Installing: /home/pawan/yahboomcar_ws_test/yahboomcar_ws/install/test_config/share/test_config/launch/setup_assistant.launch.py\n'}
[1.256396] (test_config) StdoutLine: {'line': b'-- Installing: /home/pawan/yahboomcar_ws_test/yahboomcar_ws/install/test_config/share/test_config/launch/static_virtual_joint_tfs.launch.py\n'}
[1.256504] (test_config) StdoutLine: {'line': b'-- Installing: /home/pawan/yahboomcar_ws_test/yahboomcar_ws/install/test_config/share/test_config/config\n'}
[1.256580] (test_config) StdoutLine: {'line': b'-- Installing: /home/pawan/yahboomcar_ws_test/yahboomcar_ws/install/test_config/share/test_config/config/sensors_3d.yaml\n'}
[1.256662] (test_config) StdoutLine: {'line': b'-- Installing: /home/pawan/yahboomcar_ws_test/yahboomcar_ws/install/test_config/share/test_config/config/moveit_controllers.yaml\n'}
[1.256742] (test_config) StdoutLine: {'line': b'-- Installing: /home/pawan/yahboomcar_ws_test/yahboomcar_ws/install/test_config/share/test_config/config/.ipynb_checkpoints\n'}
[1.256813] (test_config) StdoutLine: {'line': b'-- Installing: /home/pawan/yahboomcar_ws_test/yahboomcar_ws/install/test_config/share/test_config/config/.ipynb_checkpoints/joint_limits-checkpoint.yaml\n'}
[1.256888] (test_config) StdoutLine: {'line': b'-- Installing: /home/pawan/yahboomcar_ws_test/yahboomcar_ws/install/test_config/share/test_config/config/dofbot_pro_descripton.ros2_control.xacro\n'}
[1.256972] (test_config) StdoutLine: {'line': b'-- Installing: /home/pawan/yahboomcar_ws_test/yahboomcar_ws/install/test_config/share/test_config/config/pilz_cartesian_limits.yaml\n'}
[1.257050] (test_config) StdoutLine: {'line': b'-- Installing: /home/pawan/yahboomcar_ws_test/yahboomcar_ws/install/test_config/share/test_config/config/dofbot_pro_descripton.urdf.xacro\n'}
[1.257132] (test_config) StdoutLine: {'line': b'-- Installing: /home/pawan/yahboomcar_ws_test/yahboomcar_ws/install/test_config/share/test_config/config/kinematics.yaml\n'}
[1.257217] (test_config) StdoutLine: {'line': b'-- Installing: /home/pawan/yahboomcar_ws_test/yahboomcar_ws/install/test_config/share/test_config/config/dofbot_pro_descripton.srdf\n'}
[1.257336] (test_config) StdoutLine: {'line': b'-- Installing: /home/pawan/yahboomcar_ws_test/yahboomcar_ws/install/test_config/share/test_config/config/moveit.rviz\n'}
[1.257417] (test_config) StdoutLine: {'line': b'-- Installing: /home/pawan/yahboomcar_ws_test/yahboomcar_ws/install/test_config/share/test_config/config/initial_positions.yaml\n'}
[1.257497] (test_config) StdoutLine: {'line': b'-- Installing: /home/pawan/yahboomcar_ws_test/yahboomcar_ws/install/test_config/share/test_config/config/ros2_controllers.yaml\n'}
[1.257580] (test_config) StdoutLine: {'line': b'-- Installing: /home/pawan/yahboomcar_ws_test/yahboomcar_ws/install/test_config/share/test_config/config/joint_limits.yaml\n'}
[1.257694] (test_config) StdoutLine: {'line': b'-- Installing: /home/pawan/yahboomcar_ws_test/yahboomcar_ws/install/test_config/share/test_config/.setup_assistant\n'}
[1.259676] (test_config) CommandEnded: {'returncode': 0}
[1.276991] (test_config) JobEnded: {'identifier': 'test_config', 'rc': 0}
[1.303823] (yahboomcar_msgs) StdoutLine: {'line': b'-- The CXX compiler identification is GNU 11.4.0\n'}
[1.304433] (-) TimerEvent: {}
[1.306375] (arm_kin) StdoutLine: {'line': b'-- Found OpenSSL: /usr/lib/x86_64-linux-gnu/libcrypto.so (found version "3.0.2")  \n'}
[1.310276] (yahboomcar_msgs) StdoutLine: {'line': b'-- Detecting C compiler ABI info\n'}
[1.336058] (arm_kin) StdoutLine: {'line': b'-- Found FastRTPS: /opt/ros/humble/include  \n'}
[1.362330] (yahboomcar_msgs) StdoutLine: {'line': b'-- Detecting C compiler ABI info - done\n'}
[1.370102] (yahboomcar_msgs) StdoutLine: {'line': b'-- Check for working C compiler: /usr/bin/cc - skipped\n'}
[1.370386] (yahboomcar_msgs) StdoutLine: {'line': b'-- Detecting C compile features\n'}
[1.370738] (yahboomcar_msgs) StdoutLine: {'line': b'-- Detecting C compile features - done\n'}
[1.373768] (yahboomcar_msgs) StdoutLine: {'line': b'-- Detecting CXX compiler ABI info\n'}
[1.375323] (arm_kin) StdoutLine: {'line': b"-- Using RMW implementation 'rmw_fastrtps_cpp' as default\n"}
[1.384277] (arm_kin) StdoutLine: {'line': b'-- Looking for pthread.h\n'}
[1.404535] (-) TimerEvent: {}
[1.408552] (arm_msgs) StdoutLine: {'line': b'-- Found ament_cmake_ros: 0.10.0 (/opt/ros/humble/share/ament_cmake_ros/cmake)\n'}
[1.431460] (arm_interface) StdoutLine: {'line': b'-- Using all available rosidl_typesupport_c: rosidl_typesupport_fastrtps_c;rosidl_typesupport_introspection_c\n'}
[1.442620] (M3Pro_demo) Command: {'cmd': ['/usr/bin/python3', '-W', 'ignore:setup.py install is deprecated', '-W', 'ignore:easy_install command is deprecated', 'setup.py', 'egg_info', '--egg-base', '../../build/M3Pro_demo', 'build', '--build-base', '/home/pawan/yahboomcar_ws_test/yahboomcar_ws/build/M3Pro_demo/build', 'install', '--record', '/home/pawan/yahboomcar_ws_test/yahboomcar_ws/build/M3Pro_demo/install.log', '--single-version-externally-managed', 'install_data'], 'cwd': '/home/pawan/yahboomcar_ws_test/yahboomcar_ws/src/M3Pro_demo', 'env': {'LESSOPEN': '| /usr/bin/lesspipe %s', 'USER': 'pawan', 'LC_TIME': 'de_DE.UTF-8', 'XDG_SESSION_TYPE': 'wayland', 'SHLVL': '1', 'LD_LIBRARY_PATH': '/home/pawan/yahboomcar_ws_test/yahboomcar_ws/install/arm_interface/lib:/usr/lib/x86_64-linux-gnu/gazebo-11/plugins:/opt/ros/humble/opt/rviz_ogre_vendor/lib:/opt/ros/humble/lib/x86_64-linux-gnu:/opt/ros/humble/lib', 'HOME': '/home/pawan', 'OLDPWD': '/home/pawan', 'DESKTOP_SESSION': 'ubuntu', 'ROS_PYTHON_VERSION': '3', 'GNOME_SHELL_SESSION_MODE': 'ubuntu', 'GTK_MODULES': 'gail:atk-bridge', 'LC_MONETARY': 'de_DE.UTF-8', 'SYSTEMD_EXEC_PID': '1897', 'DBUS_SESSION_BUS_ADDRESS': 'unix:path=/run/user/1000/bus', 'COLORTERM': 'truecolor', 'IM_CONFIG_PHASE': '1', 'WAYLAND_DISPLAY': 'wayland-0', 'COLCON_PREFIX_PATH': '/home/pawan/yahboomcar_ws_test/yahboomcar_ws/install', 'ROS_DISTRO': 'humble', 'LOGNAME': 'pawan', '_': '/usr/bin/colcon', 'ROS_VERSION': '2', 'XDG_SESSION_CLASS': 'user', 'USERNAME': 'pawan', 'TERM': 'xterm-256color', 'GNOME_DESKTOP_SESSION_ID': 'this-is-deprecated', 'ROS_LOCALHOST_ONLY': '0', 'PATH': '/opt/ros/humble/bin:/usr/local/sbin:/usr/local/bin:/usr/sbin:/usr/bin:/sbin:/bin:/usr/games:/usr/local/games:/snap/bin:/snap/bin', 'SESSION_MANAGER': 'local/pawan-LOQ-15IRX10:@/tmp/.ICE-unix/1867,unix/pawan-LOQ-15IRX10:/tmp/.ICE-unix/1867', 'XDG_MENU_PREFIX': 'gnome-', 'LC_ADDRESS': 'de_DE.UTF-8', 'GNOME_TERMINAL_SCREEN': '/org/gnome/Terminal/screen/32aedc48_c562_46aa_aa1e_22c9eeed477b', 'GNOME_SETUP_DISPLAY': ':1', 'XDG_RUNTIME_DIR': '/run/user/1000', 'DISPLAY': ':0', 'LANG': 'en_US.UTF-8', 'XDG_CURRENT_DESKTOP': 'ubuntu:GNOME', 'LC_TELEPHONE': 'de_DE.UTF-8', 'XMODIFIERS': '@im=ibus', 'XDG_SESSION_DESKTOP': 'ubuntu', 'XAUTHORITY': '/run/user/1000/.mutter-Xwaylandauth.D2N5R3', 'LS_COLORS': 'rs=0:di=01;34:ln=01;36:mh=00:pi=40;33:so=01;35:do=01;35:bd=40;33;01:cd=40;33;01:or=40;31;01:mi=00:su=37;41:sg=30;43:ca=30;41:tw=30;42:ow=34;42:st=37;44:ex=01;32:*.tar=01;31:*.tgz=01;31:*.arc=01;31:*.arj=01;31:*.taz=01;31:*.lha=01;31:*.lz4=01;31:*.lzh=01;31:*.lzma=01;31:*.tlz=01;31:*.txz=01;31:*.tzo=01;31:*.t7z=01;31:*.zip=01;31:*.z=01;31:*.dz=01;31:*.gz=01;31:*.lrz=01;31:*.lz=01;31:*.lzo=01;31:*.xz=01;31:*.zst=01;31:*.tzst=01;31:*.bz2=01;31:*.bz=01;31:*.tbz=01;31:*.tbz2=01;31:*.tz=01;31:*.deb=01;31:*.rpm=01;31:*.jar=01;31:*.war=01;31:*.ear=01;31:*.sar=01;31:*.rar=01;31:*.alz=01;31:*.ace=01;31:*.zoo=01;31:*.cpio=01;31:*.7z=01;31:*.rz=01;31:*.cab=01;31:*.wim=01;31:*.swm=01;31:*.dwm=01;31:*.esd=01;31:*.jpg=01;35:*.jpeg=01;35:*.mjpg=01;35:*.mjpeg=01;35:*.gif=01;35:*.bmp=01;35:*.pbm=01;35:*.pgm=01;35:*.ppm=01;35:*.tga=01;35:*.xbm=01;35:*.xpm=01;35:*.tif=01;35:*.tiff=01;35:*.png=01;35:*.svg=01;35:*.svgz=01;35:*.mng=01;35:*.pcx=01;35:*.mov=01;35:*.mpg=01;35:*.mpeg=01;35:*.m2v=01;35:*.mkv=01;35:*.webm=01;35:*.webp=01;35:*.ogm=01;35:*.mp4=01;35:*.m4v=01;35:*.mp4v=01;35:*.vob=01;35:*.qt=01;35:*.nuv=01;35:*.wmv=01;35:*.asf=01;35:*.rm=01;35:*.rmvb=01;35:*.flc=01;35:*.avi=01;35:*.fli=01;35:*.flv=01;35:*.gl=01;35:*.dl=01;35:*.xcf=01;35:*.xwd=01;35:*.yuv=01;35:*.cgm=01;35:*.emf=01;35:*.ogv=01;35:*.ogx=01;35:*.aac=00;36:*.au=00;36:*.flac=00;36:*.m4a=00;36:*.mid=00;36:*.midi=00;36:*.mka=00;36:*.mp3=00;36:*.mpc=00;36:*.ogg=00;36:*.ra=00;36:*.wav=00;36:*.oga=00;36:*.opus=00;36:*.spx=00;36:*.xspf=00;36:', 'GNOME_TERMINAL_SERVICE': ':1.158', 'SSH_AGENT_LAUNCHER': 'gnome-keyring', 'SSH_AUTH_SOCK': '/run/user/1000/keyring/ssh', 'AMENT_PREFIX_PATH': '/home/pawan/yahboomcar_ws_test/yahboomcar_ws/install/arm_interface:/opt/ros/humble', 'SHELL': '/bin/bash', 'LC_NAME': 'de_DE.UTF-8', 'QT_ACCESSIBILITY': '1', 'GDMSESSION': 'ubuntu', 'LESSCLOSE': '/usr/bin/lesspipe %s %s', 'LC_MEASUREMENT': 'de_DE.UTF-8', 'LC_IDENTIFICATION': 'de_DE.UTF-8', 'QT_IM_MODULE': 'ibus', 'PWD': '/home/pawan/yahboomcar_ws_test/yahboomcar_ws/build/M3Pro_demo', 'LC_ALL': 'en_US.UTF-8', 'XDG_CONFIG_DIRS': '/etc/xdg/xdg-ubuntu:/etc/xdg', 'XDG_DATA_DIRS': '/usr/share/ubuntu:/usr/local/share/:/usr/share/:/var/lib/snapd/desktop', 'PYTHONPATH': '/home/pawan/yahboomcar_ws_test/yahboomcar_ws/build/M3Pro_demo/prefix_override:/usr/lib/python3/dist-packages/colcon_core/task/python/colcon_distutils_commands:/home/pawan/yahboomcar_ws_test/yahboomcar_ws/install/M3Pro_demo/lib/python3.10/site-packages:/home/pawan/yahboomcar_ws_test/yahboomcar_ws/install/arm_interface/local/lib/python3.10/dist-packages:/opt/ros/humble/lib/python3.10/site-packages:/opt/ros/humble/local/lib/python3.10/dist-packages', 'LC_NUMERIC': 'de_DE.UTF-8', 'LC_PAPER': 'de_DE.UTF-8', 'COLCON': '1', 'VTE_VERSION': '6800', 'CMAKE_PREFIX_PATH': '/home/pawan/yahboomcar_ws_test/yahboomcar_ws/install/arm_interface'}, 'shell': False}
[1.444708] (yahboomcar_msgs) StdoutLine: {'line': b'-- Detecting CXX compiler ABI info - done\n'}
[1.446638] (arm_kin) StdoutLine: {'line': b'-- Looking for pthread.h - found\n'}
[1.447129] (arm_kin) StdoutLine: {'line': b'-- Performing Test CMAKE_HAVE_LIBC_PTHREAD\n'}
[1.448921] (yahboomcar_ctrl) Command: {'cmd': ['/usr/bin/python3', '-W', 'ignore:setup.py install is deprecated', '-W', 'ignore:easy_install command is deprecated', 'setup.py', 'egg_info', '--egg-base', '../../build/yahboomcar_ctrl', 'build', '--build-base', '/home/pawan/yahboomcar_ws_test/yahboomcar_ws/build/yahboomcar_ctrl/build', 'install', '--record', '/home/pawan/yahboomcar_ws_test/yahboomcar_ws/build/yahboomcar_ctrl/install.log', '--single-version-externally-managed', 'install_data'], 'cwd': '/home/pawan/yahboomcar_ws_test/yahboomcar_ws/src/yahboomcar_ctrl', 'env': {'LESSOPEN': '| /usr/bin/lesspipe %s', 'USER': 'pawan', 'LC_TIME': 'de_DE.UTF-8', 'XDG_SESSION_TYPE': 'wayland', 'SHLVL': '1', 'LD_LIBRARY_PATH': '/home/pawan/yahboomcar_ws_test/yahboomcar_ws/install/arm_interface/lib:/usr/lib/x86_64-linux-gnu/gazebo-11/plugins:/opt/ros/humble/opt/rviz_ogre_vendor/lib:/opt/ros/humble/lib/x86_64-linux-gnu:/opt/ros/humble/lib', 'HOME': '/home/pawan', 'OLDPWD': '/home/pawan', 'DESKTOP_SESSION': 'ubuntu', 'ROS_PYTHON_VERSION': '3', 'GNOME_SHELL_SESSION_MODE': 'ubuntu', 'GTK_MODULES': 'gail:atk-bridge', 'LC_MONETARY': 'de_DE.UTF-8', 'SYSTEMD_EXEC_PID': '1897', 'DBUS_SESSION_BUS_ADDRESS': 'unix:path=/run/user/1000/bus', 'COLORTERM': 'truecolor', 'IM_CONFIG_PHASE': '1', 'WAYLAND_DISPLAY': 'wayland-0', 'COLCON_PREFIX_PATH': '/home/pawan/yahboomcar_ws_test/yahboomcar_ws/install', 'ROS_DISTRO': 'humble', 'LOGNAME': 'pawan', '_': '/usr/bin/colcon', 'ROS_VERSION': '2', 'XDG_SESSION_CLASS': 'user', 'USERNAME': 'pawan', 'TERM': 'xterm-256color', 'GNOME_DESKTOP_SESSION_ID': 'this-is-deprecated', 'ROS_LOCALHOST_ONLY': '0', 'PATH': '/opt/ros/humble/bin:/usr/local/sbin:/usr/local/bin:/usr/sbin:/usr/bin:/sbin:/bin:/usr/games:/usr/local/games:/snap/bin:/snap/bin', 'SESSION_MANAGER': 'local/pawan-LOQ-15IRX10:@/tmp/.ICE-unix/1867,unix/pawan-LOQ-15IRX10:/tmp/.ICE-unix/1867', 'XDG_MENU_PREFIX': 'gnome-', 'LC_ADDRESS': 'de_DE.UTF-8', 'GNOME_TERMINAL_SCREEN': '/org/gnome/Terminal/screen/32aedc48_c562_46aa_aa1e_22c9eeed477b', 'GNOME_SETUP_DISPLAY': ':1', 'XDG_RUNTIME_DIR': '/run/user/1000', 'DISPLAY': ':0', 'LANG': 'en_US.UTF-8', 'XDG_CURRENT_DESKTOP': 'ubuntu:GNOME', 'LC_TELEPHONE': 'de_DE.UTF-8', 'XMODIFIERS': '@im=ibus', 'XDG_SESSION_DESKTOP': 'ubuntu', 'XAUTHORITY': '/run/user/1000/.mutter-Xwaylandauth.D2N5R3', 'LS_COLORS': 'rs=0:di=01;34:ln=01;36:mh=00:pi=40;33:so=01;35:do=01;35:bd=40;33;01:cd=40;33;01:or=40;31;01:mi=00:su=37;41:sg=30;43:ca=30;41:tw=30;42:ow=34;42:st=37;44:ex=01;32:*.tar=01;31:*.tgz=01;31:*.arc=01;31:*.arj=01;31:*.taz=01;31:*.lha=01;31:*.lz4=01;31:*.lzh=01;31:*.lzma=01;31:*.tlz=01;31:*.txz=01;31:*.tzo=01;31:*.t7z=01;31:*.zip=01;31:*.z=01;31:*.dz=01;31:*.gz=01;31:*.lrz=01;31:*.lz=01;31:*.lzo=01;31:*.xz=01;31:*.zst=01;31:*.tzst=01;31:*.bz2=01;31:*.bz=01;31:*.tbz=01;31:*.tbz2=01;31:*.tz=01;31:*.deb=01;31:*.rpm=01;31:*.jar=01;31:*.war=01;31:*.ear=01;31:*.sar=01;31:*.rar=01;31:*.alz=01;31:*.ace=01;31:*.zoo=01;31:*.cpio=01;31:*.7z=01;31:*.rz=01;31:*.cab=01;31:*.wim=01;31:*.swm=01;31:*.dwm=01;31:*.esd=01;31:*.jpg=01;35:*.jpeg=01;35:*.mjpg=01;35:*.mjpeg=01;35:*.gif=01;35:*.bmp=01;35:*.pbm=01;35:*.pgm=01;35:*.ppm=01;35:*.tga=01;35:*.xbm=01;35:*.xpm=01;35:*.tif=01;35:*.tiff=01;35:*.png=01;35:*.svg=01;35:*.svgz=01;35:*.mng=01;35:*.pcx=01;35:*.mov=01;35:*.mpg=01;35:*.mpeg=01;35:*.m2v=01;35:*.mkv=01;35:*.webm=01;35:*.webp=01;35:*.ogm=01;35:*.mp4=01;35:*.m4v=01;35:*.mp4v=01;35:*.vob=01;35:*.qt=01;35:*.nuv=01;35:*.wmv=01;35:*.asf=01;35:*.rm=01;35:*.rmvb=01;35:*.flc=01;35:*.avi=01;35:*.fli=01;35:*.flv=01;35:*.gl=01;35:*.dl=01;35:*.xcf=01;35:*.xwd=01;35:*.yuv=01;35:*.cgm=01;35:*.emf=01;35:*.ogv=01;35:*.ogx=01;35:*.aac=00;36:*.au=00;36:*.flac=00;36:*.m4a=00;36:*.mid=00;36:*.midi=00;36:*.mka=00;36:*.mp3=00;36:*.mpc=00;36:*.ogg=00;36:*.ra=00;36:*.wav=00;36:*.oga=00;36:*.opus=00;36:*.spx=00;36:*.xspf=00;36:', 'GNOME_TERMINAL_SERVICE': ':1.158', 'SSH_AGENT_LAUNCHER': 'gnome-keyring', 'SSH_AUTH_SOCK': '/run/user/1000/keyring/ssh', 'AMENT_PREFIX_PATH': '/home/pawan/yahboomcar_ws_test/yahboomcar_ws/install/arm_interface:/opt/ros/humble', 'SHELL': '/bin/bash', 'LC_NAME': 'de_DE.UTF-8', 'QT_ACCESSIBILITY': '1', 'GDMSESSION': 'ubuntu', 'LESSCLOSE': '/usr/bin/lesspipe %s %s', 'LC_MEASUREMENT': 'de_DE.UTF-8', 'LC_IDENTIFICATION': 'de_DE.UTF-8', 'QT_IM_MODULE': 'ibus', 'PWD': '/home/pawan/yahboomcar_ws_test/yahboomcar_ws/build/yahboomcar_ctrl', 'LC_ALL': 'en_US.UTF-8', 'XDG_CONFIG_DIRS': '/etc/xdg/xdg-ubuntu:/etc/xdg', 'XDG_DATA_DIRS': '/usr/share/ubuntu:/usr/local/share/:/usr/share/:/var/lib/snapd/desktop', 'PYTHONPATH': '/home/pawan/yahboomcar_ws_test/yahboomcar_ws/build/yahboomcar_ctrl/prefix_override:/usr/lib/python3/dist-packages/colcon_core/task/python/colcon_distutils_commands:/home/pawan/yahboomcar_ws_test/yahboomcar_ws/install/yahboomcar_ctrl/lib/python3.10/site-packages:/home/pawan/yahboomcar_ws_test/yahboomcar_ws/install/arm_interface/local/lib/python3.10/dist-packages:/opt/ros/humble/lib/python3.10/site-packages:/opt/ros/humble/local/lib/python3.10/dist-packages', 'LC_NUMERIC': 'de_DE.UTF-8', 'LC_PAPER': 'de_DE.UTF-8', 'COLCON': '1', 'VTE_VERSION': '6800', 'CMAKE_PREFIX_PATH': '/home/pawan/yahboomcar_ws_test/yahboomcar_ws/install/arm_interface'}, 'shell': False}
[1.452992] (yahboomcar_msgs) StdoutLine: {'line': b'-- Check for working CXX compiler: /usr/bin/c++ - skipped\n'}
[1.453156] (yahboomcar_msgs) StdoutLine: {'line': b'-- Detecting CXX compile features\n'}
[1.453740] (yahboomcar_msgs) StdoutLine: {'line': b'-- Detecting CXX compile features - done\n'}
[1.456191] (yahboomcar_msgs) StdoutLine: {'line': b'-- Found ament_cmake: 1.3.14 (/opt/ros/humble/share/ament_cmake/cmake)\n'}
[1.457145] (arm_driver) Command: {'cmd': ['/usr/bin/python3', '-W', 'ignore:setup.py install is deprecated', '-W', 'ignore:easy_install command is deprecated', 'setup.py', 'egg_info', '--egg-base', '../../build/arm_driver', 'build', '--build-base', '/home/pawan/yahboomcar_ws_test/yahboomcar_ws/build/arm_driver/build', 'install', '--record', '/home/pawan/yahboomcar_ws_test/yahboomcar_ws/build/arm_driver/install.log', '--single-version-externally-managed', 'install_data'], 'cwd': '/home/pawan/yahboomcar_ws_test/yahboomcar_ws/src/arm_driver', 'env': {'LESSOPEN': '| /usr/bin/lesspipe %s', 'USER': 'pawan', 'LC_TIME': 'de_DE.UTF-8', 'XDG_SESSION_TYPE': 'wayland', 'SHLVL': '1', 'LD_LIBRARY_PATH': '/home/pawan/yahboomcar_ws_test/yahboomcar_ws/install/arm_interface/lib:/usr/lib/x86_64-linux-gnu/gazebo-11/plugins:/opt/ros/humble/opt/rviz_ogre_vendor/lib:/opt/ros/humble/lib/x86_64-linux-gnu:/opt/ros/humble/lib', 'HOME': '/home/pawan', 'OLDPWD': '/home/pawan', 'DESKTOP_SESSION': 'ubuntu', 'ROS_PYTHON_VERSION': '3', 'GNOME_SHELL_SESSION_MODE': 'ubuntu', 'GTK_MODULES': 'gail:atk-bridge', 'LC_MONETARY': 'de_DE.UTF-8', 'SYSTEMD_EXEC_PID': '1897', 'DBUS_SESSION_BUS_ADDRESS': 'unix:path=/run/user/1000/bus', 'COLORTERM': 'truecolor', 'IM_CONFIG_PHASE': '1', 'WAYLAND_DISPLAY': 'wayland-0', 'COLCON_PREFIX_PATH': '/home/pawan/yahboomcar_ws_test/yahboomcar_ws/install', 'ROS_DISTRO': 'humble', 'LOGNAME': 'pawan', '_': '/usr/bin/colcon', 'ROS_VERSION': '2', 'XDG_SESSION_CLASS': 'user', 'USERNAME': 'pawan', 'TERM': 'xterm-256color', 'GNOME_DESKTOP_SESSION_ID': 'this-is-deprecated', 'ROS_LOCALHOST_ONLY': '0', 'PATH': '/opt/ros/humble/bin:/usr/local/sbin:/usr/local/bin:/usr/sbin:/usr/bin:/sbin:/bin:/usr/games:/usr/local/games:/snap/bin:/snap/bin', 'SESSION_MANAGER': 'local/pawan-LOQ-15IRX10:@/tmp/.ICE-unix/1867,unix/pawan-LOQ-15IRX10:/tmp/.ICE-unix/1867', 'XDG_MENU_PREFIX': 'gnome-', 'LC_ADDRESS': 'de_DE.UTF-8', 'GNOME_TERMINAL_SCREEN': '/org/gnome/Terminal/screen/32aedc48_c562_46aa_aa1e_22c9eeed477b', 'GNOME_SETUP_DISPLAY': ':1', 'XDG_RUNTIME_DIR': '/run/user/1000', 'DISPLAY': ':0', 'LANG': 'en_US.UTF-8', 'XDG_CURRENT_DESKTOP': 'ubuntu:GNOME', 'LC_TELEPHONE': 'de_DE.UTF-8', 'XMODIFIERS': '@im=ibus', 'XDG_SESSION_DESKTOP': 'ubuntu', 'XAUTHORITY': '/run/user/1000/.mutter-Xwaylandauth.D2N5R3', 'LS_COLORS': 'rs=0:di=01;34:ln=01;36:mh=00:pi=40;33:so=01;35:do=01;35:bd=40;33;01:cd=40;33;01:or=40;31;01:mi=00:su=37;41:sg=30;43:ca=30;41:tw=30;42:ow=34;42:st=37;44:ex=01;32:*.tar=01;31:*.tgz=01;31:*.arc=01;31:*.arj=01;31:*.taz=01;31:*.lha=01;31:*.lz4=01;31:*.lzh=01;31:*.lzma=01;31:*.tlz=01;31:*.txz=01;31:*.tzo=01;31:*.t7z=01;31:*.zip=01;31:*.z=01;31:*.dz=01;31:*.gz=01;31:*.lrz=01;31:*.lz=01;31:*.lzo=01;31:*.xz=01;31:*.zst=01;31:*.tzst=01;31:*.bz2=01;31:*.bz=01;31:*.tbz=01;31:*.tbz2=01;31:*.tz=01;31:*.deb=01;31:*.rpm=01;31:*.jar=01;31:*.war=01;31:*.ear=01;31:*.sar=01;31:*.rar=01;31:*.alz=01;31:*.ace=01;31:*.zoo=01;31:*.cpio=01;31:*.7z=01;31:*.rz=01;31:*.cab=01;31:*.wim=01;31:*.swm=01;31:*.dwm=01;31:*.esd=01;31:*.jpg=01;35:*.jpeg=01;35:*.mjpg=01;35:*.mjpeg=01;35:*.gif=01;35:*.bmp=01;35:*.pbm=01;35:*.pgm=01;35:*.ppm=01;35:*.tga=01;35:*.xbm=01;35:*.xpm=01;35:*.tif=01;35:*.tiff=01;35:*.png=01;35:*.svg=01;35:*.svgz=01;35:*.mng=01;35:*.pcx=01;35:*.mov=01;35:*.mpg=01;35:*.mpeg=01;35:*.m2v=01;35:*.mkv=01;35:*.webm=01;35:*.webp=01;35:*.ogm=01;35:*.mp4=01;35:*.m4v=01;35:*.mp4v=01;35:*.vob=01;35:*.qt=01;35:*.nuv=01;35:*.wmv=01;35:*.asf=01;35:*.rm=01;35:*.rmvb=01;35:*.flc=01;35:*.avi=01;35:*.fli=01;35:*.flv=01;35:*.gl=01;35:*.dl=01;35:*.xcf=01;35:*.xwd=01;35:*.yuv=01;35:*.cgm=01;35:*.emf=01;35:*.ogv=01;35:*.ogx=01;35:*.aac=00;36:*.au=00;36:*.flac=00;36:*.m4a=00;36:*.mid=00;36:*.midi=00;36:*.mka=00;36:*.mp3=00;36:*.mpc=00;36:*.ogg=00;36:*.ra=00;36:*.wav=00;36:*.oga=00;36:*.opus=00;36:*.spx=00;36:*.xspf=00;36:', 'GNOME_TERMINAL_SERVICE': ':1.158', 'SSH_AGENT_LAUNCHER': 'gnome-keyring', 'SSH_AUTH_SOCK': '/run/user/1000/keyring/ssh', 'AMENT_PREFIX_PATH': '/home/pawan/yahboomcar_ws_test/yahboomcar_ws/install/arm_interface:/opt/ros/humble', 'SHELL': '/bin/bash', 'LC_NAME': 'de_DE.UTF-8', 'QT_ACCESSIBILITY': '1', 'GDMSESSION': 'ubuntu', 'LESSCLOSE': '/usr/bin/lesspipe %s %s', 'LC_MEASUREMENT': 'de_DE.UTF-8', 'LC_IDENTIFICATION': 'de_DE.UTF-8', 'QT_IM_MODULE': 'ibus', 'PWD': '/home/pawan/yahboomcar_ws_test/yahboomcar_ws/build/arm_driver', 'LC_ALL': 'en_US.UTF-8', 'XDG_CONFIG_DIRS': '/etc/xdg/xdg-ubuntu:/etc/xdg', 'XDG_DATA_DIRS': '/usr/share/ubuntu:/usr/local/share/:/usr/share/:/var/lib/snapd/desktop', 'PYTHONPATH': '/home/pawan/yahboomcar_ws_test/yahboomcar_ws/build/arm_driver/prefix_override:/usr/lib/python3/dist-packages/colcon_core/task/python/colcon_distutils_commands:/home/pawan/yahboomcar_ws_test/yahboomcar_ws/install/arm_driver/lib/python3.10/site-packages:/home/pawan/yahboomcar_ws_test/yahboomcar_ws/install/arm_interface/local/lib/python3.10/dist-packages:/opt/ros/humble/lib/python3.10/site-packages:/opt/ros/humble/local/lib/python3.10/dist-packages', 'LC_NUMERIC': 'de_DE.UTF-8', 'LC_PAPER': 'de_DE.UTF-8', 'COLCON': '1', 'VTE_VERSION': '6800', 'CMAKE_PREFIX_PATH': '/home/pawan/yahboomcar_ws_test/yahboomcar_ws/install/arm_interface'}, 'shell': False}
[1.504624] (-) TimerEvent: {}
[1.511606] (arm_kin) StdoutLine: {'line': b'-- Performing Test CMAKE_HAVE_LIBC_PTHREAD - Success\n'}
[1.512818] (arm_kin) StdoutLine: {'line': b'-- Found Threads: TRUE  \n'}
[1.524116] (M3Pro_MoveIt_demo) Command: {'cmd': ['/usr/bin/python3', '-W', 'ignore:setup.py install is deprecated', '-W', 'ignore:easy_install command is deprecated', 'setup.py', 'egg_info', '--egg-base', '../../build/M3Pro_MoveIt_demo', 'build', '--build-base', '/home/pawan/yahboomcar_ws_test/yahboomcar_ws/build/M3Pro_MoveIt_demo/build', 'install', '--record', '/home/pawan/yahboomcar_ws_test/yahboomcar_ws/build/M3Pro_MoveIt_demo/install.log', '--single-version-externally-managed', 'install_data'], 'cwd': '/home/pawan/yahboomcar_ws_test/yahboomcar_ws/src/M3Pro_MoveIt_demo', 'env': {'LESSOPEN': '| /usr/bin/lesspipe %s', 'USER': 'pawan', 'LC_TIME': 'de_DE.UTF-8', 'XDG_SESSION_TYPE': 'wayland', 'SHLVL': '1', 'LD_LIBRARY_PATH': '/home/pawan/yahboomcar_ws_test/yahboomcar_ws/install/arm_interface/lib:/usr/lib/x86_64-linux-gnu/gazebo-11/plugins:/opt/ros/humble/opt/rviz_ogre_vendor/lib:/opt/ros/humble/lib/x86_64-linux-gnu:/opt/ros/humble/lib', 'HOME': '/home/pawan', 'OLDPWD': '/home/pawan', 'DESKTOP_SESSION': 'ubuntu', 'ROS_PYTHON_VERSION': '3', 'GNOME_SHELL_SESSION_MODE': 'ubuntu', 'GTK_MODULES': 'gail:atk-bridge', 'LC_MONETARY': 'de_DE.UTF-8', 'SYSTEMD_EXEC_PID': '1897', 'DBUS_SESSION_BUS_ADDRESS': 'unix:path=/run/user/1000/bus', 'COLORTERM': 'truecolor', 'IM_CONFIG_PHASE': '1', 'WAYLAND_DISPLAY': 'wayland-0', 'COLCON_PREFIX_PATH': '/home/pawan/yahboomcar_ws_test/yahboomcar_ws/install', 'ROS_DISTRO': 'humble', 'LOGNAME': 'pawan', '_': '/usr/bin/colcon', 'ROS_VERSION': '2', 'XDG_SESSION_CLASS': 'user', 'USERNAME': 'pawan', 'TERM': 'xterm-256color', 'GNOME_DESKTOP_SESSION_ID': 'this-is-deprecated', 'ROS_LOCALHOST_ONLY': '0', 'PATH': '/opt/ros/humble/bin:/usr/local/sbin:/usr/local/bin:/usr/sbin:/usr/bin:/sbin:/bin:/usr/games:/usr/local/games:/snap/bin:/snap/bin', 'SESSION_MANAGER': 'local/pawan-LOQ-15IRX10:@/tmp/.ICE-unix/1867,unix/pawan-LOQ-15IRX10:/tmp/.ICE-unix/1867', 'XDG_MENU_PREFIX': 'gnome-', 'LC_ADDRESS': 'de_DE.UTF-8', 'GNOME_TERMINAL_SCREEN': '/org/gnome/Terminal/screen/32aedc48_c562_46aa_aa1e_22c9eeed477b', 'GNOME_SETUP_DISPLAY': ':1', 'XDG_RUNTIME_DIR': '/run/user/1000', 'DISPLAY': ':0', 'LANG': 'en_US.UTF-8', 'XDG_CURRENT_DESKTOP': 'ubuntu:GNOME', 'LC_TELEPHONE': 'de_DE.UTF-8', 'XMODIFIERS': '@im=ibus', 'XDG_SESSION_DESKTOP': 'ubuntu', 'XAUTHORITY': '/run/user/1000/.mutter-Xwaylandauth.D2N5R3', 'LS_COLORS': 'rs=0:di=01;34:ln=01;36:mh=00:pi=40;33:so=01;35:do=01;35:bd=40;33;01:cd=40;33;01:or=40;31;01:mi=00:su=37;41:sg=30;43:ca=30;41:tw=30;42:ow=34;42:st=37;44:ex=01;32:*.tar=01;31:*.tgz=01;31:*.arc=01;31:*.arj=01;31:*.taz=01;31:*.lha=01;31:*.lz4=01;31:*.lzh=01;31:*.lzma=01;31:*.tlz=01;31:*.txz=01;31:*.tzo=01;31:*.t7z=01;31:*.zip=01;31:*.z=01;31:*.dz=01;31:*.gz=01;31:*.lrz=01;31:*.lz=01;31:*.lzo=01;31:*.xz=01;31:*.zst=01;31:*.tzst=01;31:*.bz2=01;31:*.bz=01;31:*.tbz=01;31:*.tbz2=01;31:*.tz=01;31:*.deb=01;31:*.rpm=01;31:*.jar=01;31:*.war=01;31:*.ear=01;31:*.sar=01;31:*.rar=01;31:*.alz=01;31:*.ace=01;31:*.zoo=01;31:*.cpio=01;31:*.7z=01;31:*.rz=01;31:*.cab=01;31:*.wim=01;31:*.swm=01;31:*.dwm=01;31:*.esd=01;31:*.jpg=01;35:*.jpeg=01;35:*.mjpg=01;35:*.mjpeg=01;35:*.gif=01;35:*.bmp=01;35:*.pbm=01;35:*.pgm=01;35:*.ppm=01;35:*.tga=01;35:*.xbm=01;35:*.xpm=01;35:*.tif=01;35:*.tiff=01;35:*.png=01;35:*.svg=01;35:*.svgz=01;35:*.mng=01;35:*.pcx=01;35:*.mov=01;35:*.mpg=01;35:*.mpeg=01;35:*.m2v=01;35:*.mkv=01;35:*.webm=01;35:*.webp=01;35:*.ogm=01;35:*.mp4=01;35:*.m4v=01;35:*.mp4v=01;35:*.vob=01;35:*.qt=01;35:*.nuv=01;35:*.wmv=01;35:*.asf=01;35:*.rm=01;35:*.rmvb=01;35:*.flc=01;35:*.avi=01;35:*.fli=01;35:*.flv=01;35:*.gl=01;35:*.dl=01;35:*.xcf=01;35:*.xwd=01;35:*.yuv=01;35:*.cgm=01;35:*.emf=01;35:*.ogv=01;35:*.ogx=01;35:*.aac=00;36:*.au=00;36:*.flac=00;36:*.m4a=00;36:*.mid=00;36:*.midi=00;36:*.mka=00;36:*.mp3=00;36:*.mpc=00;36:*.ogg=00;36:*.ra=00;36:*.wav=00;36:*.oga=00;36:*.opus=00;36:*.spx=00;36:*.xspf=00;36:', 'GNOME_TERMINAL_SERVICE': ':1.158', 'SSH_AGENT_LAUNCHER': 'gnome-keyring', 'SSH_AUTH_SOCK': '/run/user/1000/keyring/ssh', 'AMENT_PREFIX_PATH': '/home/pawan/yahboomcar_ws_test/yahboomcar_ws/install/arm_interface:/opt/ros/humble', 'SHELL': '/bin/bash', 'LC_NAME': 'de_DE.UTF-8', 'QT_ACCESSIBILITY': '1', 'GDMSESSION': 'ubuntu', 'LESSCLOSE': '/usr/bin/lesspipe %s %s', 'LC_MEASUREMENT': 'de_DE.UTF-8', 'LC_IDENTIFICATION': 'de_DE.UTF-8', 'QT_IM_MODULE': 'ibus', 'PWD': '/home/pawan/yahboomcar_ws_test/yahboomcar_ws/build/M3Pro_MoveIt_demo', 'LC_ALL': 'en_US.UTF-8', 'XDG_CONFIG_DIRS': '/etc/xdg/xdg-ubuntu:/etc/xdg', 'XDG_DATA_DIRS': '/usr/share/ubuntu:/usr/local/share/:/usr/share/:/var/lib/snapd/desktop', 'PYTHONPATH': '/home/pawan/yahboomcar_ws_test/yahboomcar_ws/build/M3Pro_MoveIt_demo/prefix_override:/usr/lib/python3/dist-packages/colcon_core/task/python/colcon_distutils_commands:/home/pawan/yahboomcar_ws_test/yahboomcar_ws/install/M3Pro_MoveIt_demo/lib/python3.10/site-packages:/home/pawan/yahboomcar_ws_test/yahboomcar_ws/install/arm_interface/local/lib/python3.10/dist-packages:/opt/ros/humble/lib/python3.10/site-packages:/opt/ros/humble/local/lib/python3.10/dist-packages', 'LC_NUMERIC': 'de_DE.UTF-8', 'LC_PAPER': 'de_DE.UTF-8', 'COLCON': '1', 'VTE_VERSION': '6800', 'CMAKE_PREFIX_PATH': '/home/pawan/yahboomcar_ws_test/yahboomcar_ws/install/arm_interface'}, 'shell': False}
[1.527211] (yahboom_M3Pro_DepthCam) Command: {'cmd': ['/usr/bin/python3', '-W', 'ignore:setup.py install is deprecated', '-W', 'ignore:easy_install command is deprecated', 'setup.py', 'egg_info', '--egg-base', '../../build/yahboom_M3Pro_DepthCam', 'build', '--build-base', '/home/pawan/yahboomcar_ws_test/yahboomcar_ws/build/yahboom_M3Pro_DepthCam/build', 'install', '--record', '/home/pawan/yahboomcar_ws_test/yahboomcar_ws/build/yahboom_M3Pro_DepthCam/install.log', '--single-version-externally-managed', 'install_data'], 'cwd': '/home/pawan/yahboomcar_ws_test/yahboomcar_ws/src/yahboom_M3Pro_DepthCam', 'env': {'LESSOPEN': '| /usr/bin/lesspipe %s', 'USER': 'pawan', 'LC_TIME': 'de_DE.UTF-8', 'XDG_SESSION_TYPE': 'wayland', 'SHLVL': '1', 'LD_LIBRARY_PATH': '/home/pawan/yahboomcar_ws_test/yahboomcar_ws/install/arm_interface/lib:/usr/lib/x86_64-linux-gnu/gazebo-11/plugins:/opt/ros/humble/opt/rviz_ogre_vendor/lib:/opt/ros/humble/lib/x86_64-linux-gnu:/opt/ros/humble/lib', 'HOME': '/home/pawan', 'OLDPWD': '/home/pawan', 'DESKTOP_SESSION': 'ubuntu', 'ROS_PYTHON_VERSION': '3', 'GNOME_SHELL_SESSION_MODE': 'ubuntu', 'GTK_MODULES': 'gail:atk-bridge', 'LC_MONETARY': 'de_DE.UTF-8', 'SYSTEMD_EXEC_PID': '1897', 'DBUS_SESSION_BUS_ADDRESS': 'unix:path=/run/user/1000/bus', 'COLORTERM': 'truecolor', 'IM_CONFIG_PHASE': '1', 'WAYLAND_DISPLAY': 'wayland-0', 'COLCON_PREFIX_PATH': '/home/pawan/yahboomcar_ws_test/yahboomcar_ws/install', 'ROS_DISTRO': 'humble', 'LOGNAME': 'pawan', '_': '/usr/bin/colcon', 'ROS_VERSION': '2', 'XDG_SESSION_CLASS': 'user', 'USERNAME': 'pawan', 'TERM': 'xterm-256color', 'GNOME_DESKTOP_SESSION_ID': 'this-is-deprecated', 'ROS_LOCALHOST_ONLY': '0', 'PATH': '/opt/ros/humble/bin:/usr/local/sbin:/usr/local/bin:/usr/sbin:/usr/bin:/sbin:/bin:/usr/games:/usr/local/games:/snap/bin:/snap/bin', 'SESSION_MANAGER': 'local/pawan-LOQ-15IRX10:@/tmp/.ICE-unix/1867,unix/pawan-LOQ-15IRX10:/tmp/.ICE-unix/1867', 'XDG_MENU_PREFIX': 'gnome-', 'LC_ADDRESS': 'de_DE.UTF-8', 'GNOME_TERMINAL_SCREEN': '/org/gnome/Terminal/screen/32aedc48_c562_46aa_aa1e_22c9eeed477b', 'GNOME_SETUP_DISPLAY': ':1', 'XDG_RUNTIME_DIR': '/run/user/1000', 'DISPLAY': ':0', 'LANG': 'en_US.UTF-8', 'XDG_CURRENT_DESKTOP': 'ubuntu:GNOME', 'LC_TELEPHONE': 'de_DE.UTF-8', 'XMODIFIERS': '@im=ibus', 'XDG_SESSION_DESKTOP': 'ubuntu', 'XAUTHORITY': '/run/user/1000/.mutter-Xwaylandauth.D2N5R3', 'LS_COLORS': 'rs=0:di=01;34:ln=01;36:mh=00:pi=40;33:so=01;35:do=01;35:bd=40;33;01:cd=40;33;01:or=40;31;01:mi=00:su=37;41:sg=30;43:ca=30;41:tw=30;42:ow=34;42:st=37;44:ex=01;32:*.tar=01;31:*.tgz=01;31:*.arc=01;31:*.arj=01;31:*.taz=01;31:*.lha=01;31:*.lz4=01;31:*.lzh=01;31:*.lzma=01;31:*.tlz=01;31:*.txz=01;31:*.tzo=01;31:*.t7z=01;31:*.zip=01;31:*.z=01;31:*.dz=01;31:*.gz=01;31:*.lrz=01;31:*.lz=01;31:*.lzo=01;31:*.xz=01;31:*.zst=01;31:*.tzst=01;31:*.bz2=01;31:*.bz=01;31:*.tbz=01;31:*.tbz2=01;31:*.tz=01;31:*.deb=01;31:*.rpm=01;31:*.jar=01;31:*.war=01;31:*.ear=01;31:*.sar=01;31:*.rar=01;31:*.alz=01;31:*.ace=01;31:*.zoo=01;31:*.cpio=01;31:*.7z=01;31:*.rz=01;31:*.cab=01;31:*.wim=01;31:*.swm=01;31:*.dwm=01;31:*.esd=01;31:*.jpg=01;35:*.jpeg=01;35:*.mjpg=01;35:*.mjpeg=01;35:*.gif=01;35:*.bmp=01;35:*.pbm=01;35:*.pgm=01;35:*.ppm=01;35:*.tga=01;35:*.xbm=01;35:*.xpm=01;35:*.tif=01;35:*.tiff=01;35:*.png=01;35:*.svg=01;35:*.svgz=01;35:*.mng=01;35:*.pcx=01;35:*.mov=01;35:*.mpg=01;35:*.mpeg=01;35:*.m2v=01;35:*.mkv=01;35:*.webm=01;35:*.webp=01;35:*.ogm=01;35:*.mp4=01;35:*.m4v=01;35:*.mp4v=01;35:*.vob=01;35:*.qt=01;35:*.nuv=01;35:*.wmv=01;35:*.asf=01;35:*.rm=01;35:*.rmvb=01;35:*.flc=01;35:*.avi=01;35:*.fli=01;35:*.flv=01;35:*.gl=01;35:*.dl=01;35:*.xcf=01;35:*.xwd=01;35:*.yuv=01;35:*.cgm=01;35:*.emf=01;35:*.ogv=01;35:*.ogx=01;35:*.aac=00;36:*.au=00;36:*.flac=00;36:*.m4a=00;36:*.mid=00;36:*.midi=00;36:*.mka=00;36:*.mp3=00;36:*.mpc=00;36:*.ogg=00;36:*.ra=00;36:*.wav=00;36:*.oga=00;36:*.opus=00;36:*.spx=00;36:*.xspf=00;36:', 'GNOME_TERMINAL_SERVICE': ':1.158', 'SSH_AGENT_LAUNCHER': 'gnome-keyring', 'SSH_AUTH_SOCK': '/run/user/1000/keyring/ssh', 'AMENT_PREFIX_PATH': '/home/pawan/yahboomcar_ws_test/yahboomcar_ws/install/arm_interface:/opt/ros/humble', 'SHELL': '/bin/bash', 'LC_NAME': 'de_DE.UTF-8', 'QT_ACCESSIBILITY': '1', 'GDMSESSION': 'ubuntu', 'LESSCLOSE': '/usr/bin/lesspipe %s %s', 'LC_MEASUREMENT': 'de_DE.UTF-8', 'LC_IDENTIFICATION': 'de_DE.UTF-8', 'QT_IM_MODULE': 'ibus', 'PWD': '/home/pawan/yahboomcar_ws_test/yahboomcar_ws/build/yahboom_M3Pro_DepthCam', 'LC_ALL': 'en_US.UTF-8', 'XDG_CONFIG_DIRS': '/etc/xdg/xdg-ubuntu:/etc/xdg', 'XDG_DATA_DIRS': '/usr/share/ubuntu:/usr/local/share/:/usr/share/:/var/lib/snapd/desktop', 'PYTHONPATH': '/home/pawan/yahboomcar_ws_test/yahboomcar_ws/build/yahboom_M3Pro_DepthCam/prefix_override:/usr/lib/python3/dist-packages/colcon_core/task/python/colcon_distutils_commands:/home/pawan/yahboomcar_ws_test/yahboomcar_ws/install/yahboom_M3Pro_DepthCam/lib/python3.10/site-packages:/home/pawan/yahboomcar_ws_test/yahboomcar_ws/install/arm_interface/local/lib/python3.10/dist-packages:/opt/ros/humble/lib/python3.10/site-packages:/opt/ros/humble/local/lib/python3.10/dist-packages', 'LC_NUMERIC': 'de_DE.UTF-8', 'LC_PAPER': 'de_DE.UTF-8', 'COLCON': '1', 'VTE_VERSION': '6800', 'CMAKE_PREFIX_PATH': '/home/pawan/yahboomcar_ws_test/yahboomcar_ws/install/arm_interface'}, 'shell': False}
[1.558770] (arm_kin) StderrLine: {'line': b'\x1b[31mCMake Error at CMakeLists.txt:13 (find_package):\n'}
[1.558981] (arm_kin) StderrLine: {'line': b'  By not providing "Findarm_interface.cmake" in CMAKE_MODULE_PATH this\n'}
[1.559055] (arm_kin) StderrLine: {'line': b'  project has asked CMake to find a package configuration file provided by\n'}
[1.559119] (arm_kin) StderrLine: {'line': b'  "arm_interface", but CMake did not find one.\n'}
[1.559179] (arm_kin) StderrLine: {'line': b'\n'}
[1.559258] (arm_kin) StderrLine: {'line': b'  Could not find a package configuration file provided by "arm_interface"\n'}
[1.559317] (arm_kin) StderrLine: {'line': b'  with any of the following names:\n'}
[1.559375] (arm_kin) StderrLine: {'line': b'\n'}
[1.559431] (arm_kin) StderrLine: {'line': b'    arm_interfaceConfig.cmake\n'}
[1.559489] (arm_kin) StderrLine: {'line': b'    arm_interface-config.cmake\n'}
[1.559547] (arm_kin) StderrLine: {'line': b'\n'}
[1.559605] (arm_kin) StderrLine: {'line': b'  Add the installation prefix of "arm_interface" to CMAKE_PREFIX_PATH or set\n'}
[1.559662] (arm_kin) StderrLine: {'line': b'  "arm_interface_DIR" to a directory containing one of the above files.  If\n'}
[1.559719] (arm_kin) StderrLine: {'line': b'  "arm_interface" provides a separate development package or SDK, be sure it\n'}
[1.559776] (arm_kin) StderrLine: {'line': b'  has been installed.\n'}
[1.559834] (arm_kin) StderrLine: {'line': b'\n'}
[1.559892] (arm_kin) StderrLine: {'line': b'\x1b[0m\n'}
[1.559950] (arm_kin) StdoutLine: {'line': b'-- Configuring incomplete, errors occurred!\n'}
[1.560020] (arm_kin) StdoutLine: {'line': b'See also "/home/pawan/yahboomcar_ws_test/yahboomcar_ws/build/arm_kin/CMakeFiles/CMakeOutput.log".\n'}
[1.564375] (arm_interface) StdoutLine: {'line': b'-- Using all available rosidl_typesupport_cpp: rosidl_typesupport_fastrtps_cpp;rosidl_typesupport_introspection_cpp\n'}
[1.564632] (arm_msgs) StdoutLine: {'line': b'-- Using all available rosidl_typesupport_c: rosidl_typesupport_fastrtps_c;rosidl_typesupport_introspection_c\n'}
[1.565420] (arm_kin) CommandEnded: {'returncode': 1}
[1.581705] (arm_kin) JobEnded: {'identifier': 'arm_kin', 'rc': 1}
[1.585711] (yahboomcar_msgs) StdoutLine: {'line': b'-- Found Python3: /usr/bin/python3 (found version "3.10.12") found components: Interpreter \n'}
[1.588801] (arm_interface) StdoutLine: {'line': b'-- Found PythonInterp: /usr/bin/python3 (found suitable version "3.10.12", minimum required is "3.6") \n'}
[1.590654] (arm_interface) StdoutLine: {'line': b'-- Found python_cmake_module: 0.10.0 (/opt/ros/humble/share/python_cmake_module/cmake)\n'}
[1.597524] (M3Pro_demo) StdoutLine: {'line': b'running egg_info\n'}
[1.597901] (M3Pro_demo) StdoutLine: {'line': b'creating ../../build/M3Pro_demo/M3Pro_demo.egg-info\n'}
[1.598028] (M3Pro_demo) StdoutLine: {'line': b'writing ../../build/M3Pro_demo/M3Pro_demo.egg-info/PKG-INFO\n'}
[1.598121] (M3Pro_demo) StdoutLine: {'line': b'writing dependency_links to ../../build/M3Pro_demo/M3Pro_demo.egg-info/dependency_links.txt\n'}
[1.598339] (M3Pro_demo) StdoutLine: {'line': b'writing entry points to ../../build/M3Pro_demo/M3Pro_demo.egg-info/entry_points.txt\n'}
[1.598458] (M3Pro_demo) StdoutLine: {'line': b'writing requirements to ../../build/M3Pro_demo/M3Pro_demo.egg-info/requires.txt\n'}
[1.598533] (M3Pro_demo) StdoutLine: {'line': b'writing top-level names to ../../build/M3Pro_demo/M3Pro_demo.egg-info/top_level.txt\n'}
[1.598632] (M3Pro_demo) StdoutLine: {'line': b"writing manifest file '../../build/M3Pro_demo/M3Pro_demo.egg-info/SOURCES.txt'\n"}
[1.599959] (M3Pro_demo) StdoutLine: {'line': b"reading manifest file '../../build/M3Pro_demo/M3Pro_demo.egg-info/SOURCES.txt'\n"}
[1.600440] (yahboomcar_ctrl) StdoutLine: {'line': b'running egg_info\n'}
[1.600866] (yahboomcar_ctrl) StdoutLine: {'line': b'creating ../../build/yahboomcar_ctrl/yahboomcar_ctrl.egg-info\n'}
[1.600991] (yahboomcar_ctrl) StdoutLine: {'line': b'writing ../../build/yahboomcar_ctrl/yahboomcar_ctrl.egg-info/PKG-INFO\n'}
[1.601109] (yahboomcar_ctrl) StdoutLine: {'line': b'writing dependency_links to ../../build/yahboomcar_ctrl/yahboomcar_ctrl.egg-info/dependency_links.txt\n'}
[1.601226] (yahboomcar_ctrl) StdoutLine: {'line': b'writing entry points to ../../build/yahboomcar_ctrl/yahboomcar_ctrl.egg-info/entry_points.txt\n'}
[1.601366] (M3Pro_demo) StdoutLine: {'line': b"writing manifest file '../../build/M3Pro_demo/M3Pro_demo.egg-info/SOURCES.txt'\n"}
[1.601436] (yahboomcar_ctrl) StdoutLine: {'line': b'writing requirements to ../../build/yahboomcar_ctrl/yahboomcar_ctrl.egg-info/requires.txt\n'}
[1.601522] (yahboomcar_ctrl) StdoutLine: {'line': b'writing top-level names to ../../build/yahboomcar_ctrl/yahboomcar_ctrl.egg-info/top_level.txt\n'}
[1.601583] (M3Pro_demo) StdoutLine: {'line': b'running build\n'}
[1.601642] (M3Pro_demo) StdoutLine: {'line': b'running build_py\n'}
[1.601718] (yahboomcar_ctrl) StdoutLine: {'line': b"writing manifest file '../../build/yahboomcar_ctrl/yahboomcar_ctrl.egg-info/SOURCES.txt'\n"}
[1.601783] (M3Pro_demo) StdoutLine: {'line': b'creating /home/pawan/yahboomcar_ws_test/yahboomcar_ws/build/M3Pro_demo/build\n'}
[1.601866] (M3Pro_demo) StdoutLine: {'line': b'creating /home/pawan/yahboomcar_ws_test/yahboomcar_ws/build/M3Pro_demo/build/lib\n'}
[1.601969] (M3Pro_demo) StdoutLine: {'line': b'creating /home/pawan/yahboomcar_ws_test/yahboomcar_ws/build/M3Pro_demo/build/lib/M3Pro_demo\n'}
[1.602035] (M3Pro_demo) StdoutLine: {'line': b'copying M3Pro_demo/mediapipe_detect.py -> /home/pawan/yahboomcar_ws_test/yahboomcar_ws/build/M3Pro_demo/build/lib/M3Pro_demo\n'}
[1.602099] (M3Pro_demo) StdoutLine: {'line': b'copying M3Pro_demo/color_follow.py -> /home/pawan/yahboomcar_ws_test/yahboomcar_ws/build/M3Pro_demo/build/lib/M3Pro_demo\n'}
[1.602163] (M3Pro_demo) StdoutLine: {'line': b'copying M3Pro_demo/apriltag_follow.py -> /home/pawan/yahboomcar_ws_test/yahboomcar_ws/build/M3Pro_demo/build/lib/M3Pro_demo\n'}
[1.602292] (M3Pro_demo) StdoutLine: {'line': b'copying M3Pro_demo/color_recognize.py -> /home/pawan/yahboomcar_ws_test/yahboomcar_ws/build/M3Pro_demo/build/lib/M3Pro_demo\n'}
[1.602374] (M3Pro_demo) StdoutLine: {'line': b'copying M3Pro_demo/apriltagID_gesture.py -> /home/pawan/yahboomcar_ws_test/yahboomcar_ws/build/M3Pro_demo/build/lib/M3Pro_demo\n'}
[1.602456] (M3Pro_demo) StdoutLine: {'line': b'copying M3Pro_demo/shape_recognize.py -> /home/pawan/yahboomcar_ws_test/yahboomcar_ws/build/M3Pro_demo/build/lib/M3Pro_demo\n'}
[1.602520] (M3Pro_demo) StdoutLine: {'line': b'copying M3Pro_demo/__init__.py -> /home/pawan/yahboomcar_ws_test/yahboomcar_ws/build/M3Pro_demo/build/lib/M3Pro_demo\n'}
[1.602609] (M3Pro_demo) StdoutLine: {'line': b'copying M3Pro_demo/vutils.py -> /home/pawan/yahboomcar_ws_test/yahboomcar_ws/build/M3Pro_demo/build/lib/M3Pro_demo\n'}
[1.602673] (M3Pro_demo) StdoutLine: {'line': b'copying M3Pro_demo/apriltag_track-Circle.py -> /home/pawan/yahboomcar_ws_test/yahboomcar_ws/build/M3Pro_demo/build/lib/M3Pro_demo\n'}
[1.602736] (M3Pro_demo) StdoutLine: {'line': b'copying M3Pro_demo/apriltag_detect.py -> /home/pawan/yahboomcar_ws_test/yahboomcar_ws/build/M3Pro_demo/build/lib/M3Pro_demo\n'}
[1.602801] (M3Pro_demo) StdoutLine: {'line': b'copying M3Pro_demo/volume_calculations.py -> /home/pawan/yahboomcar_ws_test/yahboomcar_ws/build/M3Pro_demo/build/lib/M3Pro_demo\n'}
[1.602864] (M3Pro_demo) StdoutLine: {'line': b'copying M3Pro_demo/KCF_follow_desktop.py -> /home/pawan/yahboomcar_ws_test/yahboomcar_ws/build/M3Pro_demo/build/lib/M3Pro_demo\n'}
[1.602928] (M3Pro_demo) StdoutLine: {'line': b'copying M3Pro_demo/apriltag_track.py -> /home/pawan/yahboomcar_ws_test/yahboomcar_ws/build/M3Pro_demo/build/lib/M3Pro_demo\n'}
[1.602992] (M3Pro_demo) StdoutLine: {'line': b'copying M3Pro_demo/apriltag_track-Pose[0].py -> /home/pawan/yahboomcar_ws_test/yahboomcar_ws/build/M3Pro_demo/build/lib/M3Pro_demo\n'}
[1.603056] (M3Pro_demo) StdoutLine: {'line': b'copying M3Pro_demo/Gesture_Moving.py -> /home/pawan/yahboomcar_ws_test/yahboomcar_ws/build/M3Pro_demo/build/lib/M3Pro_demo\n'}
[1.603121] (M3Pro_demo) StdoutLine: {'line': b'copying M3Pro_demo/aruco_track.py -> /home/pawan/yahboomcar_ws_test/yahboomcar_ws/build/M3Pro_demo/build/lib/M3Pro_demo\n'}
[1.603191] (M3Pro_demo) StdoutLine: {'line': b'copying M3Pro_demo/apriltag_detect-Copy1.py -> /home/pawan/yahboomcar_ws_test/yahboomcar_ws/build/M3Pro_demo/build/lib/M3Pro_demo\n'}
[1.603433] (M3Pro_demo) StdoutLine: {'line': b'copying M3Pro_demo/apriltagHeight_gesture.py -> /home/pawan/yahboomcar_ws_test/yahboomcar_ws/build/M3Pro_demo/build/lib/M3Pro_demo\n'}
[1.603499] (M3Pro_demo) StdoutLine: {'line': b'copying M3Pro_demo/apriltag_transport.py -> /home/pawan/yahboomcar_ws_test/yahboomcar_ws/build/M3Pro_demo/build/lib/M3Pro_demo\n'}
[1.603562] (M3Pro_demo) StdoutLine: {'line': b'copying M3Pro_demo/follow_common.py -> /home/pawan/yahboomcar_ws_test/yahboomcar_ws/build/M3Pro_demo/build/lib/M3Pro_demo\n'}
[1.603626] (M3Pro_demo) StdoutLine: {'line': b'copying M3Pro_demo/M3Pro_Dancing.py -> /home/pawan/yahboomcar_ws_test/yahboomcar_ws/build/M3Pro_demo/build/lib/M3Pro_demo\n'}
[1.603689] (yahboomcar_ctrl) StdoutLine: {'line': b"reading manifest file '../../build/yahboomcar_ctrl/yahboomcar_ctrl.egg-info/SOURCES.txt'\n"}
[1.603815] (yahboomcar_ctrl) StdoutLine: {'line': b"writing manifest file '../../build/yahboomcar_ctrl/yahboomcar_ctrl.egg-info/SOURCES.txt'\n"}
[1.603880] (yahboomcar_ctrl) StdoutLine: {'line': b'running build\n'}
[1.603944] (yahboomcar_ctrl) StdoutLine: {'line': b'running build_py\n'}
[1.604008] (M3Pro_demo) StdoutLine: {'line': b'copying M3Pro_demo/color_common.py -> /home/pawan/yahboomcar_ws_test/yahboomcar_ws/build/M3Pro_demo/build/lib/M3Pro_demo\n'}
[1.604074] (M3Pro_demo) StdoutLine: {'line': b'copying M3Pro_demo/X5Plus_adjust-Copy1.py -> /home/pawan/yahboomcar_ws_test/yahboomcar_ws/build/M3Pro_demo/build/lib/M3Pro_demo\n'}
[1.604139] (M3Pro_demo) StdoutLine: {'line': b'copying M3Pro_demo/Dofbot_Track.py -> /home/pawan/yahboomcar_ws_test/yahboomcar_ws/build/M3Pro_demo/build/lib/M3Pro_demo\n'}
[1.604215] (M3Pro_demo) StdoutLine: {'line': b'copying M3Pro_demo/color_list.py -> /home/pawan/yahboomcar_ws_test/yahboomcar_ws/build/M3Pro_demo/build/lib/M3Pro_demo\n'}
[1.604284] (M3Pro_demo) StdoutLine: {'line': b'copying M3Pro_demo/color_track_desktop.py -> /home/pawan/yahboomcar_ws_test/yahboomcar_ws/build/M3Pro_demo/build/lib/M3Pro_demo\n'}
[1.604453] (M3Pro_demo) StdoutLine: {'line': b'copying M3Pro_demo/apriltag_track-distance.py -> /home/pawan/yahboomcar_ws_test/yahboomcar_ws/build/M3Pro_demo/build/lib/M3Pro_demo\n'}
[1.604562] (M3Pro_demo) StdoutLine: {'line': b'copying M3Pro_demo/color_track.py -> /home/pawan/yahboomcar_ws_test/yahboomcar_ws/build/M3Pro_demo/build/lib/M3Pro_demo\n'}
[1.604641] (-) TimerEvent: {}
[1.604788] (M3Pro_demo) StdoutLine: {'line': b'copying M3Pro_demo/apriltag_follow_3D_V1.py -> /home/pawan/yahboomcar_ws_test/yahboomcar_ws/build/M3Pro_demo/build/lib/M3Pro_demo\n'}
[1.604859] (M3Pro_demo) StdoutLine: {'line': b'copying M3Pro_demo/media_library.py -> /home/pawan/yahboomcar_ws_test/yahboomcar_ws/build/M3Pro_demo/build/lib/M3Pro_demo\n'}
[1.604923] (M3Pro_demo) StdoutLine: {'line': b'copying M3Pro_demo/apriltag_transport_V2.py -> /home/pawan/yahboomcar_ws_test/yahboomcar_ws/build/M3Pro_demo/build/lib/M3Pro_demo\n'}
[1.604987] (M3Pro_demo) StdoutLine: {'line': b'copying M3Pro_demo/estimate_volume.py -> /home/pawan/yahboomcar_ws_test/yahboomcar_ws/build/M3Pro_demo/build/lib/M3Pro_demo\n'}
[1.605049] (M3Pro_demo) StdoutLine: {'line': b'copying M3Pro_demo/PID.py -> /home/pawan/yahboomcar_ws_test/yahboomcar_ws/build/M3Pro_demo/build/lib/M3Pro_demo\n'}
[1.605112] (M3Pro_demo) StdoutLine: {'line': b'copying M3Pro_demo/KCF_follow.py -> /home/pawan/yahboomcar_ws_test/yahboomcar_ws/build/M3Pro_demo/build/lib/M3Pro_demo\n'}
[1.605176] (M3Pro_demo) StdoutLine: {'line': b'copying M3Pro_demo/Robot_PID.py -> /home/pawan/yahboomcar_ws_test/yahboomcar_ws/build/M3Pro_demo/build/lib/M3Pro_demo\n'}
[1.605352] (M3Pro_demo) StdoutLine: {'line': b'copying M3Pro_demo/Get_OdomInfo.py -> /home/pawan/yahboomcar_ws_test/yahboomcar_ws/build/M3Pro_demo/build/lib/M3Pro_demo\n'}
[1.605445] (M3Pro_demo) StdoutLine: {'line': b'copying M3Pro_demo/mediapipe_gesture.py -> /home/pawan/yahboomcar_ws_test/yahboomcar_ws/build/M3Pro_demo/build/lib/M3Pro_demo\n'}
[1.605509] (yahboomcar_ctrl) StdoutLine: {'line': b'creating /home/pawan/yahboomcar_ws_test/yahboomcar_ws/build/yahboomcar_ctrl/build\n'}
[1.605650] (yahboomcar_ctrl) StdoutLine: {'line': b'creating /home/pawan/yahboomcar_ws_test/yahboomcar_ws/build/yahboomcar_ctrl/build/lib\n'}
[1.605715] (yahboomcar_ctrl) StdoutLine: {'line': b'creating /home/pawan/yahboomcar_ws_test/yahboomcar_ws/build/yahboomcar_ctrl/build/lib/yahboomcar_ctrl\n'}
[1.605779] (M3Pro_demo) StdoutLine: {'line': b'copying M3Pro_demo/apriltag_identify.py -> /home/pawan/yahboomcar_ws_test/yahboomcar_ws/build/M3Pro_demo/build/lib/M3Pro_demo\n'}
[1.605842] (yahboomcar_ctrl) StdoutLine: {'line': b'copying yahboomcar_ctrl/__init__.py -> /home/pawan/yahboomcar_ws_test/yahboomcar_ws/build/yahboomcar_ctrl/build/lib/yahboomcar_ctrl\n'}
[1.605904] (M3Pro_demo) StdoutLine: {'line': b'copying M3Pro_demo/arm_offset.py -> /home/pawan/yahboomcar_ws_test/yahboomcar_ws/build/M3Pro_demo/build/lib/M3Pro_demo\n'}
[1.605967] (yahboomcar_ctrl) StdoutLine: {'line': b'copying yahboomcar_ctrl/yahboom_joy_M3Pro.py -> /home/pawan/yahboomcar_ws_test/yahboomcar_ws/build/yahboomcar_ctrl/build/lib/yahboomcar_ctrl\n'}
[1.606031] (M3Pro_demo) StdoutLine: {'line': b'copying M3Pro_demo/grasp_desktop.py -> /home/pawan/yahboomcar_ws_test/yahboomcar_ws/build/M3Pro_demo/build/lib/M3Pro_demo\n'}
[1.606094] (M3Pro_demo) StdoutLine: {'line': b'copying M3Pro_demo/grasp_transport.py -> /home/pawan/yahboomcar_ws_test/yahboomcar_ws/build/M3Pro_demo/build/lib/M3Pro_demo\n'}
[1.606157] (yahboomcar_ctrl) StdoutLine: {'line': b'copying yahboomcar_ctrl/yahboom_keyboard.py -> /home/pawan/yahboomcar_ws_test/yahboomcar_ws/build/yahboomcar_ctrl/build/lib/yahboomcar_ctrl\n'}
[1.606254] (yahboomcar_ctrl) StdoutLine: {'line': b'copying yahboomcar_ctrl/yahboom_joy_R2.py -> /home/pawan/yahboomcar_ws_test/yahboomcar_ws/build/yahboomcar_ctrl/build/lib/yahboomcar_ctrl\n'}
[1.606322] (M3Pro_demo) StdoutLine: {'line': b'copying M3Pro_demo/compute_pose.py -> /home/pawan/yahboomcar_ws_test/yahboomcar_ws/build/M3Pro_demo/build/lib/M3Pro_demo\n'}
[1.606471] (M3Pro_demo) StdoutLine: {'line': b'copying M3Pro_demo/apriltag_track_desktop_no_arm.py -> /home/pawan/yahboomcar_ws_test/yahboomcar_ws/build/M3Pro_demo/build/lib/M3Pro_demo\n'}
[1.606539] (M3Pro_demo) StdoutLine: {'line': b'copying M3Pro_demo/Robot_Move.py -> /home/pawan/yahboomcar_ws_test/yahboomcar_ws/build/M3Pro_demo/build/lib/M3Pro_demo\n'}
[1.606604] (M3Pro_demo) StdoutLine: {'line': b'copying M3Pro_demo/apriltag_follow_2D.py -> /home/pawan/yahboomcar_ws_test/yahboomcar_ws/build/M3Pro_demo/build/lib/M3Pro_demo\n'}
[1.606703] (M3Pro_demo) StdoutLine: {'line': b'copying M3Pro_demo/apriltag_list.py -> /home/pawan/yahboomcar_ws_test/yahboomcar_ws/build/M3Pro_demo/build/lib/M3Pro_demo\n'}
[1.606767] (M3Pro_demo) StdoutLine: {'line': b'copying M3Pro_demo/apriltag_track_desktop_onceTrack.py -> /home/pawan/yahboomcar_ws_test/yahboomcar_ws/build/M3Pro_demo/build/lib/M3Pro_demo\n'}
[1.606831] (M3Pro_demo) StdoutLine: {'line': b'copying M3Pro_demo/follow_line.py -> /home/pawan/yahboomcar_ws_test/yahboomcar_ws/build/M3Pro_demo/build/lib/M3Pro_demo\n'}
[1.606917] (yahboomcar_ctrl) StdoutLine: {'line': b'running install\n'}
[1.606984] (M3Pro_demo) StdoutLine: {'line': b'copying M3Pro_demo/apriltag_track_desktop.py -> /home/pawan/yahboomcar_ws_test/yahboomcar_ws/build/M3Pro_demo/build/lib/M3Pro_demo\n'}
[1.607050] (M3Pro_demo) StdoutLine: {'line': b'copying M3Pro_demo/KCF_track.py -> /home/pawan/yahboomcar_ws_test/yahboomcar_ws/build/M3Pro_demo/build/lib/M3Pro_demo\n'}
[1.607115] (M3Pro_demo) StdoutLine: {'line': b'copying M3Pro_demo/grasp.py -> /home/pawan/yahboomcar_ws_test/yahboomcar_ws/build/M3Pro_demo/build/lib/M3Pro_demo\n'}
[1.607180] (M3Pro_demo) StdoutLine: {'line': b'copying M3Pro_demo/apriltagDist_gesture.py -> /home/pawan/yahboomcar_ws_test/yahboomcar_ws/build/M3Pro_demo/build/lib/M3Pro_demo\n'}
[1.607358] (M3Pro_demo) StdoutLine: {'line': b'copying M3Pro_demo/compute_joint5.py -> /home/pawan/yahboomcar_ws_test/yahboomcar_ws/build/M3Pro_demo/build/lib/M3Pro_demo\n'}
[1.607427] (M3Pro_demo) StdoutLine: {'line': b'copying M3Pro_demo/color_transport.py -> /home/pawan/yahboomcar_ws_test/yahboomcar_ws/build/M3Pro_demo/build/lib/M3Pro_demo\n'}
[1.607491] (M3Pro_demo) StdoutLine: {'line': b'copying M3Pro_demo/KCF_track-Copy1.py -> /home/pawan/yahboomcar_ws_test/yahboomcar_ws/build/M3Pro_demo/build/lib/M3Pro_demo\n'}
[1.607556] (M3Pro_demo) StdoutLine: {'line': b'running install\n'}
[1.607619] (yahboomcar_ctrl) StdoutLine: {'line': b'running install_lib\n'}
[1.607713] (yahboomcar_ctrl) StdoutLine: {'line': b'creating /home/pawan/yahboomcar_ws_test/yahboomcar_ws/install/yahboomcar_ctrl/lib/python3.10/site-packages/yahboomcar_ctrl\n'}
[1.607779] (yahboomcar_ctrl) StdoutLine: {'line': b'copying /home/pawan/yahboomcar_ws_test/yahboomcar_ws/build/yahboomcar_ctrl/build/lib/yahboomcar_ctrl/__init__.py -> /home/pawan/yahboomcar_ws_test/yahboomcar_ws/install/yahboomcar_ctrl/lib/python3.10/site-packages/yahboomcar_ctrl\n'}
[1.607846] (yahboomcar_ctrl) StdoutLine: {'line': b'copying /home/pawan/yahboomcar_ws_test/yahboomcar_ws/build/yahboomcar_ctrl/build/lib/yahboomcar_ctrl/yahboom_joy_M3Pro.py -> /home/pawan/yahboomcar_ws_test/yahboomcar_ws/install/yahboomcar_ctrl/lib/python3.10/site-packages/yahboomcar_ctrl\n'}
[1.607912] (yahboomcar_ctrl) StdoutLine: {'line': b'copying /home/pawan/yahboomcar_ws_test/yahboomcar_ws/build/yahboomcar_ctrl/build/lib/yahboomcar_ctrl/yahboom_keyboard.py -> /home/pawan/yahboomcar_ws_test/yahboomcar_ws/install/yahboomcar_ctrl/lib/python3.10/site-packages/yahboomcar_ctrl\n'}
[1.607979] (yahboomcar_ctrl) StdoutLine: {'line': b'copying /home/pawan/yahboomcar_ws_test/yahboomcar_ws/build/yahboomcar_ctrl/build/lib/yahboomcar_ctrl/yahboom_joy_R2.py -> /home/pawan/yahboomcar_ws_test/yahboomcar_ws/install/yahboomcar_ctrl/lib/python3.10/site-packages/yahboomcar_ctrl\n'}
[1.608044] (M3Pro_demo) StdoutLine: {'line': b'running install_lib\n'}
[1.608109] (M3Pro_demo) StdoutLine: {'line': b'creating /home/pawan/yahboomcar_ws_test/yahboomcar_ws/install/M3Pro_demo/lib/python3.10/site-packages/M3Pro_demo\n'}
[1.608175] (M3Pro_demo) StdoutLine: {'line': b'copying /home/pawan/yahboomcar_ws_test/yahboomcar_ws/build/M3Pro_demo/build/lib/M3Pro_demo/mediapipe_detect.py -> /home/pawan/yahboomcar_ws_test/yahboomcar_ws/install/M3Pro_demo/lib/python3.10/site-packages/M3Pro_demo\n'}
[1.608292] (M3Pro_demo) StdoutLine: {'line': b'copying /home/pawan/yahboomcar_ws_test/yahboomcar_ws/build/M3Pro_demo/build/lib/M3Pro_demo/color_follow.py -> /home/pawan/yahboomcar_ws_test/yahboomcar_ws/install/M3Pro_demo/lib/python3.10/site-packages/M3Pro_demo\n'}
[1.608370] (M3Pro_demo) StdoutLine: {'line': b'copying /home/pawan/yahboomcar_ws_test/yahboomcar_ws/build/M3Pro_demo/build/lib/M3Pro_demo/apriltag_follow.py -> /home/pawan/yahboomcar_ws_test/yahboomcar_ws/install/M3Pro_demo/lib/python3.10/site-packages/M3Pro_demo\n'}
[1.608434] (M3Pro_demo) StdoutLine: {'line': b'copying /home/pawan/yahboomcar_ws_test/yahboomcar_ws/build/M3Pro_demo/build/lib/M3Pro_demo/color_recognize.py -> /home/pawan/yahboomcar_ws_test/yahboomcar_ws/install/M3Pro_demo/lib/python3.10/site-packages/M3Pro_demo\n'}
[1.608501] (yahboomcar_ctrl) StdoutLine: {'line': b'byte-compiling /home/pawan/yahboomcar_ws_test/yahboomcar_ws/install/yahboomcar_ctrl/lib/python3.10/site-packages/yahboomcar_ctrl/__init__.py to __init__.cpython-310.pyc\n'}
[1.608636] (yahboomcar_ctrl) StdoutLine: {'line': b'byte-compiling /home/pawan/yahboomcar_ws_test/yahboomcar_ws/install/yahboomcar_ctrl/lib/python3.10/site-packages/yahboomcar_ctrl/yahboom_joy_M3Pro.py to yahboom_joy_M3Pro.cpython-310.pyc\n'}
[1.608719] (M3Pro_demo) StdoutLine: {'line': b'copying /home/pawan/yahboomcar_ws_test/yahboomcar_ws/build/M3Pro_demo/build/lib/M3Pro_demo/apriltagID_gesture.py -> /home/pawan/yahboomcar_ws_test/yahboomcar_ws/install/M3Pro_demo/lib/python3.10/site-packages/M3Pro_demo\n'}
[1.608791] (M3Pro_demo) StdoutLine: {'line': b'copying /home/pawan/yahboomcar_ws_test/yahboomcar_ws/build/M3Pro_demo/build/lib/M3Pro_demo/shape_recognize.py -> /home/pawan/yahboomcar_ws_test/yahboomcar_ws/install/M3Pro_demo/lib/python3.10/site-packages/M3Pro_demo\n'}
[1.608858] (M3Pro_demo) StdoutLine: {'line': b'copying /home/pawan/yahboomcar_ws_test/yahboomcar_ws/build/M3Pro_demo/build/lib/M3Pro_demo/__init__.py -> /home/pawan/yahboomcar_ws_test/yahboomcar_ws/install/M3Pro_demo/lib/python3.10/site-packages/M3Pro_demo\n'}
[1.608923] (M3Pro_demo) StdoutLine: {'line': b'copying /home/pawan/yahboomcar_ws_test/yahboomcar_ws/build/M3Pro_demo/build/lib/M3Pro_demo/vutils.py -> /home/pawan/yahboomcar_ws_test/yahboomcar_ws/install/M3Pro_demo/lib/python3.10/site-packages/M3Pro_demo\n'}
[1.608988] (M3Pro_demo) StdoutLine: {'line': b'copying /home/pawan/yahboomcar_ws_test/yahboomcar_ws/build/M3Pro_demo/build/lib/M3Pro_demo/apriltag_track-Circle.py -> /home/pawan/yahboomcar_ws_test/yahboomcar_ws/install/M3Pro_demo/lib/python3.10/site-packages/M3Pro_demo\n'}
[1.609054] (M3Pro_demo) StdoutLine: {'line': b'copying /home/pawan/yahboomcar_ws_test/yahboomcar_ws/build/M3Pro_demo/build/lib/M3Pro_demo/apriltag_detect.py -> /home/pawan/yahboomcar_ws_test/yahboomcar_ws/install/M3Pro_demo/lib/python3.10/site-packages/M3Pro_demo\n'}
[1.609119] (M3Pro_demo) StdoutLine: {'line': b'copying /home/pawan/yahboomcar_ws_test/yahboomcar_ws/build/M3Pro_demo/build/lib/M3Pro_demo/volume_calculations.py -> /home/pawan/yahboomcar_ws_test/yahboomcar_ws/install/M3Pro_demo/lib/python3.10/site-packages/M3Pro_demo\n'}
[1.609198] (M3Pro_demo) StdoutLine: {'line': b'copying /home/pawan/yahboomcar_ws_test/yahboomcar_ws/build/M3Pro_demo/build/lib/M3Pro_demo/KCF_follow_desktop.py -> /home/pawan/yahboomcar_ws_test/yahboomcar_ws/install/M3Pro_demo/lib/python3.10/site-packages/M3Pro_demo\n'}
[1.609301] (M3Pro_demo) StdoutLine: {'line': b'copying /home/pawan/yahboomcar_ws_test/yahboomcar_ws/build/M3Pro_demo/build/lib/M3Pro_demo/apriltag_track.py -> /home/pawan/yahboomcar_ws_test/yahboomcar_ws/install/M3Pro_demo/lib/python3.10/site-packages/M3Pro_demo\n'}
[1.609379] (M3Pro_demo) StdoutLine: {'line': b'copying /home/pawan/yahboomcar_ws_test/yahboomcar_ws/build/M3Pro_demo/build/lib/M3Pro_demo/apriltag_track-Pose[0].py -> /home/pawan/yahboomcar_ws_test/yahboomcar_ws/install/M3Pro_demo/lib/python3.10/site-packages/M3Pro_demo\n'}
[1.609442] (M3Pro_demo) StdoutLine: {'line': b'copying /home/pawan/yahboomcar_ws_test/yahboomcar_ws/build/M3Pro_demo/build/lib/M3Pro_demo/Gesture_Moving.py -> /home/pawan/yahboomcar_ws_test/yahboomcar_ws/install/M3Pro_demo/lib/python3.10/site-packages/M3Pro_demo\n'}
[1.609504] (M3Pro_demo) StdoutLine: {'line': b'copying /home/pawan/yahboomcar_ws_test/yahboomcar_ws/build/M3Pro_demo/build/lib/M3Pro_demo/aruco_track.py -> /home/pawan/yahboomcar_ws_test/yahboomcar_ws/install/M3Pro_demo/lib/python3.10/site-packages/M3Pro_demo\n'}
[1.609574] (M3Pro_demo) StdoutLine: {'line': b'copying /home/pawan/yahboomcar_ws_test/yahboomcar_ws/build/M3Pro_demo/build/lib/M3Pro_demo/apriltag_detect-Copy1.py -> /home/pawan/yahboomcar_ws_test/yahboomcar_ws/install/M3Pro_demo/lib/python3.10/site-packages/M3Pro_demo\n'}
[1.609638] (M3Pro_demo) StdoutLine: {'line': b'copying /home/pawan/yahboomcar_ws_test/yahboomcar_ws/build/M3Pro_demo/build/lib/M3Pro_demo/apriltagHeight_gesture.py -> /home/pawan/yahboomcar_ws_test/yahboomcar_ws/install/M3Pro_demo/lib/python3.10/site-packages/M3Pro_demo\n'}
[1.609699] (M3Pro_demo) StdoutLine: {'line': b'copying /home/pawan/yahboomcar_ws_test/yahboomcar_ws/build/M3Pro_demo/build/lib/M3Pro_demo/apriltag_transport.py -> /home/pawan/yahboomcar_ws_test/yahboomcar_ws/install/M3Pro_demo/lib/python3.10/site-packages/M3Pro_demo\n'}
[1.609763] (M3Pro_demo) StdoutLine: {'line': b'copying /home/pawan/yahboomcar_ws_test/yahboomcar_ws/build/M3Pro_demo/build/lib/M3Pro_demo/follow_common.py -> /home/pawan/yahboomcar_ws_test/yahboomcar_ws/install/M3Pro_demo/lib/python3.10/site-packages/M3Pro_demo\n'}
[1.609835] (M3Pro_demo) StdoutLine: {'line': b'copying /home/pawan/yahboomcar_ws_test/yahboomcar_ws/build/M3Pro_demo/build/lib/M3Pro_demo/M3Pro_Dancing.py -> /home/pawan/yahboomcar_ws_test/yahboomcar_ws/install/M3Pro_demo/lib/python3.10/site-packages/M3Pro_demo\n'}
[1.609897] (M3Pro_demo) StdoutLine: {'line': b'copying /home/pawan/yahboomcar_ws_test/yahboomcar_ws/build/M3Pro_demo/build/lib/M3Pro_demo/color_common.py -> /home/pawan/yahboomcar_ws_test/yahboomcar_ws/install/M3Pro_demo/lib/python3.10/site-packages/M3Pro_demo\n'}
[1.609963] (M3Pro_demo) StdoutLine: {'line': b'copying /home/pawan/yahboomcar_ws_test/yahboomcar_ws/build/M3Pro_demo/build/lib/M3Pro_demo/X5Plus_adjust-Copy1.py -> /home/pawan/yahboomcar_ws_test/yahboomcar_ws/install/M3Pro_demo/lib/python3.10/site-packages/M3Pro_demo\n'}
[1.610028] (M3Pro_demo) StdoutLine: {'line': b'copying /home/pawan/yahboomcar_ws_test/yahboomcar_ws/build/M3Pro_demo/build/lib/M3Pro_demo/Dofbot_Track.py -> /home/pawan/yahboomcar_ws_test/yahboomcar_ws/install/M3Pro_demo/lib/python3.10/site-packages/M3Pro_demo\n'}
[1.610095] (M3Pro_demo) StdoutLine: {'line': b'copying /home/pawan/yahboomcar_ws_test/yahboomcar_ws/build/M3Pro_demo/build/lib/M3Pro_demo/color_list.py -> /home/pawan/yahboomcar_ws_test/yahboomcar_ws/install/M3Pro_demo/lib/python3.10/site-packages/M3Pro_demo\n'}
[1.610163] (M3Pro_demo) StdoutLine: {'line': b'copying /home/pawan/yahboomcar_ws_test/yahboomcar_ws/build/M3Pro_demo/build/lib/M3Pro_demo/color_track_desktop.py -> /home/pawan/yahboomcar_ws_test/yahboomcar_ws/install/M3Pro_demo/lib/python3.10/site-packages/M3Pro_demo\n'}
[1.610270] (M3Pro_demo) StdoutLine: {'line': b'copying /home/pawan/yahboomcar_ws_test/yahboomcar_ws/build/M3Pro_demo/build/lib/M3Pro_demo/apriltag_track-distance.py -> /home/pawan/yahboomcar_ws_test/yahboomcar_ws/install/M3Pro_demo/lib/python3.10/site-packages/M3Pro_demo\n'}
[1.610337] (M3Pro_demo) StdoutLine: {'line': b'copying /home/pawan/yahboomcar_ws_test/yahboomcar_ws/build/M3Pro_demo/build/lib/M3Pro_demo/color_track.py -> /home/pawan/yahboomcar_ws_test/yahboomcar_ws/install/M3Pro_demo/lib/python3.10/site-packages/M3Pro_demo\n'}
[1.610401] (M3Pro_demo) StdoutLine: {'line': b'copying /home/pawan/yahboomcar_ws_test/yahboomcar_ws/build/M3Pro_demo/build/lib/M3Pro_demo/apriltag_follow_3D_V1.py -> /home/pawan/yahboomcar_ws_test/yahboomcar_ws/install/M3Pro_demo/lib/python3.10/site-packages/M3Pro_demo\n'}
[1.610464] (M3Pro_demo) StdoutLine: {'line': b'copying /home/pawan/yahboomcar_ws_test/yahboomcar_ws/build/M3Pro_demo/build/lib/M3Pro_demo/media_library.py -> /home/pawan/yahboomcar_ws_test/yahboomcar_ws/install/M3Pro_demo/lib/python3.10/site-packages/M3Pro_demo\n'}
[1.610534] (M3Pro_demo) StdoutLine: {'line': b'copying /home/pawan/yahboomcar_ws_test/yahboomcar_ws/build/M3Pro_demo/build/lib/M3Pro_demo/apriltag_transport_V2.py -> /home/pawan/yahboomcar_ws_test/yahboomcar_ws/install/M3Pro_demo/lib/python3.10/site-packages/M3Pro_demo\n'}
[1.610657] (M3Pro_demo) StdoutLine: {'line': b'copying /home/pawan/yahboomcar_ws_test/yahboomcar_ws/build/M3Pro_demo/build/lib/M3Pro_demo/estimate_volume.py -> /home/pawan/yahboomcar_ws_test/yahboomcar_ws/install/M3Pro_demo/lib/python3.10/site-packages/M3Pro_demo\n'}
[1.610719] (M3Pro_demo) StdoutLine: {'line': b'copying /home/pawan/yahboomcar_ws_test/yahboomcar_ws/build/M3Pro_demo/build/lib/M3Pro_demo/PID.py -> /home/pawan/yahboomcar_ws_test/yahboomcar_ws/install/M3Pro_demo/lib/python3.10/site-packages/M3Pro_demo\n'}
[1.610781] (M3Pro_demo) StdoutLine: {'line': b'copying /home/pawan/yahboomcar_ws_test/yahboomcar_ws/build/M3Pro_demo/build/lib/M3Pro_demo/KCF_follow.py -> /home/pawan/yahboomcar_ws_test/yahboomcar_ws/install/M3Pro_demo/lib/python3.10/site-packages/M3Pro_demo\n'}
[1.610841] (M3Pro_demo) StdoutLine: {'line': b'copying /home/pawan/yahboomcar_ws_test/yahboomcar_ws/build/M3Pro_demo/build/lib/M3Pro_demo/Robot_PID.py -> /home/pawan/yahboomcar_ws_test/yahboomcar_ws/install/M3Pro_demo/lib/python3.10/site-packages/M3Pro_demo\n'}
[1.610900] (M3Pro_demo) StdoutLine: {'line': b'copying /home/pawan/yahboomcar_ws_test/yahboomcar_ws/build/M3Pro_demo/build/lib/M3Pro_demo/Get_OdomInfo.py -> /home/pawan/yahboomcar_ws_test/yahboomcar_ws/install/M3Pro_demo/lib/python3.10/site-packages/M3Pro_demo\n'}
[1.610965] (yahboomcar_ctrl) StdoutLine: {'line': b'byte-compiling /home/pawan/yahboomcar_ws_test/yahboomcar_ws/install/yahboomcar_ctrl/lib/python3.10/site-packages/yahboomcar_ctrl/yahboom_keyboard.py to yahboom_keyboard.cpython-310.pyc\n'}
[1.611072] (M3Pro_demo) StdoutLine: {'line': b'copying /home/pawan/yahboomcar_ws_test/yahboomcar_ws/build/M3Pro_demo/build/lib/M3Pro_demo/mediapipe_gesture.py -> /home/pawan/yahboomcar_ws_test/yahboomcar_ws/install/M3Pro_demo/lib/python3.10/site-packages/M3Pro_demo\n'}
[1.611133] (M3Pro_demo) StdoutLine: {'line': b'copying /home/pawan/yahboomcar_ws_test/yahboomcar_ws/build/M3Pro_demo/build/lib/M3Pro_demo/apriltag_identify.py -> /home/pawan/yahboomcar_ws_test/yahboomcar_ws/install/M3Pro_demo/lib/python3.10/site-packages/M3Pro_demo\n'}
[1.611199] (M3Pro_demo) StdoutLine: {'line': b'copying /home/pawan/yahboomcar_ws_test/yahboomcar_ws/build/M3Pro_demo/build/lib/M3Pro_demo/arm_offset.py -> /home/pawan/yahboomcar_ws_test/yahboomcar_ws/install/M3Pro_demo/lib/python3.10/site-packages/M3Pro_demo\n'}
[1.611303] (M3Pro_demo) StdoutLine: {'line': b'copying /home/pawan/yahboomcar_ws_test/yahboomcar_ws/build/M3Pro_demo/build/lib/M3Pro_demo/grasp_desktop.py -> /home/pawan/yahboomcar_ws_test/yahboomcar_ws/install/M3Pro_demo/lib/python3.10/site-packages/M3Pro_demo\n'}
[1.611369] (M3Pro_demo) StdoutLine: {'line': b'copying /home/pawan/yahboomcar_ws_test/yahboomcar_ws/build/M3Pro_demo/build/lib/M3Pro_demo/grasp_transport.py -> /home/pawan/yahboomcar_ws_test/yahboomcar_ws/install/M3Pro_demo/lib/python3.10/site-packages/M3Pro_demo\n'}
[1.611436] (M3Pro_demo) StdoutLine: {'line': b'copying /home/pawan/yahboomcar_ws_test/yahboomcar_ws/build/M3Pro_demo/build/lib/M3Pro_demo/compute_pose.py -> /home/pawan/yahboomcar_ws_test/yahboomcar_ws/install/M3Pro_demo/lib/python3.10/site-packages/M3Pro_demo\n'}
[1.611503] (M3Pro_demo) StdoutLine: {'line': b'copying /home/pawan/yahboomcar_ws_test/yahboomcar_ws/build/M3Pro_demo/build/lib/M3Pro_demo/apriltag_track_desktop_no_arm.py -> /home/pawan/yahboomcar_ws_test/yahboomcar_ws/install/M3Pro_demo/lib/python3.10/site-packages/M3Pro_demo\n'}
[1.611572] (M3Pro_demo) StdoutLine: {'line': b'copying /home/pawan/yahboomcar_ws_test/yahboomcar_ws/build/M3Pro_demo/build/lib/M3Pro_demo/Robot_Move.py -> /home/pawan/yahboomcar_ws_test/yahboomcar_ws/install/M3Pro_demo/lib/python3.10/site-packages/M3Pro_demo\n'}
[1.611637] (M3Pro_demo) StdoutLine: {'line': b'copying /home/pawan/yahboomcar_ws_test/yahboomcar_ws/build/M3Pro_demo/build/lib/M3Pro_demo/apriltag_follow_2D.py -> /home/pawan/yahboomcar_ws_test/yahboomcar_ws/install/M3Pro_demo/lib/python3.10/site-packages/M3Pro_demo\n'}
[1.611745] (M3Pro_demo) StdoutLine: {'line': b'copying /home/pawan/yahboomcar_ws_test/yahboomcar_ws/build/M3Pro_demo/build/lib/M3Pro_demo/apriltag_list.py -> /home/pawan/yahboomcar_ws_test/yahboomcar_ws/install/M3Pro_demo/lib/python3.10/site-packages/M3Pro_demo\n'}
[1.611809] (M3Pro_demo) StdoutLine: {'line': b'copying /home/pawan/yahboomcar_ws_test/yahboomcar_ws/build/M3Pro_demo/build/lib/M3Pro_demo/apriltag_track_desktop_onceTrack.py -> /home/pawan/yahboomcar_ws_test/yahboomcar_ws/install/M3Pro_demo/lib/python3.10/site-packages/M3Pro_demo\n'}
[1.611874] (M3Pro_demo) StdoutLine: {'line': b'copying /home/pawan/yahboomcar_ws_test/yahboomcar_ws/build/M3Pro_demo/build/lib/M3Pro_demo/follow_line.py -> /home/pawan/yahboomcar_ws_test/yahboomcar_ws/install/M3Pro_demo/lib/python3.10/site-packages/M3Pro_demo\n'}
[1.611937] (M3Pro_demo) StdoutLine: {'line': b'copying /home/pawan/yahboomcar_ws_test/yahboomcar_ws/build/M3Pro_demo/build/lib/M3Pro_demo/apriltag_track_desktop.py -> /home/pawan/yahboomcar_ws_test/yahboomcar_ws/install/M3Pro_demo/lib/python3.10/site-packages/M3Pro_demo\n'}
[1.612002] (M3Pro_demo) StdoutLine: {'line': b'copying /home/pawan/yahboomcar_ws_test/yahboomcar_ws/build/M3Pro_demo/build/lib/M3Pro_demo/KCF_track.py -> /home/pawan/yahboomcar_ws_test/yahboomcar_ws/install/M3Pro_demo/lib/python3.10/site-packages/M3Pro_demo\n'}
[1.612144] (M3Pro_demo) StdoutLine: {'line': b'copying /home/pawan/yahboomcar_ws_test/yahboomcar_ws/build/M3Pro_demo/build/lib/M3Pro_demo/grasp.py -> /home/pawan/yahboomcar_ws_test/yahboomcar_ws/install/M3Pro_demo/lib/python3.10/site-packages/M3Pro_demo\n'}
[1.612286] (M3Pro_demo) StdoutLine: {'line': b'copying /home/pawan/yahboomcar_ws_test/yahboomcar_ws/build/M3Pro_demo/build/lib/M3Pro_demo/apriltagDist_gesture.py -> /home/pawan/yahboomcar_ws_test/yahboomcar_ws/install/M3Pro_demo/lib/python3.10/site-packages/M3Pro_demo\n'}
[1.612365] (M3Pro_demo) StdoutLine: {'line': b'copying /home/pawan/yahboomcar_ws_test/yahboomcar_ws/build/M3Pro_demo/build/lib/M3Pro_demo/compute_joint5.py -> /home/pawan/yahboomcar_ws_test/yahboomcar_ws/install/M3Pro_demo/lib/python3.10/site-packages/M3Pro_demo\n'}
[1.612435] (M3Pro_demo) StdoutLine: {'line': b'copying /home/pawan/yahboomcar_ws_test/yahboomcar_ws/build/M3Pro_demo/build/lib/M3Pro_demo/color_transport.py -> /home/pawan/yahboomcar_ws_test/yahboomcar_ws/install/M3Pro_demo/lib/python3.10/site-packages/M3Pro_demo\n'}
[1.612502] (M3Pro_demo) StdoutLine: {'line': b'copying /home/pawan/yahboomcar_ws_test/yahboomcar_ws/build/M3Pro_demo/build/lib/M3Pro_demo/KCF_track-Copy1.py -> /home/pawan/yahboomcar_ws_test/yahboomcar_ws/install/M3Pro_demo/lib/python3.10/site-packages/M3Pro_demo\n'}
[1.612568] (M3Pro_demo) StdoutLine: {'line': b'byte-compiling /home/pawan/yahboomcar_ws_test/yahboomcar_ws/install/M3Pro_demo/lib/python3.10/site-packages/M3Pro_demo/mediapipe_detect.py to mediapipe_detect.cpython-310.pyc\n'}
[1.612632] (yahboomcar_ctrl) StdoutLine: {'line': b'byte-compiling /home/pawan/yahboomcar_ws_test/yahboomcar_ws/install/yahboomcar_ctrl/lib/python3.10/site-packages/yahboomcar_ctrl/yahboom_joy_R2.py to yahboom_joy_R2.cpython-310.pyc\n'}
[1.612750] (yahboomcar_ctrl) StdoutLine: {'line': b'running install_data\n'}
[1.612816] (M3Pro_demo) StdoutLine: {'line': b'byte-compiling /home/pawan/yahboomcar_ws_test/yahboomcar_ws/install/M3Pro_demo/lib/python3.10/site-packages/M3Pro_demo/color_follow.py to color_follow.cpython-310.pyc\n'}
[1.612883] (yahboomcar_ctrl) StdoutLine: {'line': b'creating /home/pawan/yahboomcar_ws_test/yahboomcar_ws/install/yahboomcar_ctrl/share/ament_index\n'}
[1.612947] (yahboomcar_ctrl) StdoutLine: {'line': b'creating /home/pawan/yahboomcar_ws_test/yahboomcar_ws/install/yahboomcar_ctrl/share/ament_index/resource_index\n'}
[1.613010] (yahboomcar_ctrl) StdoutLine: {'line': b'creating /home/pawan/yahboomcar_ws_test/yahboomcar_ws/install/yahboomcar_ctrl/share/ament_index/resource_index/packages\n'}
[1.613079] (yahboomcar_ctrl) StdoutLine: {'line': b'copying resource/yahboomcar_ctrl -> /home/pawan/yahboomcar_ws_test/yahboomcar_ws/install/yahboomcar_ctrl/share/ament_index/resource_index/packages\n'}
[1.613173] (yahboomcar_ctrl) StdoutLine: {'line': b'copying package.xml -> /home/pawan/yahboomcar_ws_test/yahboomcar_ws/install/yahboomcar_ctrl/share/yahboomcar_ctrl\n'}
[1.613253] (yahboomcar_ctrl) StdoutLine: {'line': b'creating /home/pawan/yahboomcar_ws_test/yahboomcar_ws/install/yahboomcar_ctrl/share/yahboomcar_ctrl/launch\n'}
[1.613331] (yahboomcar_ctrl) StdoutLine: {'line': b'copying launch/yahboomcar_joy_launch.py -> /home/pawan/yahboomcar_ws_test/yahboomcar_ws/install/yahboomcar_ctrl/share/yahboomcar_ctrl/launch\n'}
[1.613396] (yahboomcar_ctrl) StdoutLine: {'line': b'running install_egg_info\n'}
[1.613458] (yahboomcar_ctrl) StdoutLine: {'line': b'Copying ../../build/yahboomcar_ctrl/yahboomcar_ctrl.egg-info to /home/pawan/yahboomcar_ws_test/yahboomcar_ws/install/yahboomcar_ctrl/lib/python3.10/site-packages/yahboomcar_ctrl-0.0.0-py3.10.egg-info\n'}
[1.613527] (yahboomcar_ctrl) StdoutLine: {'line': b'running install_scripts\n'}
[1.613589] (arm_driver) StdoutLine: {'line': b'running egg_info\n'}
[1.613678] (arm_driver) StdoutLine: {'line': b'creating ../../build/arm_driver/arm_driver.egg-info\n'}
[1.613743] (arm_driver) StdoutLine: {'line': b'writing ../../build/arm_driver/arm_driver.egg-info/PKG-INFO\n'}
[1.613808] (arm_driver) StdoutLine: {'line': b'writing dependency_links to ../../build/arm_driver/arm_driver.egg-info/dependency_links.txt\n'}
[1.613876] (arm_driver) StdoutLine: {'line': b'writing entry points to ../../build/arm_driver/arm_driver.egg-info/entry_points.txt\n'}
[1.613947] (arm_driver) StdoutLine: {'line': b'writing requirements to ../../build/arm_driver/arm_driver.egg-info/requires.txt\n'}
[1.614018] (arm_driver) StdoutLine: {'line': b'writing top-level names to ../../build/arm_driver/arm_driver.egg-info/top_level.txt\n'}
[1.614086] (arm_driver) StdoutLine: {'line': b"writing manifest file '../../build/arm_driver/arm_driver.egg-info/SOURCES.txt'\n"}
[1.614152] (M3Pro_demo) StdoutLine: {'line': b'byte-compiling /home/pawan/yahboomcar_ws_test/yahboomcar_ws/install/M3Pro_demo/lib/python3.10/site-packages/M3Pro_demo/apriltag_follow.py to apriltag_follow.cpython-310.pyc\n'}
[1.614356] (arm_driver) StdoutLine: {'line': b"reading manifest file '../../build/arm_driver/arm_driver.egg-info/SOURCES.txt'\n"}
[1.614444] (M3Pro_demo) StdoutLine: {'line': b'byte-compiling /home/pawan/yahboomcar_ws_test/yahboomcar_ws/install/M3Pro_demo/lib/python3.10/site-packages/M3Pro_demo/color_recognize.py to color_recognize.cpython-310.pyc\n'}
[1.614526] (arm_driver) StdoutLine: {'line': b"writing manifest file '../../build/arm_driver/arm_driver.egg-info/SOURCES.txt'\n"}
[1.614603] (arm_driver) StdoutLine: {'line': b'running build\n'}
[1.614676] (arm_driver) StdoutLine: {'line': b'running build_py\n'}
[1.614746] (arm_driver) StdoutLine: {'line': b'creating /home/pawan/yahboomcar_ws_test/yahboomcar_ws/build/arm_driver/build\n'}
[1.614817] (arm_driver) StdoutLine: {'line': b'creating /home/pawan/yahboomcar_ws_test/yahboomcar_ws/build/arm_driver/build/lib\n'}
[1.614913] (arm_driver) StdoutLine: {'line': b'creating /home/pawan/yahboomcar_ws_test/yahboomcar_ws/build/arm_driver/build/lib/arm_driver\n'}
[1.614979] (arm_driver) StdoutLine: {'line': b'copying arm_driver/__init__.py -> /home/pawan/yahboomcar_ws_test/yahboomcar_ws/build/arm_driver/build/lib/arm_driver\n'}
[1.615043] (arm_driver) StdoutLine: {'line': b'copying arm_driver/arm_driver.py -> /home/pawan/yahboomcar_ws_test/yahboomcar_ws/build/arm_driver/build/lib/arm_driver\n'}
[1.615108] (arm_driver) StdoutLine: {'line': b'running install\n'}
[1.615172] (arm_driver) StdoutLine: {'line': b'running install_lib\n'}
[1.615799] (arm_driver) StdoutLine: {'line': b'creating /home/pawan/yahboomcar_ws_test/yahboomcar_ws/install/arm_driver/lib/python3.10/site-packages/arm_driver\n'}
[1.615863] (arm_driver) StdoutLine: {'line': b'copying /home/pawan/yahboomcar_ws_test/yahboomcar_ws/build/arm_driver/build/lib/arm_driver/__init__.py -> /home/pawan/yahboomcar_ws_test/yahboomcar_ws/install/arm_driver/lib/python3.10/site-packages/arm_driver\n'}
[1.615935] (arm_driver) StdoutLine: {'line': b'copying /home/pawan/yahboomcar_ws_test/yahboomcar_ws/build/arm_driver/build/lib/arm_driver/arm_driver.py -> /home/pawan/yahboomcar_ws_test/yahboomcar_ws/install/arm_driver/lib/python3.10/site-packages/arm_driver\n'}
[1.615998] (arm_driver) StdoutLine: {'line': b'byte-compiling /home/pawan/yahboomcar_ws_test/yahboomcar_ws/install/arm_driver/lib/python3.10/site-packages/arm_driver/__init__.py to __init__.cpython-310.pyc\n'}
[1.616060] (arm_driver) StdoutLine: {'line': b'byte-compiling /home/pawan/yahboomcar_ws_test/yahboomcar_ws/install/arm_driver/lib/python3.10/site-packages/arm_driver/arm_driver.py to arm_driver.cpython-310.pyc\n'}
[1.616206] (arm_driver) StdoutLine: {'line': b'running install_data\n'}
[1.616291] (arm_driver) StdoutLine: {'line': b'creating /home/pawan/yahboomcar_ws_test/yahboomcar_ws/install/arm_driver/share/ament_index\n'}
[1.616332] (arm_driver) StdoutLine: {'line': b'creating /home/pawan/yahboomcar_ws_test/yahboomcar_ws/install/arm_driver/share/ament_index/resource_index\n'}
[1.616367] (arm_driver) StdoutLine: {'line': b'creating /home/pawan/yahboomcar_ws_test/yahboomcar_ws/install/arm_driver/share/ament_index/resource_index/packages\n'}
[1.616401] (arm_driver) StdoutLine: {'line': b'copying resource/arm_driver -> /home/pawan/yahboomcar_ws_test/yahboomcar_ws/install/arm_driver/share/ament_index/resource_index/packages\n'}
[1.616433] (arm_driver) StdoutLine: {'line': b'copying package.xml -> /home/pawan/yahboomcar_ws_test/yahboomcar_ws/install/arm_driver/share/arm_driver\n'}
[1.616463] (arm_driver) StdoutLine: {'line': b'running install_egg_info\n'}
[1.616528] (M3Pro_demo) StdoutLine: {'line': b'byte-compiling /home/pawan/yahboomcar_ws_test/yahboomcar_ws/install/M3Pro_demo/lib/python3.10/site-packages/M3Pro_demo/apriltagID_gesture.py to apriltagID_gesture.cpython-310.pyc\n'}
[1.616765] (M3Pro_demo) StdoutLine: {'line': b'byte-compiling /home/pawan/yahboomcar_ws_test/yahboomcar_ws/install/M3Pro_demo/lib/python3.10/site-packages/M3Pro_demo/shape_recognize.py to shape_recognize.cpython-310.pyc\n'}
[1.617250] (yahboom_M3Pro_laser) JobEnded: {'identifier': 'yahboom_M3Pro_laser', 'rc': 'SIGINT'}
[1.617457] (arm_driver) StdoutLine: {'line': b'Copying ../../build/arm_driver/arm_driver.egg-info to /home/pawan/yahboomcar_ws_test/yahboomcar_ws/install/arm_driver/lib/python3.10/site-packages/arm_driver-0.0.0-py3.10.egg-info\n'}
[1.617788] (arm_driver) StdoutLine: {'line': b'running install_scripts\n'}
[1.618373] (M3Pro_demo) StdoutLine: {'line': b'byte-compiling /home/pawan/yahboomcar_ws_test/yahboomcar_ws/install/M3Pro_demo/lib/python3.10/site-packages/M3Pro_demo/__init__.py to __init__.cpython-310.pyc\n'}
[1.618454] (M3Pro_demo) StdoutLine: {'line': b'byte-compiling /home/pawan/yahboomcar_ws_test/yahboomcar_ws/install/M3Pro_demo/lib/python3.10/site-packages/M3Pro_demo/vutils.py to vutils.cpython-310.pyc\n'}
[1.618930] (M3Pro_demo) StdoutLine: {'line': b'byte-compiling /home/pawan/yahboomcar_ws_test/yahboomcar_ws/install/M3Pro_demo/lib/python3.10/site-packages/M3Pro_demo/apriltag_track-Circle.py to apriltag_track-Circle.cpython-310.pyc\n'}
[1.619240] (arm_interface) StdoutLine: {'line': b'-- Found PythonLibs: /usr/lib/x86_64-linux-gnu/libpython3.10.so (found suitable version "3.10.12", minimum required is "3.5") \n'}
[1.619286] (yahboom_M3Pro_description) JobEnded: {'identifier': 'yahboom_M3Pro_description', 'rc': 'SIGINT'}
[1.619443] (arm_interface) StdoutLine: {'line': b'-- Using PYTHON_EXECUTABLE: /usr/bin/python3\n'}
[1.619481] (arm_interface) StdoutLine: {'line': b'-- Using PYTHON_INCLUDE_DIRS: /usr/include/python3.10\n'}
[1.619511] (arm_interface) StdoutLine: {'line': b'-- Using PYTHON_LIBRARIES: /usr/lib/x86_64-linux-gnu/libpython3.10.so\n'}
[1.619927] (M3Pro_demo) StdoutLine: {'line': b'byte-compiling /home/pawan/yahboomcar_ws_test/yahboomcar_ws/install/M3Pro_demo/lib/python3.10/site-packages/M3Pro_demo/apriltag_detect.py to apriltag_detect.cpython-310.pyc\n'}
[1.621385] (M3Pro_demo) StdoutLine: {'line': b'byte-compiling /home/pawan/yahboomcar_ws_test/yahboomcar_ws/install/M3Pro_demo/lib/python3.10/site-packages/M3Pro_demo/volume_calculations.py to volume_calculations.cpython-310.pyc\n'}
[1.622814] (M3Pro_demo) StdoutLine: {'line': b'byte-compiling /home/pawan/yahboomcar_ws_test/yahboomcar_ws/install/M3Pro_demo/lib/python3.10/site-packages/M3Pro_demo/KCF_follow_desktop.py to KCF_follow_desktop.cpython-310.pyc\n'}
[1.624251] (M3Pro_demo) StdoutLine: {'line': b'byte-compiling /home/pawan/yahboomcar_ws_test/yahboomcar_ws/install/M3Pro_demo/lib/python3.10/site-packages/M3Pro_demo/apriltag_track.py to apriltag_track.cpython-310.pyc\n'}
[1.625328] (M3Pro_demo) StdoutLine: {'line': b'byte-compiling /home/pawan/yahboomcar_ws_test/yahboomcar_ws/install/M3Pro_demo/lib/python3.10/site-packages/M3Pro_demo/apriltag_track-Pose[0].py to apriltag_track-Pose[0].cpython-310.pyc\n'}
[1.626451] (M3Pro_demo) StdoutLine: {'line': b'byte-compiling /home/pawan/yahboomcar_ws_test/yahboomcar_ws/install/M3Pro_demo/lib/python3.10/site-packages/M3Pro_demo/Gesture_Moving.py to Gesture_Moving.cpython-310.pyc\n'}
[1.627354] (M3Pro_demo) StdoutLine: {'line': b'byte-compiling /home/pawan/yahboomcar_ws_test/yahboomcar_ws/install/M3Pro_demo/lib/python3.10/site-packages/M3Pro_demo/aruco_track.py to aruco_track.cpython-310.pyc\n'}
[1.627822] (M3Pro_demo) StdoutLine: {'line': b'byte-compiling /home/pawan/yahboomcar_ws_test/yahboomcar_ws/install/M3Pro_demo/lib/python3.10/site-packages/M3Pro_demo/apriltag_detect-Copy1.py to apriltag_detect-Copy1.cpython-310.pyc\n'}
[1.628431] (M3Pro_demo) StdoutLine: {'line': b'byte-compiling /home/pawan/yahboomcar_ws_test/yahboomcar_ws/install/M3Pro_demo/lib/python3.10/site-packages/M3Pro_demo/apriltagHeight_gesture.py to apriltagHeight_gesture.cpython-310.pyc\n'}
[1.630233] (M3Pro_demo) StdoutLine: {'line': b'byte-compiling /home/pawan/yahboomcar_ws_test/yahboomcar_ws/install/M3Pro_demo/lib/python3.10/site-packages/M3Pro_demo/apriltag_transport.py to apriltag_transport.cpython-310.pyc\n'}
[1.630564] (yahboomcar_ctrl) StdoutLine: {'line': b'Installing yahboom_joy_M3Pro script to /home/pawan/yahboomcar_ws_test/yahboomcar_ws/install/yahboomcar_ctrl/lib/yahboomcar_ctrl\n'}
[1.630669] (yahboomcar_ctrl) StdoutLine: {'line': b'Installing yahboom_joy_R2 script to /home/pawan/yahboomcar_ws_test/yahboomcar_ws/install/yahboomcar_ctrl/lib/yahboomcar_ctrl\n'}
[1.630785] (yahboomcar_ctrl) StdoutLine: {'line': b'Installing yahboom_keyboard script to /home/pawan/yahboomcar_ws_test/yahboomcar_ws/install/yahboomcar_ctrl/lib/yahboomcar_ctrl\n'}
[1.631143] (arm_driver) StdoutLine: {'line': b'Installing arm_driver script to /home/pawan/yahboomcar_ws_test/yahboomcar_ws/install/arm_driver/lib/arm_driver\n'}
[1.631214] (yahboomcar_ctrl) StdoutLine: {'line': b"writing list of installed files to '/home/pawan/yahboomcar_ws_test/yahboomcar_ws/build/yahboomcar_ctrl/install.log'\n"}
[1.631322] (arm_driver) StdoutLine: {'line': b"writing list of installed files to '/home/pawan/yahboomcar_ws_test/yahboomcar_ws/build/arm_driver/install.log'\n"}
[1.632300] (M3Pro_demo) StdoutLine: {'line': b'byte-compiling /home/pawan/yahboomcar_ws_test/yahboomcar_ws/install/M3Pro_demo/lib/python3.10/site-packages/M3Pro_demo/follow_common.py to follow_common.cpython-310.pyc\n'}
[1.633440] (M3Pro_demo) StdoutLine: {'line': b'byte-compiling /home/pawan/yahboomcar_ws_test/yahboomcar_ws/install/M3Pro_demo/lib/python3.10/site-packages/M3Pro_demo/M3Pro_Dancing.py to M3Pro_Dancing.cpython-310.pyc\n'}
[1.634227] (M3Pro_demo) StdoutLine: {'line': b'byte-compiling /home/pawan/yahboomcar_ws_test/yahboomcar_ws/install/M3Pro_demo/lib/python3.10/site-packages/M3Pro_demo/color_common.py to color_common.cpython-310.pyc\n'}
[1.636723] (M3Pro_demo) StdoutLine: {'line': b'byte-compiling /home/pawan/yahboomcar_ws_test/yahboomcar_ws/install/M3Pro_demo/lib/python3.10/site-packages/M3Pro_demo/X5Plus_adjust-Copy1.py to X5Plus_adjust-Copy1.cpython-310.pyc\n'}
[1.637439] (M3Pro_demo) StdoutLine: {'line': b'byte-compiling /home/pawan/yahboomcar_ws_test/yahboomcar_ws/install/M3Pro_demo/lib/python3.10/site-packages/M3Pro_demo/Dofbot_Track.py to Dofbot_Track.cpython-310.pyc\n'}
[1.638837] (M3Pro_demo) StdoutLine: {'line': b'byte-compiling /home/pawan/yahboomcar_ws_test/yahboomcar_ws/install/M3Pro_demo/lib/python3.10/site-packages/M3Pro_demo/color_list.py to color_list.cpython-310.pyc\n'}
[1.640749] (arm_interface) StdoutLine: {'line': b'-- Found PythonExtra: .so  \n'}
[1.640962] (M3Pro_demo) StdoutLine: {'line': b'byte-compiling /home/pawan/yahboomcar_ws_test/yahboomcar_ws/install/M3Pro_demo/lib/python3.10/site-packages/M3Pro_demo/color_track_desktop.py to color_track_desktop.cpython-310.pyc\n'}
[1.643243] (M3Pro_demo) StdoutLine: {'line': b'byte-compiling /home/pawan/yahboomcar_ws_test/yahboomcar_ws/install/M3Pro_demo/lib/python3.10/site-packages/M3Pro_demo/apriltag_track-distance.py to apriltag_track-distance.cpython-310.pyc\n'}
[1.644389] (M3Pro_demo) StdoutLine: {'line': b'byte-compiling /home/pawan/yahboomcar_ws_test/yahboomcar_ws/install/M3Pro_demo/lib/python3.10/site-packages/M3Pro_demo/color_track.py to color_track.cpython-310.pyc\n'}
[1.646715] (M3Pro_demo) StdoutLine: {'line': b'byte-compiling /home/pawan/yahboomcar_ws_test/yahboomcar_ws/install/M3Pro_demo/lib/python3.10/site-packages/M3Pro_demo/apriltag_follow_3D_V1.py to apriltag_follow_3D_V1.cpython-310.pyc\n'}
[1.648433] (arm_driver) JobEnded: {'identifier': 'arm_driver', 'rc': 'SIGINT'}
[1.648842] (M3Pro_demo) StdoutLine: {'line': b'byte-compiling /home/pawan/yahboomcar_ws_test/yahboomcar_ws/install/M3Pro_demo/lib/python3.10/site-packages/M3Pro_demo/media_library.py to media_library.cpython-310.pyc\n'}
[1.649857] (M3Pro_demo) StdoutLine: {'line': b'byte-compiling /home/pawan/yahboomcar_ws_test/yahboomcar_ws/install/M3Pro_demo/lib/python3.10/site-packages/M3Pro_demo/apriltag_transport_V2.py to apriltag_transport_V2.cpython-310.pyc\n'}
[1.651793] (M3Pro_demo) StdoutLine: {'line': b'byte-compiling /home/pawan/yahboomcar_ws_test/yahboomcar_ws/install/M3Pro_demo/lib/python3.10/site-packages/M3Pro_demo/estimate_volume.py to estimate_volume.cpython-310.pyc\n'}
[1.653752] (M3Pro_demo) StdoutLine: {'line': b'byte-compiling /home/pawan/yahboomcar_ws_test/yahboomcar_ws/install/M3Pro_demo/lib/python3.10/site-packages/M3Pro_demo/PID.py to PID.cpython-310.pyc\n'}
[1.653973] (M3Pro_demo) StdoutLine: {'line': b'byte-compiling /home/pawan/yahboomcar_ws_test/yahboomcar_ws/install/M3Pro_demo/lib/python3.10/site-packages/M3Pro_demo/KCF_follow.py to KCF_follow.cpython-310.pyc\n'}
[1.655405] (M3Pro_demo) StdoutLine: {'line': b'byte-compiling /home/pawan/yahboomcar_ws_test/yahboomcar_ws/install/M3Pro_demo/lib/python3.10/site-packages/M3Pro_demo/Robot_PID.py to Robot_PID.cpython-310.pyc\n'}
[1.655691] (M3Pro_demo) StdoutLine: {'line': b'byte-compiling /home/pawan/yahboomcar_ws_test/yahboomcar_ws/install/M3Pro_demo/lib/python3.10/site-packages/M3Pro_demo/Get_OdomInfo.py to Get_OdomInfo.cpython-310.pyc\n'}
[1.655911] (M3Pro_demo) StdoutLine: {'line': b'byte-compiling /home/pawan/yahboomcar_ws_test/yahboomcar_ws/install/M3Pro_demo/lib/python3.10/site-packages/M3Pro_demo/mediapipe_gesture.py to mediapipe_gesture.cpython-310.pyc\n'}
[1.656401] (M3Pro_demo) StdoutLine: {'line': b'byte-compiling /home/pawan/yahboomcar_ws_test/yahboomcar_ws/install/M3Pro_demo/lib/python3.10/site-packages/M3Pro_demo/apriltag_identify.py to apriltag_identify.cpython-310.pyc\n'}
[1.656923] (yahboomcar_msgs) StdoutLine: {'line': b'-- Found rosidl_default_generators: 1.2.1 (/opt/ros/humble/share/rosidl_default_generators/cmake)\n'}
[1.657774] (M3Pro_demo) StdoutLine: {'line': b'byte-compiling /home/pawan/yahboomcar_ws_test/yahboomcar_ws/install/M3Pro_demo/lib/python3.10/site-packages/M3Pro_demo/arm_offset.py to arm_offset.cpython-310.pyc\n'}
[1.658851] (yahboomcar_msgs) StdoutLine: {'line': b'-- Using all available rosidl_typesupport_c: rosidl_typesupport_fastrtps_c;rosidl_typesupport_introspection_c\n'}
[1.659112] (M3Pro_demo) StdoutLine: {'line': b'byte-compiling /home/pawan/yahboomcar_ws_test/yahboomcar_ws/install/M3Pro_demo/lib/python3.10/site-packages/M3Pro_demo/grasp_desktop.py to grasp_desktop.cpython-310.pyc\n'}
[1.659601] (yahboomcar_ctrl) JobEnded: {'identifier': 'yahboomcar_ctrl', 'rc': 'SIGINT'}
[1.660271] (M3Pro_demo) StdoutLine: {'line': b'byte-compiling /home/pawan/yahboomcar_ws_test/yahboomcar_ws/install/M3Pro_demo/lib/python3.10/site-packages/M3Pro_demo/grasp_transport.py to grasp_transport.cpython-310.pyc\n'}
[1.661580] (M3Pro_demo) StdoutLine: {'line': b'byte-compiling /home/pawan/yahboomcar_ws_test/yahboomcar_ws/install/M3Pro_demo/lib/python3.10/site-packages/M3Pro_demo/compute_pose.py to compute_pose.cpython-310.pyc\n'}
[1.662959] (M3Pro_demo) StdoutLine: {'line': b'byte-compiling /home/pawan/yahboomcar_ws_test/yahboomcar_ws/install/M3Pro_demo/lib/python3.10/site-packages/M3Pro_demo/apriltag_track_desktop_no_arm.py to apriltag_track_desktop_no_arm.cpython-310.pyc\n'}
[1.663122] (yahboomcar_msgs) StdoutLine: {'line': b'-- Found rosidl_adapter: 3.1.8 (/opt/ros/humble/share/rosidl_adapter/cmake)\n'}
[1.664402] (M3Pro_demo) StdoutLine: {'line': b'byte-compiling /home/pawan/yahboomcar_ws_test/yahboomcar_ws/install/M3Pro_demo/lib/python3.10/site-packages/M3Pro_demo/Robot_Move.py to Robot_Move.cpython-310.pyc\n'}
[1.664597] (M3Pro_demo) StdoutLine: {'line': b'byte-compiling /home/pawan/yahboomcar_ws_test/yahboomcar_ws/install/M3Pro_demo/lib/python3.10/site-packages/M3Pro_demo/apriltag_follow_2D.py to apriltag_follow_2D.cpython-310.pyc\n'}
[1.666251] (M3Pro_demo) StdoutLine: {'line': b'byte-compiling /home/pawan/yahboomcar_ws_test/yahboomcar_ws/install/M3Pro_demo/lib/python3.10/site-packages/M3Pro_demo/apriltag_list.py to apriltag_list.cpython-310.pyc\n'}
[1.667730] (M3Pro_demo) StdoutLine: {'line': b'byte-compiling /home/pawan/yahboomcar_ws_test/yahboomcar_ws/install/M3Pro_demo/lib/python3.10/site-packages/M3Pro_demo/apriltag_track_desktop_onceTrack.py to apriltag_track_desktop_onceTrack.cpython-310.pyc\n'}
[1.669584] (M3Pro_demo) StdoutLine: {'line': b'byte-compiling /home/pawan/yahboomcar_ws_test/yahboomcar_ws/install/M3Pro_demo/lib/python3.10/site-packages/M3Pro_demo/follow_line.py to follow_line.cpython-310.pyc\n'}
[1.671429] (M3Pro_demo) StdoutLine: {'line': b'byte-compiling /home/pawan/yahboomcar_ws_test/yahboomcar_ws/install/M3Pro_demo/lib/python3.10/site-packages/M3Pro_demo/apriltag_track_desktop.py to apriltag_track_desktop.cpython-310.pyc\n'}
[1.673350] (M3Pro_demo) StdoutLine: {'line': b'byte-compiling /home/pawan/yahboomcar_ws_test/yahboomcar_ws/install/M3Pro_demo/lib/python3.10/site-packages/M3Pro_demo/KCF_track.py to KCF_track.cpython-310.pyc\n'}
[1.674172] (M3Pro_demo) StdoutLine: {'line': b'byte-compiling /home/pawan/yahboomcar_ws_test/yahboomcar_ws/install/M3Pro_demo/lib/python3.10/site-packages/M3Pro_demo/grasp.py to grasp.cpython-310.pyc\n'}
[1.675433] (M3Pro_demo) StdoutLine: {'line': b'byte-compiling /home/pawan/yahboomcar_ws_test/yahboomcar_ws/install/M3Pro_demo/lib/python3.10/site-packages/M3Pro_demo/apriltagDist_gesture.py to apriltagDist_gesture.cpython-310.pyc\n'}
[1.677092] (M3Pro_demo) StdoutLine: {'line': b'byte-compiling /home/pawan/yahboomcar_ws_test/yahboomcar_ws/install/M3Pro_demo/lib/python3.10/site-packages/M3Pro_demo/compute_joint5.py to compute_joint5.cpython-310.pyc\n'}
[1.677229] (M3Pro_demo) StdoutLine: {'line': b'byte-compiling /home/pawan/yahboomcar_ws_test/yahboomcar_ws/install/M3Pro_demo/lib/python3.10/site-packages/M3Pro_demo/color_transport.py to color_transport.cpython-310.pyc\n'}
[1.679395] (M3Pro_demo) StdoutLine: {'line': b'byte-compiling /home/pawan/yahboomcar_ws_test/yahboomcar_ws/install/M3Pro_demo/lib/python3.10/site-packages/M3Pro_demo/KCF_track-Copy1.py to KCF_track-Copy1.cpython-310.pyc\n'}
[1.680015] (M3Pro_demo) StdoutLine: {'line': b'running install_data\n'}
[1.680111] (M3Pro_demo) StdoutLine: {'line': b'creating /home/pawan/yahboomcar_ws_test/yahboomcar_ws/install/M3Pro_demo/share/ament_index\n'}
[1.680213] (M3Pro_demo) StdoutLine: {'line': b'creating /home/pawan/yahboomcar_ws_test/yahboomcar_ws/install/M3Pro_demo/share/ament_index/resource_index\n'}
[1.680321] (M3Pro_demo) StdoutLine: {'line': b'creating /home/pawan/yahboomcar_ws_test/yahboomcar_ws/install/M3Pro_demo/share/ament_index/resource_index/packages\n'}
[1.680395] (M3Pro_demo) StdoutLine: {'line': b'copying resource/M3Pro_demo -> /home/pawan/yahboomcar_ws_test/yahboomcar_ws/install/M3Pro_demo/share/ament_index/resource_index/packages\n'}
[1.680458] (M3Pro_demo) StdoutLine: {'line': b'copying package.xml -> /home/pawan/yahboomcar_ws_test/yahboomcar_ws/install/M3Pro_demo/share/M3Pro_demo\n'}
[1.680519] (M3Pro_demo) StdoutLine: {'line': b'creating /home/pawan/yahboomcar_ws_test/yahboomcar_ws/install/M3Pro_demo/share/M3Pro_demo/launch\n'}
[1.680579] (M3Pro_demo) StdoutLine: {'line': b'copying launch/camera_arm_kin.launch.py -> /home/pawan/yahboomcar_ws_test/yahboomcar_ws/install/M3Pro_demo/share/M3Pro_demo/launch\n'}
[1.680640] (M3Pro_demo) StdoutLine: {'line': b'running install_egg_info\n'}
[1.681610] (M3Pro_demo) StdoutLine: {'line': b'Copying ../../build/M3Pro_demo/M3Pro_demo.egg-info to /home/pawan/yahboomcar_ws_test/yahboomcar_ws/install/M3Pro_demo/lib/python3.10/site-packages/M3Pro_demo-0.0.0-py3.10.egg-info\n'}
[1.682028] (M3Pro_demo) StdoutLine: {'line': b'running install_scripts\n'}
[1.690938] (yahboom_M3Pro_DepthCam) StdoutLine: {'line': b'running egg_info\n'}
[1.691412] (yahboom_M3Pro_DepthCam) StdoutLine: {'line': b'creating ../../build/yahboom_M3Pro_DepthCam/yahboom_M3Pro_DepthCam.egg-info\n'}
[1.691510] (yahboom_M3Pro_DepthCam) StdoutLine: {'line': b'writing ../../build/yahboom_M3Pro_DepthCam/yahboom_M3Pro_DepthCam.egg-info/PKG-INFO\n'}
[1.691629] (yahboom_M3Pro_DepthCam) StdoutLine: {'line': b'writing dependency_links to ../../build/yahboom_M3Pro_DepthCam/yahboom_M3Pro_DepthCam.egg-info/dependency_links.txt\n'}
[1.691751] (yahboom_M3Pro_DepthCam) StdoutLine: {'line': b'writing entry points to ../../build/yahboom_M3Pro_DepthCam/yahboom_M3Pro_DepthCam.egg-info/entry_points.txt\n'}
[1.691820] (yahboom_M3Pro_DepthCam) StdoutLine: {'line': b'writing requirements to ../../build/yahboom_M3Pro_DepthCam/yahboom_M3Pro_DepthCam.egg-info/requires.txt\n'}
[1.691909] (yahboom_M3Pro_DepthCam) StdoutLine: {'line': b'writing top-level names to ../../build/yahboom_M3Pro_DepthCam/yahboom_M3Pro_DepthCam.egg-info/top_level.txt\n'}
[1.691994] (yahboom_M3Pro_DepthCam) StdoutLine: {'line': b"writing manifest file '../../build/yahboom_M3Pro_DepthCam/yahboom_M3Pro_DepthCam.egg-info/SOURCES.txt'\n"}
[1.692881] (yahboom_M3Pro_DepthCam) StdoutLine: {'line': b"reading manifest file '../../build/yahboom_M3Pro_DepthCam/yahboom_M3Pro_DepthCam.egg-info/SOURCES.txt'\n"}
[1.694139] (yahboom_M3Pro_DepthCam) StdoutLine: {'line': b"writing manifest file '../../build/yahboom_M3Pro_DepthCam/yahboom_M3Pro_DepthCam.egg-info/SOURCES.txt'\n"}
[1.694213] (yahboom_M3Pro_DepthCam) StdoutLine: {'line': b'running build\n'}
[1.694278] (yahboom_M3Pro_DepthCam) StdoutLine: {'line': b'running build_py\n'}
[1.694366] (yahboom_M3Pro_DepthCam) StdoutLine: {'line': b'creating /home/pawan/yahboomcar_ws_test/yahboomcar_ws/build/yahboom_M3Pro_DepthCam/build\n'}
[1.694510] (yahboomcar_msgs) StdoutLine: {'line': b'-- Using all available rosidl_typesupport_cpp: rosidl_typesupport_fastrtps_cpp;rosidl_typesupport_introspection_cpp\n'}
[1.694584] (yahboom_M3Pro_DepthCam) StdoutLine: {'line': b'creating /home/pawan/yahboomcar_ws_test/yahboomcar_ws/build/yahboom_M3Pro_DepthCam/build/lib\n'}
[1.694647] (yahboom_M3Pro_DepthCam) StdoutLine: {'line': b'creating /home/pawan/yahboomcar_ws_test/yahboomcar_ws/build/yahboom_M3Pro_DepthCam/build/lib/yahboom_M3Pro_DepthCam\n'}
[1.694710] (yahboom_M3Pro_DepthCam) StdoutLine: {'line': b'copying yahboom_M3Pro_DepthCam/Measure_Distance.py -> /home/pawan/yahboomcar_ws_test/yahboomcar_ws/build/yahboom_M3Pro_DepthCam/build/lib/yahboom_M3Pro_DepthCam\n'}
[1.694773] (yahboom_M3Pro_DepthCam) StdoutLine: {'line': b'copying yahboom_M3Pro_DepthCam/__init__.py -> /home/pawan/yahboomcar_ws_test/yahboomcar_ws/build/yahboom_M3Pro_DepthCam/build/lib/yahboom_M3Pro_DepthCam\n'}
[1.694837] (yahboom_M3Pro_DepthCam) StdoutLine: {'line': b'copying yahboom_M3Pro_DepthCam/GetDepthColor.py -> /home/pawan/yahboomcar_ws_test/yahboomcar_ws/build/yahboom_M3Pro_DepthCam/build/lib/yahboom_M3Pro_DepthCam\n'}
[1.694925] (yahboom_M3Pro_DepthCam) StdoutLine: {'line': b'copying yahboom_M3Pro_DepthCam/Edge_Detection.py -> /home/pawan/yahboomcar_ws_test/yahboomcar_ws/build/yahboom_M3Pro_DepthCam/build/lib/yahboom_M3Pro_DepthCam\n'}
[1.694984] (yahboom_M3Pro_DepthCam) StdoutLine: {'line': b'running install\n'}
[1.695043] (yahboom_M3Pro_DepthCam) StdoutLine: {'line': b'running install_lib\n'}
[1.695171] (M3Pro_demo) StdoutLine: {'line': b'Installing Gesture_Moving script to /home/pawan/yahboomcar_ws_test/yahboomcar_ws/install/M3Pro_demo/lib/M3Pro_demo\n'}
[1.695323] (M3Pro_demo) StdoutLine: {'line': b'Installing KCF_follow script to /home/pawan/yahboomcar_ws_test/yahboomcar_ws/install/M3Pro_demo/lib/M3Pro_demo\n'}
[1.695371] (M3Pro_demo) StdoutLine: {'line': b'Installing KCF_follow_desktop script to /home/pawan/yahboomcar_ws_test/yahboomcar_ws/install/M3Pro_demo/lib/M3Pro_demo\n'}
[1.695446] (yahboom_M3Pro_DepthCam) StdoutLine: {'line': b'creating /home/pawan/yahboomcar_ws_test/yahboomcar_ws/install/yahboom_M3Pro_DepthCam/lib/python3.10/site-packages/yahboom_M3Pro_DepthCam\n'}
[1.695485] (M3Pro_demo) StdoutLine: {'line': b'Installing KCF_track script to /home/pawan/yahboomcar_ws_test/yahboomcar_ws/install/M3Pro_demo/lib/M3Pro_demo\n'}
[1.695553] (yahboom_M3Pro_DepthCam) StdoutLine: {'line': b'copying /home/pawan/yahboomcar_ws_test/yahboomcar_ws/build/yahboom_M3Pro_DepthCam/build/lib/yahboom_M3Pro_DepthCam/Measure_Distance.py -> /home/pawan/yahboomcar_ws_test/yahboomcar_ws/install/yahboom_M3Pro_DepthCam/lib/python3.10/site-packages/yahboom_M3Pro_DepthCam\n'}
[1.695586] (yahboom_M3Pro_DepthCam) StdoutLine: {'line': b'copying /home/pawan/yahboomcar_ws_test/yahboomcar_ws/build/yahboom_M3Pro_DepthCam/build/lib/yahboom_M3Pro_DepthCam/__init__.py -> /home/pawan/yahboomcar_ws_test/yahboomcar_ws/install/yahboom_M3Pro_DepthCam/lib/python3.10/site-packages/yahboom_M3Pro_DepthCam\n'}
[1.695617] (yahboom_M3Pro_DepthCam) StdoutLine: {'line': b'copying /home/pawan/yahboomcar_ws_test/yahboomcar_ws/build/yahboom_M3Pro_DepthCam/build/lib/yahboom_M3Pro_DepthCam/GetDepthColor.py -> /home/pawan/yahboomcar_ws_test/yahboomcar_ws/install/yahboom_M3Pro_DepthCam/lib/python3.10/site-packages/yahboom_M3Pro_DepthCam\n'}
[1.695647] (yahboom_M3Pro_DepthCam) StdoutLine: {'line': b'copying /home/pawan/yahboomcar_ws_test/yahboomcar_ws/build/yahboom_M3Pro_DepthCam/build/lib/yahboom_M3Pro_DepthCam/Edge_Detection.py -> /home/pawan/yahboomcar_ws_test/yahboomcar_ws/install/yahboom_M3Pro_DepthCam/lib/python3.10/site-packages/yahboom_M3Pro_DepthCam\n'}
[1.695704] (M3Pro_demo) StdoutLine: {'line': b'Installing M3Pro_Dancing script to /home/pawan/yahboomcar_ws_test/yahboomcar_ws/install/M3Pro_demo/lib/M3Pro_demo\n'}
[1.695735] (M3Pro_demo) StdoutLine: {'line': b'Installing apriltagDist_gesture script to /home/pawan/yahboomcar_ws_test/yahboomcar_ws/install/M3Pro_demo/lib/M3Pro_demo\n'}
[1.695765] (M3Pro_demo) StdoutLine: {'line': b'Installing apriltagHeight_gesture script to /home/pawan/yahboomcar_ws_test/yahboomcar_ws/install/M3Pro_demo/lib/M3Pro_demo\n'}
[1.695794] (M3Pro_demo) StdoutLine: {'line': b'Installing apriltagID_gesture script to /home/pawan/yahboomcar_ws_test/yahboomcar_ws/install/M3Pro_demo/lib/M3Pro_demo\n'}
[1.695903] (M3Pro_demo) StdoutLine: {'line': b'Installing apriltag_detect script to /home/pawan/yahboomcar_ws_test/yahboomcar_ws/install/M3Pro_demo/lib/M3Pro_demo\n'}
[1.696058] (M3Pro_demo) StdoutLine: {'line': b'Installing apriltag_follow script to /home/pawan/yahboomcar_ws_test/yahboomcar_ws/install/M3Pro_demo/lib/M3Pro_demo\n'}
[1.696133] (M3Pro_demo) StdoutLine: {'line': b'Installing apriltag_follow_2D script to /home/pawan/yahboomcar_ws_test/yahboomcar_ws/install/M3Pro_demo/lib/M3Pro_demo\n'}
[1.696256] (M3Pro_demo) StdoutLine: {'line': b'Installing apriltag_list script to /home/pawan/yahboomcar_ws_test/yahboomcar_ws/install/M3Pro_demo/lib/M3Pro_demo\n'}
[1.696335] (M3Pro_demo) StdoutLine: {'line': b'Installing apriltag_track script to /home/pawan/yahboomcar_ws_test/yahboomcar_ws/install/M3Pro_demo/lib/M3Pro_demo\n'}
[1.696406] (M3Pro_demo) StdoutLine: {'line': b'Installing apriltag_track_desktop script to /home/pawan/yahboomcar_ws_test/yahboomcar_ws/install/M3Pro_demo/lib/M3Pro_demo\n'}
[1.696466] (M3Pro_demo) StdoutLine: {'line': b'Installing apriltag_transport script to /home/pawan/yahboomcar_ws_test/yahboomcar_ws/install/M3Pro_demo/lib/M3Pro_demo\n'}
[1.696524] (M3Pro_demo) StdoutLine: {'line': b'Installing apriltag_transport_V2 script to /home/pawan/yahboomcar_ws_test/yahboomcar_ws/install/M3Pro_demo/lib/M3Pro_demo\n'}
[1.696582] (M3Pro_demo) StdoutLine: {'line': b'Installing arm_offset script to /home/pawan/yahboomcar_ws_test/yahboomcar_ws/install/M3Pro_demo/lib/M3Pro_demo\n'}
[1.696644] (M3Pro_demo) StdoutLine: {'line': b'Installing color_follow script to /home/pawan/yahboomcar_ws_test/yahboomcar_ws/install/M3Pro_demo/lib/M3Pro_demo\n'}
[1.696706] (M3Pro_demo) StdoutLine: {'line': b'Installing color_list script to /home/pawan/yahboomcar_ws_test/yahboomcar_ws/install/M3Pro_demo/lib/M3Pro_demo\n'}
[1.696769] (M3Pro_demo) StdoutLine: {'line': b'Installing color_recognize script to /home/pawan/yahboomcar_ws_test/yahboomcar_ws/install/M3Pro_demo/lib/M3Pro_demo\n'}
[1.696850] (M3Pro_demo) StdoutLine: {'line': b'Installing color_track script to /home/pawan/yahboomcar_ws_test/yahboomcar_ws/install/M3Pro_demo/lib/M3Pro_demo\n'}
[1.696912] (M3Pro_demo) StdoutLine: {'line': b'Installing color_track_desktop script to /home/pawan/yahboomcar_ws_test/yahboomcar_ws/install/M3Pro_demo/lib/M3Pro_demo\n'}
[1.696972] (M3Pro_demo) StdoutLine: {'line': b'Installing color_transport script to /home/pawan/yahboomcar_ws_test/yahboomcar_ws/install/M3Pro_demo/lib/M3Pro_demo\n'}
[1.697061] (M3Pro_demo) StdoutLine: {'line': b'Installing estimate_volume script to /home/pawan/yahboomcar_ws_test/yahboomcar_ws/install/M3Pro_demo/lib/M3Pro_demo\n'}
[1.697125] (M3Pro_demo) StdoutLine: {'line': b'Installing follow_line script to /home/pawan/yahboomcar_ws_test/yahboomcar_ws/install/M3Pro_demo/lib/M3Pro_demo\n'}
[1.697196] (M3Pro_demo) StdoutLine: {'line': b'Installing grasp script to /home/pawan/yahboomcar_ws_test/yahboomcar_ws/install/M3Pro_demo/lib/M3Pro_demo\n'}
[1.697300] (M3Pro_demo) StdoutLine: {'line': b'Installing grasp_desktop script to /home/pawan/yahboomcar_ws_test/yahboomcar_ws/install/M3Pro_demo/lib/M3Pro_demo\n'}
[1.697360] (M3Pro_demo) StdoutLine: {'line': b'Installing grasp_transport script to /home/pawan/yahboomcar_ws_test/yahboomcar_ws/install/M3Pro_demo/lib/M3Pro_demo\n'}
[1.697422] (M3Pro_demo) StdoutLine: {'line': b'Installing mediapipe_detect script to /home/pawan/yahboomcar_ws_test/yahboomcar_ws/install/M3Pro_demo/lib/M3Pro_demo\n'}
[1.697482] (M3Pro_demo) StdoutLine: {'line': b'Installing mediapipe_gesture script to /home/pawan/yahboomcar_ws_test/yahboomcar_ws/install/M3Pro_demo/lib/M3Pro_demo\n'}
[1.697542] (M3Pro_demo) StdoutLine: {'line': b'Installing shape_recognize script to /home/pawan/yahboomcar_ws_test/yahboomcar_ws/install/M3Pro_demo/lib/M3Pro_demo\n'}
[1.697601] (yahboom_M3Pro_DepthCam) StdoutLine: {'line': b'byte-compiling /home/pawan/yahboomcar_ws_test/yahboomcar_ws/install/yahboom_M3Pro_DepthCam/lib/python3.10/site-packages/yahboom_M3Pro_DepthCam/Measure_Distance.py to Measure_Distance.cpython-310.pyc\n'}
[1.697670] (M3Pro_demo) StdoutLine: {'line': b'Installing volume_calculations script to /home/pawan/yahboomcar_ws_test/yahboomcar_ws/install/M3Pro_demo/lib/M3Pro_demo\n'}
[1.697737] (yahboom_M3Pro_DepthCam) StdoutLine: {'line': b'byte-compiling /home/pawan/yahboomcar_ws_test/yahboomcar_ws/install/yahboom_M3Pro_DepthCam/lib/python3.10/site-packages/yahboom_M3Pro_DepthCam/__init__.py to __init__.cpython-310.pyc\n'}
[1.697799] (yahboom_M3Pro_DepthCam) StdoutLine: {'line': b'byte-compiling /home/pawan/yahboomcar_ws_test/yahboomcar_ws/install/yahboom_M3Pro_DepthCam/lib/python3.10/site-packages/yahboom_M3Pro_DepthCam/GetDepthColor.py to GetDepthColor.cpython-310.pyc\n'}
[1.697861] (yahboom_M3Pro_DepthCam) StdoutLine: {'line': b'byte-compiling /home/pawan/yahboomcar_ws_test/yahboomcar_ws/install/yahboom_M3Pro_DepthCam/lib/python3.10/site-packages/yahboom_M3Pro_DepthCam/Edge_Detection.py to Edge_Detection.cpython-310.pyc\n'}
[1.697926] (M3Pro_demo) StdoutLine: {'line': b"writing list of installed files to '/home/pawan/yahboomcar_ws_test/yahboomcar_ws/build/M3Pro_demo/install.log'\n"}
[1.697988] (yahboom_M3Pro_DepthCam) StdoutLine: {'line': b'running install_data\n'}
[1.698050] (yahboom_M3Pro_DepthCam) StdoutLine: {'line': b'creating /home/pawan/yahboomcar_ws_test/yahboomcar_ws/install/yahboom_M3Pro_DepthCam/share/ament_index\n'}
[1.698112] (yahboom_M3Pro_DepthCam) StdoutLine: {'line': b'creating /home/pawan/yahboomcar_ws_test/yahboomcar_ws/install/yahboom_M3Pro_DepthCam/share/ament_index/resource_index\n'}
[1.698186] (yahboom_M3Pro_DepthCam) StdoutLine: {'line': b'creating /home/pawan/yahboomcar_ws_test/yahboomcar_ws/install/yahboom_M3Pro_DepthCam/share/ament_index/resource_index/packages\n'}
[1.698255] (yahboom_M3Pro_DepthCam) StdoutLine: {'line': b'copying resource/yahboom_M3Pro_DepthCam -> /home/pawan/yahboomcar_ws_test/yahboomcar_ws/install/yahboom_M3Pro_DepthCam/share/ament_index/resource_index/packages\n'}
[1.698317] (yahboom_M3Pro_DepthCam) StdoutLine: {'line': b'copying package.xml -> /home/pawan/yahboomcar_ws_test/yahboomcar_ws/install/yahboom_M3Pro_DepthCam/share/yahboom_M3Pro_DepthCam\n'}
[1.698378] (yahboom_M3Pro_DepthCam) StdoutLine: {'line': b'running install_egg_info\n'}
[1.698464] (yahboom_M3Pro_DepthCam) StdoutLine: {'line': b'Copying ../../build/yahboom_M3Pro_DepthCam/yahboom_M3Pro_DepthCam.egg-info to /home/pawan/yahboomcar_ws_test/yahboomcar_ws/install/yahboom_M3Pro_DepthCam/lib/python3.10/site-packages/yahboom_M3Pro_DepthCam-0.0.0-py3.10.egg-info\n'}
[1.698831] (yahboom_M3Pro_DepthCam) StdoutLine: {'line': b'running install_scripts\n'}
[1.704757] (-) TimerEvent: {}
[1.712098] (M3Pro_demo) JobEnded: {'identifier': 'M3Pro_demo', 'rc': 'SIGINT'}
[1.712751] (yahboom_M3Pro_DepthCam) StdoutLine: {'line': b'Installing GetDepthColor script to /home/pawan/yahboomcar_ws_test/yahboomcar_ws/install/yahboom_M3Pro_DepthCam/lib/yahboom_M3Pro_DepthCam\n'}
[1.712862] (yahboom_M3Pro_DepthCam) StdoutLine: {'line': b'Installing Measure_Distance script to /home/pawan/yahboomcar_ws_test/yahboomcar_ws/install/yahboom_M3Pro_DepthCam/lib/yahboom_M3Pro_DepthCam\n'}
[1.712930] (yahboom_M3Pro_DepthCam) StdoutLine: {'line': b'Installing edge_detection script to /home/pawan/yahboomcar_ws_test/yahboomcar_ws/install/yahboom_M3Pro_DepthCam/lib/yahboom_M3Pro_DepthCam\n'}
[1.712992] (yahboom_M3Pro_DepthCam) StdoutLine: {'line': b"writing list of installed files to '/home/pawan/yahboomcar_ws_test/yahboomcar_ws/build/yahboom_M3Pro_DepthCam/install.log'\n"}
[1.720062] (yahboomcar_msgs) StdoutLine: {'line': b'-- Found geometry_msgs: 4.9.1 (/opt/ros/humble/share/geometry_msgs/cmake)\n'}
[1.727985] (yahboom_M3Pro_DepthCam) JobEnded: {'identifier': 'yahboom_M3Pro_DepthCam', 'rc': 'SIGINT'}
[1.762565] (M3Pro_MoveIt_demo) StdoutLine: {'line': b'running egg_info\n'}
[1.762895] (M3Pro_MoveIt_demo) StdoutLine: {'line': b'creating ../../build/M3Pro_MoveIt_demo/M3Pro_MoveIt_demo.egg-info\n'}
[1.763090] (M3Pro_MoveIt_demo) StdoutLine: {'line': b'writing ../../build/M3Pro_MoveIt_demo/M3Pro_MoveIt_demo.egg-info/PKG-INFO\n'}
[1.763206] (M3Pro_MoveIt_demo) StdoutLine: {'line': b'writing dependency_links to ../../build/M3Pro_MoveIt_demo/M3Pro_MoveIt_demo.egg-info/dependency_links.txt\n'}
[1.763284] (M3Pro_MoveIt_demo) StdoutLine: {'line': b'writing entry points to ../../build/M3Pro_MoveIt_demo/M3Pro_MoveIt_demo.egg-info/entry_points.txt\n'}
[1.763349] (M3Pro_MoveIt_demo) StdoutLine: {'line': b'writing requirements to ../../build/M3Pro_MoveIt_demo/M3Pro_MoveIt_demo.egg-info/requires.txt\n'}
[1.763504] (M3Pro_MoveIt_demo) StdoutLine: {'line': b'writing top-level names to ../../build/M3Pro_MoveIt_demo/M3Pro_MoveIt_demo.egg-info/top_level.txt\n'}
[1.763593] (M3Pro_MoveIt_demo) StdoutLine: {'line': b"writing manifest file '../../build/M3Pro_MoveIt_demo/M3Pro_MoveIt_demo.egg-info/SOURCES.txt'\n"}
[1.764300] (M3Pro_MoveIt_demo) StdoutLine: {'line': b"reading manifest file '../../build/M3Pro_MoveIt_demo/M3Pro_MoveIt_demo.egg-info/SOURCES.txt'\n"}
[1.765343] (M3Pro_MoveIt_demo) StdoutLine: {'line': b"writing manifest file '../../build/M3Pro_MoveIt_demo/M3Pro_MoveIt_demo.egg-info/SOURCES.txt'\n"}
[1.765460] (M3Pro_MoveIt_demo) StdoutLine: {'line': b'running build\n'}
[1.765532] (M3Pro_MoveIt_demo) StdoutLine: {'line': b'running build_py\n'}
[1.765754] (M3Pro_MoveIt_demo) StdoutLine: {'line': b'creating /home/pawan/yahboomcar_ws_test/yahboomcar_ws/build/M3Pro_MoveIt_demo/build\n'}
[1.765852] (M3Pro_MoveIt_demo) StdoutLine: {'line': b'creating /home/pawan/yahboomcar_ws_test/yahboomcar_ws/build/M3Pro_MoveIt_demo/build/lib\n'}
[1.765922] (M3Pro_MoveIt_demo) StdoutLine: {'line': b'creating /home/pawan/yahboomcar_ws_test/yahboomcar_ws/build/M3Pro_MoveIt_demo/build/lib/M3Pro_MoveIt_demo\n'}
[1.765988] (M3Pro_MoveIt_demo) StdoutLine: {'line': b'copying M3Pro_MoveIt_demo/__init__.py -> /home/pawan/yahboomcar_ws_test/yahboomcar_ws/build/M3Pro_MoveIt_demo/build/lib/M3Pro_MoveIt_demo\n'}
[1.766053] (M3Pro_MoveIt_demo) StdoutLine: {'line': b'copying M3Pro_MoveIt_demo/random_move.py -> /home/pawan/yahboomcar_ws_test/yahboomcar_ws/build/M3Pro_MoveIt_demo/build/lib/M3Pro_MoveIt_demo\n'}
[1.766117] (M3Pro_MoveIt_demo) StdoutLine: {'line': b'copying M3Pro_MoveIt_demo/SimulationToMachine.py -> /home/pawan/yahboomcar_ws_test/yahboomcar_ws/build/M3Pro_MoveIt_demo/build/lib/M3Pro_MoveIt_demo\n'}
[1.766305] (M3Pro_MoveIt_demo) StdoutLine: {'line': b'running install\n'}
[1.766402] (M3Pro_MoveIt_demo) StdoutLine: {'line': b'running install_lib\n'}
[1.766583] (M3Pro_MoveIt_demo) StdoutLine: {'line': b'creating /home/pawan/yahboomcar_ws_test/yahboomcar_ws/install/M3Pro_MoveIt_demo/lib/python3.10/site-packages/M3Pro_MoveIt_demo\n'}
[1.766679] (M3Pro_MoveIt_demo) StdoutLine: {'line': b'copying /home/pawan/yahboomcar_ws_test/yahboomcar_ws/build/M3Pro_MoveIt_demo/build/lib/M3Pro_MoveIt_demo/__init__.py -> /home/pawan/yahboomcar_ws_test/yahboomcar_ws/install/M3Pro_MoveIt_demo/lib/python3.10/site-packages/M3Pro_MoveIt_demo\n'}
[1.766750] (M3Pro_MoveIt_demo) StdoutLine: {'line': b'copying /home/pawan/yahboomcar_ws_test/yahboomcar_ws/build/M3Pro_MoveIt_demo/build/lib/M3Pro_MoveIt_demo/random_move.py -> /home/pawan/yahboomcar_ws_test/yahboomcar_ws/install/M3Pro_MoveIt_demo/lib/python3.10/site-packages/M3Pro_MoveIt_demo\n'}
[1.766844] (M3Pro_MoveIt_demo) StdoutLine: {'line': b'copying /home/pawan/yahboomcar_ws_test/yahboomcar_ws/build/M3Pro_MoveIt_demo/build/lib/M3Pro_MoveIt_demo/SimulationToMachine.py -> /home/pawan/yahboomcar_ws_test/yahboomcar_ws/install/M3Pro_MoveIt_demo/lib/python3.10/site-packages/M3Pro_MoveIt_demo\n'}
[1.766910] (M3Pro_MoveIt_demo) StdoutLine: {'line': b'byte-compiling /home/pawan/yahboomcar_ws_test/yahboomcar_ws/install/M3Pro_MoveIt_demo/lib/python3.10/site-packages/M3Pro_MoveIt_demo/__init__.py to __init__.cpython-310.pyc\n'}
[1.766990] (M3Pro_MoveIt_demo) StdoutLine: {'line': b'byte-compiling /home/pawan/yahboomcar_ws_test/yahboomcar_ws/install/M3Pro_MoveIt_demo/lib/python3.10/site-packages/M3Pro_MoveIt_demo/random_move.py to random_move.cpython-310.pyc\n'}
[1.767408] (M3Pro_MoveIt_demo) StdoutLine: {'line': b'byte-compiling /home/pawan/yahboomcar_ws_test/yahboomcar_ws/install/M3Pro_MoveIt_demo/lib/python3.10/site-packages/M3Pro_MoveIt_demo/SimulationToMachine.py to SimulationToMachine.cpython-310.pyc\n'}
[1.767845] (M3Pro_MoveIt_demo) StdoutLine: {'line': b'running install_data\n'}
[1.767949] (M3Pro_MoveIt_demo) StdoutLine: {'line': b'creating /home/pawan/yahboomcar_ws_test/yahboomcar_ws/install/M3Pro_MoveIt_demo/share/ament_index\n'}
[1.768033] (M3Pro_MoveIt_demo) StdoutLine: {'line': b'creating /home/pawan/yahboomcar_ws_test/yahboomcar_ws/install/M3Pro_MoveIt_demo/share/ament_index/resource_index\n'}
[1.768096] (M3Pro_MoveIt_demo) StdoutLine: {'line': b'creating /home/pawan/yahboomcar_ws_test/yahboomcar_ws/install/M3Pro_MoveIt_demo/share/ament_index/resource_index/packages\n'}
[1.768154] (M3Pro_MoveIt_demo) StdoutLine: {'line': b'copying resource/M3Pro_MoveIt_demo -> /home/pawan/yahboomcar_ws_test/yahboomcar_ws/install/M3Pro_MoveIt_demo/share/ament_index/resource_index/packages\n'}
[1.768227] (M3Pro_MoveIt_demo) StdoutLine: {'line': b'copying package.xml -> /home/pawan/yahboomcar_ws_test/yahboomcar_ws/install/M3Pro_MoveIt_demo/share/M3Pro_MoveIt_demo\n'}
[1.768286] (M3Pro_MoveIt_demo) StdoutLine: {'line': b'running install_egg_info\n'}
[1.768634] (arm_msgs) StdoutLine: {'line': b'-- Using all available rosidl_typesupport_cpp: rosidl_typesupport_fastrtps_cpp;rosidl_typesupport_introspection_cpp\n'}
[1.768978] (arm_interface) StdoutLine: {'line': b'-- Found ament_lint_auto: 0.12.15 (/opt/ros/humble/share/ament_lint_auto/cmake)\n'}
[1.769070] (M3Pro_MoveIt_demo) StdoutLine: {'line': b'Copying ../../build/M3Pro_MoveIt_demo/M3Pro_MoveIt_demo.egg-info to /home/pawan/yahboomcar_ws_test/yahboomcar_ws/install/M3Pro_MoveIt_demo/lib/python3.10/site-packages/M3Pro_MoveIt_demo-0.0.0-py3.10.egg-info\n'}
[1.769395] (M3Pro_MoveIt_demo) StdoutLine: {'line': b'running install_scripts\n'}
[1.781465] (arm_interface) StdoutLine: {'line': b"-- Added test 'lint_cmake' to check CMake code style\n"}
[1.782616] (M3Pro_MoveIt_demo) StdoutLine: {'line': b'Installing SimulationToMachine script to /home/pawan/yahboomcar_ws_test/yahboomcar_ws/install/M3Pro_MoveIt_demo/lib/M3Pro_MoveIt_demo\n'}
[1.782720] (M3Pro_MoveIt_demo) StdoutLine: {'line': b'Installing random_move script to /home/pawan/yahboomcar_ws_test/yahboomcar_ws/install/M3Pro_MoveIt_demo/lib/M3Pro_MoveIt_demo\n'}
[1.782902] (M3Pro_MoveIt_demo) StdoutLine: {'line': b"writing list of installed files to '/home/pawan/yahboomcar_ws_test/yahboomcar_ws/build/M3Pro_MoveIt_demo/install.log'\n"}
[1.782976] (arm_interface) StdoutLine: {'line': b"-- Added test 'xmllint' to check XML markup files\n"}
[1.784065] (arm_interface) StdoutLine: {'line': b'-- Configuring done\n'}
[1.785162] (arm_msgs) StdoutLine: {'line': b'-- Found PythonInterp: /usr/bin/python3 (found suitable version "3.10.12", minimum required is "3.6") \n'}
[1.786283] (arm_msgs) StdoutLine: {'line': b'-- Found python_cmake_module: 0.10.0 (/opt/ros/humble/share/python_cmake_module/cmake)\n'}
[1.798339] (M3Pro_MoveIt_demo) JobEnded: {'identifier': 'M3Pro_MoveIt_demo', 'rc': 'SIGINT'}
[1.804910] (-) TimerEvent: {}
[1.807942] (arm_msgs) StdoutLine: {'line': b'-- Found PythonLibs: /usr/lib/x86_64-linux-gnu/libpython3.10.so (found suitable version "3.10.12", minimum required is "3.5") \n'}
[1.808056] (arm_msgs) StdoutLine: {'line': b'-- Using PYTHON_EXECUTABLE: /usr/bin/python3\n'}
[1.808123] (arm_msgs) StdoutLine: {'line': b'-- Using PYTHON_INCLUDE_DIRS: /usr/include/python3.10\n'}
[1.808190] (arm_msgs) StdoutLine: {'line': b'-- Using PYTHON_LIBRARIES: /usr/lib/x86_64-linux-gnu/libpython3.10.so\n'}
[1.815408] (arm_interface) StdoutLine: {'line': b'-- Generating done\n'}
[1.824508] (arm_msgs) StdoutLine: {'line': b'-- Found PythonExtra: .so  \n'}
[1.825006] (arm_interface) StdoutLine: {'line': b'-- Build files have been written to: /home/pawan/yahboomcar_ws_test/yahboomcar_ws/build/arm_interface\n'}
[1.834692] (arm_interface) JobEnded: {'identifier': 'arm_interface', 'rc': 'SIGINT'}
[1.892055] (arm_msgs) StdoutLine: {'line': b'-- Found ament_lint_auto: 0.12.15 (/opt/ros/humble/share/ament_lint_auto/cmake)\n'}
[1.904202] (arm_msgs) StdoutLine: {'line': b"-- Added test 'lint_cmake' to check CMake code style\n"}
[1.904765] (arm_msgs) StdoutLine: {'line': b"-- Added test 'xmllint' to check XML markup files\n"}
[1.904966] (-) TimerEvent: {}
[1.906001] (arm_msgs) StdoutLine: {'line': b'-- Configuring done\n'}
[1.922869] (arm_msgs) StdoutLine: {'line': b'-- Generating done\n'}
[1.929173] (arm_msgs) StdoutLine: {'line': b'-- Build files have been written to: /home/pawan/yahboomcar_ws_test/yahboomcar_ws/build/arm_msgs\n'}
[1.935278] (arm_msgs) JobEnded: {'identifier': 'arm_msgs', 'rc': 'SIGINT'}
[1.953159] (yahboomcar_msgs) StdoutLine: {'line': b'-- Found ament_cmake_ros: 0.10.0 (/opt/ros/humble/share/ament_cmake_ros/cmake)\n'}
[2.005148] (-) TimerEvent: {}
[2.105488] (-) TimerEvent: {}
[2.129502] (yahboomcar_msgs) StdoutLine: {'line': b'-- Using all available rosidl_typesupport_c: rosidl_typesupport_fastrtps_c;rosidl_typesupport_introspection_c\n'}
[2.205692] (-) TimerEvent: {}
[2.306048] (-) TimerEvent: {}
[2.380945] (yahboomcar_msgs) StdoutLine: {'line': b'-- Using all available rosidl_typesupport_cpp: rosidl_typesupport_fastrtps_cpp;rosidl_typesupport_introspection_cpp\n'}
[2.404887] (yahboomcar_msgs) StdoutLine: {'line': b'-- Found PythonInterp: /usr/bin/python3 (found suitable version "3.10.12", minimum required is "3.6") \n'}
[2.405985] (yahboomcar_msgs) StdoutLine: {'line': b'-- Found python_cmake_module: 0.10.0 (/opt/ros/humble/share/python_cmake_module/cmake)\n'}
[2.406083] (-) TimerEvent: {}
[2.424518] (yahboomcar_msgs) StdoutLine: {'line': b'-- Found PythonLibs: /usr/lib/x86_64-linux-gnu/libpython3.10.so (found suitable version "3.10.12", minimum required is "3.5") \n'}
[2.424695] (yahboomcar_msgs) StdoutLine: {'line': b'-- Using PYTHON_EXECUTABLE: /usr/bin/python3\n'}
[2.424762] (yahboomcar_msgs) StdoutLine: {'line': b'-- Using PYTHON_INCLUDE_DIRS: /usr/include/python3.10\n'}
[2.424825] (yahboomcar_msgs) StdoutLine: {'line': b'-- Using PYTHON_LIBRARIES: /usr/lib/x86_64-linux-gnu/libpython3.10.so\n'}
[2.440472] (yahboomcar_msgs) StdoutLine: {'line': b'-- Found PythonExtra: .so  \n'}
[2.506331] (-) TimerEvent: {}
[2.553780] (yahboomcar_msgs) StdoutLine: {'line': b'-- Found ament_lint_auto: 0.12.15 (/opt/ros/humble/share/ament_lint_auto/cmake)\n'}
[2.570232] (yahboomcar_msgs) StdoutLine: {'line': b"-- Added test 'copyright' to check source files copyright and LICENSE\n"}
[2.571144] (yahboomcar_msgs) StdoutLine: {'line': b"-- Added test 'lint_cmake' to check CMake code style\n"}
[2.571632] (yahboomcar_msgs) StdoutLine: {'line': b"-- Added test 'xmllint' to check XML markup files\n"}
[2.572956] (yahboomcar_msgs) StdoutLine: {'line': b'-- Configuring done\n'}
[2.598303] (yahboomcar_msgs) StdoutLine: {'line': b'-- Generating done\n'}
[2.606455] (-) TimerEvent: {}
[2.606696] (yahboomcar_msgs) StdoutLine: {'line': b'-- Build files have been written to: /home/pawan/yahboomcar_ws_test/yahboomcar_ws/build/yahboomcar_msgs\n'}
[2.613404] (yahboomcar_msgs) JobEnded: {'identifier': 'yahboomcar_msgs', 'rc': 'SIGINT'}
[2.623816] (M3Pro_KCF) JobSkipped: {'identifier': 'M3Pro_KCF'}
[2.623871] (M3Pro_config) JobSkipped: {'identifier': 'M3Pro_config'}
[2.623893] (-) EventReactorShutdown: {}
