[0.080s] DEBUG:colcon:Command line arguments: ['/usr/bin/colcon', 'build']
[0.080s] DEBUG:colcon:Parsed command line arguments: Namespace(log_base=None, log_level=None, verb_name='build', build_base='build', install_base='install', merge_install=False, symlink_install=False, test_result_base=None, continue_on_error=False, executor='parallel', parallel_workers=20, event_handlers=None, ignore_user_meta=False, metas=['./colcon.meta'], base_paths=['.'], packages_ignore=None, packages_ignore_regex=None, paths=None, packages_up_to=None, packages_up_to_regex=None, packages_above=None, packages_above_and_dependencies=None, packages_above_depth=None, packages_select_by_dep=None, packages_skip_by_dep=None, packages_skip_up_to=None, packages_select_build_failed=False, packages_skip_build_finished=False, packages_select_test_failures=False, packages_skip_test_passed=False, packages_select=None, packages_skip=None, packages_select_regex=None, packages_skip_regex=None, packages_start=None, packages_end=None, allow_overriding=[], cmake_args=None, cmake_target=None, cmake_target_skip_unavailable=False, cmake_clean_cache=False, cmake_clean_first=False, cmake_force_configure=False, ament_cmake_args=None, catkin_cmake_args=None, catkin_skip_building_tests=False, mixin_files=None, mixin=None, verb_parser=<colcon_mixin.mixin.mixin_argument.MixinArgumentDecorator object at 0x7e261bf3e500>, verb_extension=<colcon_core.verb.build.BuildVerb object at 0x7e261c06f460>, main=<bound method BuildVerb.main of <colcon_core.verb.build.BuildVerb object at 0x7e261c06f460>>, mixin_verb=('build',))
[0.201s] Level 1:colcon.colcon_core.package_discovery:discover_packages(colcon_meta) check parameters
[0.201s] Level 1:colcon.colcon_core.package_discovery:discover_packages(recursive) check parameters
[0.201s] Level 1:colcon.colcon_core.package_discovery:discover_packages(ignore) check parameters
[0.201s] Level 1:colcon.colcon_core.package_discovery:discover_packages(path) check parameters
[0.201s] Level 1:colcon.colcon_core.package_discovery:discover_packages(colcon_meta) discover
[0.201s] Level 1:colcon.colcon_core.package_discovery:discover_packages(recursive) discover
[0.201s] INFO:colcon.colcon_core.package_discovery:Crawling recursively for packages in '/home/pawan/yahboomcar_ws_test/M3Pro_ws'
[0.201s] Level 1:colcon.colcon_core.package_identification:_identify(.) by extensions ['ignore', 'ignore_ament_install']
[0.201s] Level 1:colcon.colcon_core.package_identification:_identify(.) by extension 'ignore'
[0.201s] Level 1:colcon.colcon_core.package_identification:_identify(.) by extension 'ignore_ament_install'
[0.201s] Level 1:colcon.colcon_core.package_identification:_identify(.) by extensions ['colcon_pkg']
[0.201s] Level 1:colcon.colcon_core.package_identification:_identify(.) by extension 'colcon_pkg'
[0.201s] Level 1:colcon.colcon_core.package_identification:_identify(.) by extensions ['colcon_meta']
[0.201s] Level 1:colcon.colcon_core.package_identification:_identify(.) by extension 'colcon_meta'
[0.201s] Level 1:colcon.colcon_core.package_identification:_identify(.) by extensions ['ros']
[0.201s] Level 1:colcon.colcon_core.package_identification:_identify(.) by extension 'ros'
[0.210s] Level 1:colcon.colcon_core.package_identification:_identify(.) by extensions ['cmake', 'python']
[0.210s] Level 1:colcon.colcon_core.package_identification:_identify(.) by extension 'cmake'
[0.210s] Level 1:colcon.colcon_core.package_identification:_identify(.) by extension 'python'
[0.210s] Level 1:colcon.colcon_core.package_identification:_identify(.) by extensions ['python_setup_py']
[0.210s] Level 1:colcon.colcon_core.package_identification:_identify(.) by extension 'python_setup_py'
[0.210s] Level 1:colcon.colcon_core.package_identification:_identify(build) by extensions ['ignore', 'ignore_ament_install']
[0.210s] Level 1:colcon.colcon_core.package_identification:_identify(build) by extension 'ignore'
[0.210s] Level 1:colcon.colcon_core.package_identification:_identify(build) ignored
[0.210s] Level 1:colcon.colcon_core.package_identification:_identify(install) by extensions ['ignore', 'ignore_ament_install']
[0.210s] Level 1:colcon.colcon_core.package_identification:_identify(install) by extension 'ignore'
[0.210s] Level 1:colcon.colcon_core.package_identification:_identify(install) ignored
[0.210s] Level 1:colcon.colcon_core.package_identification:_identify(log) by extensions ['ignore', 'ignore_ament_install']
[0.210s] Level 1:colcon.colcon_core.package_identification:_identify(log) by extension 'ignore'
[0.210s] Level 1:colcon.colcon_core.package_identification:_identify(log) ignored
[0.211s] Level 1:colcon.colcon_core.package_identification:_identify(src) by extensions ['ignore', 'ignore_ament_install']
[0.211s] Level 1:colcon.colcon_core.package_identification:_identify(src) by extension 'ignore'
[0.211s] Level 1:colcon.colcon_core.package_identification:_identify(src) by extension 'ignore_ament_install'
[0.211s] Level 1:colcon.colcon_core.package_identification:_identify(src) by extensions ['colcon_pkg']
[0.211s] Level 1:colcon.colcon_core.package_identification:_identify(src) by extension 'colcon_pkg'
[0.211s] Level 1:colcon.colcon_core.package_identification:_identify(src) by extensions ['colcon_meta']
[0.211s] Level 1:colcon.colcon_core.package_identification:_identify(src) by extension 'colcon_meta'
[0.211s] Level 1:colcon.colcon_core.package_identification:_identify(src) by extensions ['ros']
[0.211s] Level 1:colcon.colcon_core.package_identification:_identify(src) by extension 'ros'
[0.211s] Level 1:colcon.colcon_core.package_identification:_identify(src) by extensions ['cmake', 'python']
[0.211s] Level 1:colcon.colcon_core.package_identification:_identify(src) by extension 'cmake'
[0.211s] Level 1:colcon.colcon_core.package_identification:_identify(src) by extension 'python'
[0.211s] Level 1:colcon.colcon_core.package_identification:_identify(src) by extensions ['python_setup_py']
[0.211s] Level 1:colcon.colcon_core.package_identification:_identify(src) by extension 'python_setup_py'
[0.211s] Level 1:colcon.colcon_core.package_identification:_identify(src/M3Pro) by extensions ['ignore', 'ignore_ament_install']
[0.211s] Level 1:colcon.colcon_core.package_identification:_identify(src/M3Pro) by extension 'ignore'
[0.211s] Level 1:colcon.colcon_core.package_identification:_identify(src/M3Pro) by extension 'ignore_ament_install'
[0.211s] Level 1:colcon.colcon_core.package_identification:_identify(src/M3Pro) by extensions ['colcon_pkg']
[0.211s] Level 1:colcon.colcon_core.package_identification:_identify(src/M3Pro) by extension 'colcon_pkg'
[0.211s] Level 1:colcon.colcon_core.package_identification:_identify(src/M3Pro) by extensions ['colcon_meta']
[0.211s] Level 1:colcon.colcon_core.package_identification:_identify(src/M3Pro) by extension 'colcon_meta'
[0.211s] Level 1:colcon.colcon_core.package_identification:_identify(src/M3Pro) by extensions ['ros']
[0.211s] Level 1:colcon.colcon_core.package_identification:_identify(src/M3Pro) by extension 'ros'
[0.213s] DEBUG:colcon.colcon_core.package_identification:Package 'src/M3Pro' with type 'ros.ament_cmake' and name 'M3Pro'
[0.213s] Level 1:colcon.colcon_core.package_identification:_identify(src/M3Pro_KCF) by extensions ['ignore', 'ignore_ament_install']
[0.214s] Level 1:colcon.colcon_core.package_identification:_identify(src/M3Pro_KCF) by extension 'ignore'
[0.214s] Level 1:colcon.colcon_core.package_identification:_identify(src/M3Pro_KCF) by extension 'ignore_ament_install'
[0.214s] Level 1:colcon.colcon_core.package_identification:_identify(src/M3Pro_KCF) by extensions ['colcon_pkg']
[0.214s] Level 1:colcon.colcon_core.package_identification:_identify(src/M3Pro_KCF) by extension 'colcon_pkg'
[0.214s] Level 1:colcon.colcon_core.package_identification:_identify(src/M3Pro_KCF) by extensions ['colcon_meta']
[0.214s] Level 1:colcon.colcon_core.package_identification:_identify(src/M3Pro_KCF) by extension 'colcon_meta'
[0.214s] Level 1:colcon.colcon_core.package_identification:_identify(src/M3Pro_KCF) by extensions ['ros']
[0.214s] Level 1:colcon.colcon_core.package_identification:_identify(src/M3Pro_KCF) by extension 'ros'
[0.214s] DEBUG:colcon.colcon_core.package_identification:Package 'src/M3Pro_KCF' with type 'ros.ament_cmake' and name 'M3Pro_KCF'
[0.214s] Level 1:colcon.colcon_core.package_identification:_identify(src/M3Pro_core) by extensions ['ignore', 'ignore_ament_install']
[0.215s] Level 1:colcon.colcon_core.package_identification:_identify(src/M3Pro_core) by extension 'ignore'
[0.215s] Level 1:colcon.colcon_core.package_identification:_identify(src/M3Pro_core) by extension 'ignore_ament_install'
[0.215s] Level 1:colcon.colcon_core.package_identification:_identify(src/M3Pro_core) by extensions ['colcon_pkg']
[0.215s] Level 1:colcon.colcon_core.package_identification:_identify(src/M3Pro_core) by extension 'colcon_pkg'
[0.215s] Level 1:colcon.colcon_core.package_identification:_identify(src/M3Pro_core) by extensions ['colcon_meta']
[0.215s] Level 1:colcon.colcon_core.package_identification:_identify(src/M3Pro_core) by extension 'colcon_meta'
[0.215s] Level 1:colcon.colcon_core.package_identification:_identify(src/M3Pro_core) by extensions ['ros']
[0.215s] Level 1:colcon.colcon_core.package_identification:_identify(src/M3Pro_core) by extension 'ros'
[0.215s] Level 1:colcon.colcon_core.package_identification:_identify(src/M3Pro_core) by extensions ['cmake', 'python']
[0.215s] Level 1:colcon.colcon_core.package_identification:_identify(src/M3Pro_core) by extension 'cmake'
[0.215s] Level 1:colcon.colcon_core.package_identification:_identify(src/M3Pro_core) by extension 'python'
[0.215s] Level 1:colcon.colcon_core.package_identification:_identify(src/M3Pro_core) by extensions ['python_setup_py']
[0.215s] Level 1:colcon.colcon_core.package_identification:_identify(src/M3Pro_core) by extension 'python_setup_py'
[0.215s] Level 1:colcon.colcon_core.package_identification:_identify(src/M3Pro_core/imu_tools) by extensions ['ignore', 'ignore_ament_install']
[0.215s] Level 1:colcon.colcon_core.package_identification:_identify(src/M3Pro_core/imu_tools) by extension 'ignore'
[0.215s] Level 1:colcon.colcon_core.package_identification:_identify(src/M3Pro_core/imu_tools) by extension 'ignore_ament_install'
[0.215s] Level 1:colcon.colcon_core.package_identification:_identify(src/M3Pro_core/imu_tools) by extensions ['colcon_pkg']
[0.215s] Level 1:colcon.colcon_core.package_identification:_identify(src/M3Pro_core/imu_tools) by extension 'colcon_pkg'
[0.215s] Level 1:colcon.colcon_core.package_identification:_identify(src/M3Pro_core/imu_tools) by extensions ['colcon_meta']
[0.215s] Level 1:colcon.colcon_core.package_identification:_identify(src/M3Pro_core/imu_tools) by extension 'colcon_meta'
[0.215s] Level 1:colcon.colcon_core.package_identification:_identify(src/M3Pro_core/imu_tools) by extensions ['ros']
[0.215s] Level 1:colcon.colcon_core.package_identification:_identify(src/M3Pro_core/imu_tools) by extension 'ros'
[0.215s] Level 1:colcon.colcon_core.package_identification:_identify(src/M3Pro_core/imu_tools) by extensions ['cmake', 'python']
[0.215s] Level 1:colcon.colcon_core.package_identification:_identify(src/M3Pro_core/imu_tools) by extension 'cmake'
[0.215s] Level 1:colcon.colcon_core.package_identification:_identify(src/M3Pro_core/imu_tools) by extension 'python'
[0.215s] Level 1:colcon.colcon_core.package_identification:_identify(src/M3Pro_core/imu_tools) by extensions ['python_setup_py']
[0.215s] Level 1:colcon.colcon_core.package_identification:_identify(src/M3Pro_core/imu_tools) by extension 'python_setup_py'
[0.215s] Level 1:colcon.colcon_core.package_identification:_identify(src/M3Pro_core/imu_tools/imu_complementary_filter) by extensions ['ignore', 'ignore_ament_install']
[0.215s] Level 1:colcon.colcon_core.package_identification:_identify(src/M3Pro_core/imu_tools/imu_complementary_filter) by extension 'ignore'
[0.216s] Level 1:colcon.colcon_core.package_identification:_identify(src/M3Pro_core/imu_tools/imu_complementary_filter) by extension 'ignore_ament_install'
[0.216s] Level 1:colcon.colcon_core.package_identification:_identify(src/M3Pro_core/imu_tools/imu_complementary_filter) by extensions ['colcon_pkg']
[0.216s] Level 1:colcon.colcon_core.package_identification:_identify(src/M3Pro_core/imu_tools/imu_complementary_filter) by extension 'colcon_pkg'
[0.216s] Level 1:colcon.colcon_core.package_identification:_identify(src/M3Pro_core/imu_tools/imu_complementary_filter) by extensions ['colcon_meta']
[0.216s] Level 1:colcon.colcon_core.package_identification:_identify(src/M3Pro_core/imu_tools/imu_complementary_filter) by extension 'colcon_meta'
[0.216s] Level 1:colcon.colcon_core.package_identification:_identify(src/M3Pro_core/imu_tools/imu_complementary_filter) by extensions ['ros']
[0.216s] Level 1:colcon.colcon_core.package_identification:_identify(src/M3Pro_core/imu_tools/imu_complementary_filter) by extension 'ros'
[0.216s] DEBUG:colcon.colcon_core.package_identification:Package 'src/M3Pro_core/imu_tools/imu_complementary_filter' with type 'ros.ament_cmake' and name 'imu_complementary_filter'
[0.216s] Level 1:colcon.colcon_core.package_identification:_identify(src/M3Pro_core/imu_tools/imu_filter_madgwick) by extensions ['ignore', 'ignore_ament_install']
[0.216s] Level 1:colcon.colcon_core.package_identification:_identify(src/M3Pro_core/imu_tools/imu_filter_madgwick) by extension 'ignore'
[0.216s] Level 1:colcon.colcon_core.package_identification:_identify(src/M3Pro_core/imu_tools/imu_filter_madgwick) by extension 'ignore_ament_install'
[0.216s] Level 1:colcon.colcon_core.package_identification:_identify(src/M3Pro_core/imu_tools/imu_filter_madgwick) by extensions ['colcon_pkg']
[0.216s] Level 1:colcon.colcon_core.package_identification:_identify(src/M3Pro_core/imu_tools/imu_filter_madgwick) by extension 'colcon_pkg'
[0.216s] Level 1:colcon.colcon_core.package_identification:_identify(src/M3Pro_core/imu_tools/imu_filter_madgwick) by extensions ['colcon_meta']
[0.216s] Level 1:colcon.colcon_core.package_identification:_identify(src/M3Pro_core/imu_tools/imu_filter_madgwick) by extension 'colcon_meta'
[0.216s] Level 1:colcon.colcon_core.package_identification:_identify(src/M3Pro_core/imu_tools/imu_filter_madgwick) by extensions ['ros']
[0.216s] Level 1:colcon.colcon_core.package_identification:_identify(src/M3Pro_core/imu_tools/imu_filter_madgwick) by extension 'ros'
[0.217s] DEBUG:colcon.colcon_core.package_identification:Package 'src/M3Pro_core/imu_tools/imu_filter_madgwick' with type 'ros.ament_cmake' and name 'imu_filter_madgwick'
[0.217s] Level 1:colcon.colcon_core.package_identification:_identify(src/M3Pro_core/imu_tools/imu_tools) by extensions ['ignore', 'ignore_ament_install']
[0.217s] Level 1:colcon.colcon_core.package_identification:_identify(src/M3Pro_core/imu_tools/imu_tools) by extension 'ignore'
[0.218s] Level 1:colcon.colcon_core.package_identification:_identify(src/M3Pro_core/imu_tools/imu_tools) by extension 'ignore_ament_install'
[0.218s] Level 1:colcon.colcon_core.package_identification:_identify(src/M3Pro_core/imu_tools/imu_tools) by extensions ['colcon_pkg']
[0.218s] Level 1:colcon.colcon_core.package_identification:_identify(src/M3Pro_core/imu_tools/imu_tools) by extension 'colcon_pkg'
[0.218s] Level 1:colcon.colcon_core.package_identification:_identify(src/M3Pro_core/imu_tools/imu_tools) by extensions ['colcon_meta']
[0.218s] Level 1:colcon.colcon_core.package_identification:_identify(src/M3Pro_core/imu_tools/imu_tools) by extension 'colcon_meta'
[0.218s] Level 1:colcon.colcon_core.package_identification:_identify(src/M3Pro_core/imu_tools/imu_tools) by extensions ['ros']
[0.218s] Level 1:colcon.colcon_core.package_identification:_identify(src/M3Pro_core/imu_tools/imu_tools) by extension 'ros'
[0.218s] DEBUG:colcon.colcon_core.package_identification:Package 'src/M3Pro_core/imu_tools/imu_tools' with type 'ros.ament_cmake' and name 'imu_tools'
[0.218s] Level 1:colcon.colcon_core.package_identification:_identify(src/M3Pro_core/imu_tools/rviz_imu_plugin) by extensions ['ignore', 'ignore_ament_install']
[0.218s] Level 1:colcon.colcon_core.package_identification:_identify(src/M3Pro_core/imu_tools/rviz_imu_plugin) by extension 'ignore'
[0.218s] Level 1:colcon.colcon_core.package_identification:_identify(src/M3Pro_core/imu_tools/rviz_imu_plugin) by extension 'ignore_ament_install'
[0.218s] Level 1:colcon.colcon_core.package_identification:_identify(src/M3Pro_core/imu_tools/rviz_imu_plugin) by extensions ['colcon_pkg']
[0.218s] Level 1:colcon.colcon_core.package_identification:_identify(src/M3Pro_core/imu_tools/rviz_imu_plugin) by extension 'colcon_pkg'
[0.218s] Level 1:colcon.colcon_core.package_identification:_identify(src/M3Pro_core/imu_tools/rviz_imu_plugin) by extensions ['colcon_meta']
[0.218s] Level 1:colcon.colcon_core.package_identification:_identify(src/M3Pro_core/imu_tools/rviz_imu_plugin) by extension 'colcon_meta'
[0.218s] Level 1:colcon.colcon_core.package_identification:_identify(src/M3Pro_core/imu_tools/rviz_imu_plugin) by extensions ['ros']
[0.218s] Level 1:colcon.colcon_core.package_identification:_identify(src/M3Pro_core/imu_tools/rviz_imu_plugin) by extension 'ros'
[0.220s] DEBUG:colcon.colcon_core.package_identification:Package 'src/M3Pro_core/imu_tools/rviz_imu_plugin' with type 'ros.ament_cmake' and name 'rviz_imu_plugin'
[0.220s] Level 1:colcon.colcon_core.package_identification:_identify(src/M3Pro_core/ira_laser_tools) by extensions ['ignore', 'ignore_ament_install']
[0.220s] Level 1:colcon.colcon_core.package_identification:_identify(src/M3Pro_core/ira_laser_tools) by extension 'ignore'
[0.220s] Level 1:colcon.colcon_core.package_identification:_identify(src/M3Pro_core/ira_laser_tools) by extension 'ignore_ament_install'
[0.220s] Level 1:colcon.colcon_core.package_identification:_identify(src/M3Pro_core/ira_laser_tools) by extensions ['colcon_pkg']
[0.220s] Level 1:colcon.colcon_core.package_identification:_identify(src/M3Pro_core/ira_laser_tools) by extension 'colcon_pkg'
[0.220s] Level 1:colcon.colcon_core.package_identification:_identify(src/M3Pro_core/ira_laser_tools) by extensions ['colcon_meta']
[0.220s] Level 1:colcon.colcon_core.package_identification:_identify(src/M3Pro_core/ira_laser_tools) by extension 'colcon_meta'
[0.220s] Level 1:colcon.colcon_core.package_identification:_identify(src/M3Pro_core/ira_laser_tools) by extensions ['ros']
[0.220s] Level 1:colcon.colcon_core.package_identification:_identify(src/M3Pro_core/ira_laser_tools) by extension 'ros'
[0.221s] DEBUG:colcon.colcon_core.package_identification:Package 'src/M3Pro_core/ira_laser_tools' with type 'ros.ament_cmake' and name 'ira_laser_tools'
[0.221s] Level 1:colcon.colcon_core.package_identification:_identify(src/M3Pro_core/openslam_gmapping) by extensions ['ignore', 'ignore_ament_install']
[0.222s] Level 1:colcon.colcon_core.package_identification:_identify(src/M3Pro_core/openslam_gmapping) by extension 'ignore'
[0.222s] Level 1:colcon.colcon_core.package_identification:_identify(src/M3Pro_core/openslam_gmapping) by extension 'ignore_ament_install'
[0.222s] Level 1:colcon.colcon_core.package_identification:_identify(src/M3Pro_core/openslam_gmapping) by extensions ['colcon_pkg']
[0.222s] Level 1:colcon.colcon_core.package_identification:_identify(src/M3Pro_core/openslam_gmapping) by extension 'colcon_pkg'
[0.222s] Level 1:colcon.colcon_core.package_identification:_identify(src/M3Pro_core/openslam_gmapping) by extensions ['colcon_meta']
[0.222s] Level 1:colcon.colcon_core.package_identification:_identify(src/M3Pro_core/openslam_gmapping) by extension 'colcon_meta'
[0.222s] Level 1:colcon.colcon_core.package_identification:_identify(src/M3Pro_core/openslam_gmapping) by extensions ['ros']
[0.222s] Level 1:colcon.colcon_core.package_identification:_identify(src/M3Pro_core/openslam_gmapping) by extension 'ros'
[0.222s] DEBUG:colcon.colcon_core.package_identification:Package 'src/M3Pro_core/openslam_gmapping' with type 'ros.ament_cmake' and name 'openslam_gmapping'
[0.222s] Level 1:colcon.colcon_core.package_identification:_identify(src/M3Pro_core/slam_gmapping) by extensions ['ignore', 'ignore_ament_install']
[0.222s] Level 1:colcon.colcon_core.package_identification:_identify(src/M3Pro_core/slam_gmapping) by extension 'ignore'
[0.222s] Level 1:colcon.colcon_core.package_identification:_identify(src/M3Pro_core/slam_gmapping) by extension 'ignore_ament_install'
[0.222s] Level 1:colcon.colcon_core.package_identification:_identify(src/M3Pro_core/slam_gmapping) by extensions ['colcon_pkg']
[0.222s] Level 1:colcon.colcon_core.package_identification:_identify(src/M3Pro_core/slam_gmapping) by extension 'colcon_pkg'
[0.222s] Level 1:colcon.colcon_core.package_identification:_identify(src/M3Pro_core/slam_gmapping) by extensions ['colcon_meta']
[0.222s] Level 1:colcon.colcon_core.package_identification:_identify(src/M3Pro_core/slam_gmapping) by extension 'colcon_meta'
[0.222s] Level 1:colcon.colcon_core.package_identification:_identify(src/M3Pro_core/slam_gmapping) by extensions ['ros']
[0.222s] Level 1:colcon.colcon_core.package_identification:_identify(src/M3Pro_core/slam_gmapping) by extension 'ros'
[0.223s] DEBUG:colcon.colcon_core.package_identification:Package 'src/M3Pro_core/slam_gmapping' with type 'ros.ament_cmake' and name 'slam_gmapping'
[0.223s] Level 1:colcon.colcon_core.package_identification:_identify(src/M3Pro_core/yahboom_laser_filter) by extensions ['ignore', 'ignore_ament_install']
[0.223s] Level 1:colcon.colcon_core.package_identification:_identify(src/M3Pro_core/yahboom_laser_filter) by extension 'ignore'
[0.224s] Level 1:colcon.colcon_core.package_identification:_identify(src/M3Pro_core/yahboom_laser_filter) by extension 'ignore_ament_install'
[0.224s] Level 1:colcon.colcon_core.package_identification:_identify(src/M3Pro_core/yahboom_laser_filter) by extensions ['colcon_pkg']
[0.224s] Level 1:colcon.colcon_core.package_identification:_identify(src/M3Pro_core/yahboom_laser_filter) by extension 'colcon_pkg'
[0.224s] Level 1:colcon.colcon_core.package_identification:_identify(src/M3Pro_core/yahboom_laser_filter) by extensions ['colcon_meta']
[0.224s] Level 1:colcon.colcon_core.package_identification:_identify(src/M3Pro_core/yahboom_laser_filter) by extension 'colcon_meta'
[0.224s] Level 1:colcon.colcon_core.package_identification:_identify(src/M3Pro_core/yahboom_laser_filter) by extensions ['ros']
[0.224s] Level 1:colcon.colcon_core.package_identification:_identify(src/M3Pro_core/yahboom_laser_filter) by extension 'ros'
[0.230s] DEBUG:colcon.colcon_core.package_identification:Package 'src/M3Pro_core/yahboom_laser_filter' with type 'ros.ament_cmake' and name 'yahboom_laser_filter'
[0.231s] Level 1:colcon.colcon_core.package_identification:_identify(src/M3Pro_navigation) by extensions ['ignore', 'ignore_ament_install']
[0.231s] Level 1:colcon.colcon_core.package_identification:_identify(src/M3Pro_navigation) by extension 'ignore'
[0.231s] Level 1:colcon.colcon_core.package_identification:_identify(src/M3Pro_navigation) by extension 'ignore_ament_install'
[0.231s] Level 1:colcon.colcon_core.package_identification:_identify(src/M3Pro_navigation) by extensions ['colcon_pkg']
[0.231s] Level 1:colcon.colcon_core.package_identification:_identify(src/M3Pro_navigation) by extension 'colcon_pkg'
[0.231s] Level 1:colcon.colcon_core.package_identification:_identify(src/M3Pro_navigation) by extensions ['colcon_meta']
[0.231s] Level 1:colcon.colcon_core.package_identification:_identify(src/M3Pro_navigation) by extension 'colcon_meta'
[0.231s] Level 1:colcon.colcon_core.package_identification:_identify(src/M3Pro_navigation) by extensions ['ros']
[0.231s] Level 1:colcon.colcon_core.package_identification:_identify(src/M3Pro_navigation) by extension 'ros'
[0.231s] DEBUG:colcon.colcon_core.package_identification:Package 'src/M3Pro_navigation' with type 'ros.ament_cmake' and name 'M3Pro_navigation'
[0.231s] Level 1:colcon.colcon_core.package_identification:_identify(src/calibration) by extensions ['ignore', 'ignore_ament_install']
[0.232s] Level 1:colcon.colcon_core.package_identification:_identify(src/calibration) by extension 'ignore'
[0.232s] Level 1:colcon.colcon_core.package_identification:_identify(src/calibration) by extension 'ignore_ament_install'
[0.232s] Level 1:colcon.colcon_core.package_identification:_identify(src/calibration) by extensions ['colcon_pkg']
[0.232s] Level 1:colcon.colcon_core.package_identification:_identify(src/calibration) by extension 'colcon_pkg'
[0.232s] Level 1:colcon.colcon_core.package_identification:_identify(src/calibration) by extensions ['colcon_meta']
[0.232s] Level 1:colcon.colcon_core.package_identification:_identify(src/calibration) by extension 'colcon_meta'
[0.232s] Level 1:colcon.colcon_core.package_identification:_identify(src/calibration) by extensions ['ros']
[0.232s] Level 1:colcon.colcon_core.package_identification:_identify(src/calibration) by extension 'ros'
[0.232s] DEBUG:colcon.colcon_core.package_identification:Package 'src/calibration' with type 'ros.ament_python' and name 'calibration'
[0.232s] Level 1:colcon.colcon_core.package_identification:_identify(src/ekf_bringup) by extensions ['ignore', 'ignore_ament_install']
[0.232s] Level 1:colcon.colcon_core.package_identification:_identify(src/ekf_bringup) by extension 'ignore'
[0.232s] Level 1:colcon.colcon_core.package_identification:_identify(src/ekf_bringup) by extension 'ignore_ament_install'
[0.232s] Level 1:colcon.colcon_core.package_identification:_identify(src/ekf_bringup) by extensions ['colcon_pkg']
[0.232s] Level 1:colcon.colcon_core.package_identification:_identify(src/ekf_bringup) by extension 'colcon_pkg'
[0.232s] Level 1:colcon.colcon_core.package_identification:_identify(src/ekf_bringup) by extensions ['colcon_meta']
[0.232s] Level 1:colcon.colcon_core.package_identification:_identify(src/ekf_bringup) by extension 'colcon_meta'
[0.232s] Level 1:colcon.colcon_core.package_identification:_identify(src/ekf_bringup) by extensions ['ros']
[0.232s] Level 1:colcon.colcon_core.package_identification:_identify(src/ekf_bringup) by extension 'ros'
[0.233s] DEBUG:colcon.colcon_core.package_identification:Package 'src/ekf_bringup' with type 'ros.ament_python' and name 'ekf_bringup'
[0.233s] Level 1:colcon.colcon_core.package_identification:_identify(src/interfaces) by extensions ['ignore', 'ignore_ament_install']
[0.233s] Level 1:colcon.colcon_core.package_identification:_identify(src/interfaces) by extension 'ignore'
[0.233s] Level 1:colcon.colcon_core.package_identification:_identify(src/interfaces) by extension 'ignore_ament_install'
[0.233s] Level 1:colcon.colcon_core.package_identification:_identify(src/interfaces) by extensions ['colcon_pkg']
[0.233s] Level 1:colcon.colcon_core.package_identification:_identify(src/interfaces) by extension 'colcon_pkg'
[0.233s] Level 1:colcon.colcon_core.package_identification:_identify(src/interfaces) by extensions ['colcon_meta']
[0.233s] Level 1:colcon.colcon_core.package_identification:_identify(src/interfaces) by extension 'colcon_meta'
[0.233s] Level 1:colcon.colcon_core.package_identification:_identify(src/interfaces) by extensions ['ros']
[0.233s] Level 1:colcon.colcon_core.package_identification:_identify(src/interfaces) by extension 'ros'
[0.234s] DEBUG:colcon.colcon_core.package_identification:Package 'src/interfaces' with type 'ros.ament_cmake' and name 'interfaces'
[0.234s] Level 1:colcon.colcon_core.package_identification:_identify(src/largemodel) by extensions ['ignore', 'ignore_ament_install']
[0.234s] Level 1:colcon.colcon_core.package_identification:_identify(src/largemodel) by extension 'ignore'
[0.234s] Level 1:colcon.colcon_core.package_identification:_identify(src/largemodel) by extension 'ignore_ament_install'
[0.234s] Level 1:colcon.colcon_core.package_identification:_identify(src/largemodel) by extensions ['colcon_pkg']
[0.234s] Level 1:colcon.colcon_core.package_identification:_identify(src/largemodel) by extension 'colcon_pkg'
[0.234s] Level 1:colcon.colcon_core.package_identification:_identify(src/largemodel) by extensions ['colcon_meta']
[0.234s] Level 1:colcon.colcon_core.package_identification:_identify(src/largemodel) by extension 'colcon_meta'
[0.234s] Level 1:colcon.colcon_core.package_identification:_identify(src/largemodel) by extensions ['ros']
[0.234s] Level 1:colcon.colcon_core.package_identification:_identify(src/largemodel) by extension 'ros'
[0.234s] DEBUG:colcon.colcon_core.package_identification:Package 'src/largemodel' with type 'ros.ament_python' and name 'largemodel'
[0.234s] Level 1:colcon.colcon_core.package_identification:_identify(src/largemodel_arm) by extensions ['ignore', 'ignore_ament_install']
[0.234s] Level 1:colcon.colcon_core.package_identification:_identify(src/largemodel_arm) by extension 'ignore'
[0.234s] Level 1:colcon.colcon_core.package_identification:_identify(src/largemodel_arm) by extension 'ignore_ament_install'
[0.235s] Level 1:colcon.colcon_core.package_identification:_identify(src/largemodel_arm) by extensions ['colcon_pkg']
[0.235s] Level 1:colcon.colcon_core.package_identification:_identify(src/largemodel_arm) by extension 'colcon_pkg'
[0.235s] Level 1:colcon.colcon_core.package_identification:_identify(src/largemodel_arm) by extensions ['colcon_meta']
[0.235s] Level 1:colcon.colcon_core.package_identification:_identify(src/largemodel_arm) by extension 'colcon_meta'
[0.235s] Level 1:colcon.colcon_core.package_identification:_identify(src/largemodel_arm) by extensions ['ros']
[0.235s] Level 1:colcon.colcon_core.package_identification:_identify(src/largemodel_arm) by extension 'ros'
[0.235s] DEBUG:colcon.colcon_core.package_identification:Package 'src/largemodel_arm' with type 'ros.ament_python' and name 'largemodel_arm'
[0.235s] Level 1:colcon.colcon_core.package_identification:_identify(src/patrol) by extensions ['ignore', 'ignore_ament_install']
[0.235s] Level 1:colcon.colcon_core.package_identification:_identify(src/patrol) by extension 'ignore'
[0.235s] Level 1:colcon.colcon_core.package_identification:_identify(src/patrol) by extension 'ignore_ament_install'
[0.235s] Level 1:colcon.colcon_core.package_identification:_identify(src/patrol) by extensions ['colcon_pkg']
[0.235s] Level 1:colcon.colcon_core.package_identification:_identify(src/patrol) by extension 'colcon_pkg'
[0.235s] Level 1:colcon.colcon_core.package_identification:_identify(src/patrol) by extensions ['colcon_meta']
[0.235s] Level 1:colcon.colcon_core.package_identification:_identify(src/patrol) by extension 'colcon_meta'
[0.235s] Level 1:colcon.colcon_core.package_identification:_identify(src/patrol) by extensions ['ros']
[0.235s] Level 1:colcon.colcon_core.package_identification:_identify(src/patrol) by extension 'ros'
[0.236s] DEBUG:colcon.colcon_core.package_identification:Package 'src/patrol' with type 'ros.ament_python' and name 'patrol'
[0.236s] Level 1:colcon.colcon_core.package_identification:_identify(src/ros_robot_app) by extensions ['ignore', 'ignore_ament_install']
[0.236s] Level 1:colcon.colcon_core.package_identification:_identify(src/ros_robot_app) by extension 'ignore'
[0.236s] Level 1:colcon.colcon_core.package_identification:_identify(src/ros_robot_app) by extension 'ignore_ament_install'
[0.236s] Level 1:colcon.colcon_core.package_identification:_identify(src/ros_robot_app) by extensions ['colcon_pkg']
[0.236s] Level 1:colcon.colcon_core.package_identification:_identify(src/ros_robot_app) by extension 'colcon_pkg'
[0.236s] Level 1:colcon.colcon_core.package_identification:_identify(src/ros_robot_app) by extensions ['colcon_meta']
[0.236s] Level 1:colcon.colcon_core.package_identification:_identify(src/ros_robot_app) by extension 'colcon_meta'
[0.236s] Level 1:colcon.colcon_core.package_identification:_identify(src/ros_robot_app) by extensions ['ros']
[0.236s] Level 1:colcon.colcon_core.package_identification:_identify(src/ros_robot_app) by extension 'ros'
[0.236s] Level 1:colcon.colcon_core.package_identification:_identify(src/ros_robot_app) by extensions ['cmake', 'python']
[0.236s] Level 1:colcon.colcon_core.package_identification:_identify(src/ros_robot_app) by extension 'cmake'
[0.236s] Level 1:colcon.colcon_core.package_identification:_identify(src/ros_robot_app) by extension 'python'
[0.236s] Level 1:colcon.colcon_core.package_identification:_identify(src/ros_robot_app) by extensions ['python_setup_py']
[0.236s] Level 1:colcon.colcon_core.package_identification:_identify(src/ros_robot_app) by extension 'python_setup_py'
[0.236s] Level 1:colcon.colcon_core.package_identification:_identify(src/ros_robot_app/laserscan_to_point_publisher) by extensions ['ignore', 'ignore_ament_install']
[0.236s] Level 1:colcon.colcon_core.package_identification:_identify(src/ros_robot_app/laserscan_to_point_publisher) by extension 'ignore'
[0.236s] Level 1:colcon.colcon_core.package_identification:_identify(src/ros_robot_app/laserscan_to_point_publisher) by extension 'ignore_ament_install'
[0.236s] Level 1:colcon.colcon_core.package_identification:_identify(src/ros_robot_app/laserscan_to_point_publisher) by extensions ['colcon_pkg']
[0.237s] Level 1:colcon.colcon_core.package_identification:_identify(src/ros_robot_app/laserscan_to_point_publisher) by extension 'colcon_pkg'
[0.237s] Level 1:colcon.colcon_core.package_identification:_identify(src/ros_robot_app/laserscan_to_point_publisher) by extensions ['colcon_meta']
[0.237s] Level 1:colcon.colcon_core.package_identification:_identify(src/ros_robot_app/laserscan_to_point_publisher) by extension 'colcon_meta'
[0.237s] Level 1:colcon.colcon_core.package_identification:_identify(src/ros_robot_app/laserscan_to_point_publisher) by extensions ['ros']
[0.237s] Level 1:colcon.colcon_core.package_identification:_identify(src/ros_robot_app/laserscan_to_point_publisher) by extension 'ros'
[0.237s] DEBUG:colcon.colcon_core.package_identification:Package 'src/ros_robot_app/laserscan_to_point_publisher' with type 'ros.ament_python' and name 'laserscan_to_point_publisher'
[0.237s] Level 1:colcon.colcon_core.package_identification:_identify(src/ros_robot_app/robot_pose_publisher_ros2) by extensions ['ignore', 'ignore_ament_install']
[0.237s] Level 1:colcon.colcon_core.package_identification:_identify(src/ros_robot_app/robot_pose_publisher_ros2) by extension 'ignore'
[0.237s] Level 1:colcon.colcon_core.package_identification:_identify(src/ros_robot_app/robot_pose_publisher_ros2) by extension 'ignore_ament_install'
[0.237s] Level 1:colcon.colcon_core.package_identification:_identify(src/ros_robot_app/robot_pose_publisher_ros2) by extensions ['colcon_pkg']
[0.237s] Level 1:colcon.colcon_core.package_identification:_identify(src/ros_robot_app/robot_pose_publisher_ros2) by extension 'colcon_pkg'
[0.237s] Level 1:colcon.colcon_core.package_identification:_identify(src/ros_robot_app/robot_pose_publisher_ros2) by extensions ['colcon_meta']
[0.237s] Level 1:colcon.colcon_core.package_identification:_identify(src/ros_robot_app/robot_pose_publisher_ros2) by extension 'colcon_meta'
[0.237s] Level 1:colcon.colcon_core.package_identification:_identify(src/ros_robot_app/robot_pose_publisher_ros2) by extensions ['ros']
[0.237s] Level 1:colcon.colcon_core.package_identification:_identify(src/ros_robot_app/robot_pose_publisher_ros2) by extension 'ros'
[0.238s] DEBUG:colcon.colcon_core.package_identification:Package 'src/ros_robot_app/robot_pose_publisher_ros2' with type 'ros.ament_cmake' and name 'robot_pose_publisher_ros2'
[0.238s] Level 1:colcon.colcon_core.package_identification:_identify(src/ros_robot_app/yahboom_app_save_map) by extensions ['ignore', 'ignore_ament_install']
[0.238s] Level 1:colcon.colcon_core.package_identification:_identify(src/ros_robot_app/yahboom_app_save_map) by extension 'ignore'
[0.238s] Level 1:colcon.colcon_core.package_identification:_identify(src/ros_robot_app/yahboom_app_save_map) by extension 'ignore_ament_install'
[0.238s] Level 1:colcon.colcon_core.package_identification:_identify(src/ros_robot_app/yahboom_app_save_map) by extensions ['colcon_pkg']
[0.238s] Level 1:colcon.colcon_core.package_identification:_identify(src/ros_robot_app/yahboom_app_save_map) by extension 'colcon_pkg'
[0.238s] Level 1:colcon.colcon_core.package_identification:_identify(src/ros_robot_app/yahboom_app_save_map) by extensions ['colcon_meta']
[0.238s] Level 1:colcon.colcon_core.package_identification:_identify(src/ros_robot_app/yahboom_app_save_map) by extension 'colcon_meta'
[0.238s] Level 1:colcon.colcon_core.package_identification:_identify(src/ros_robot_app/yahboom_app_save_map) by extensions ['ros']
[0.238s] Level 1:colcon.colcon_core.package_identification:_identify(src/ros_robot_app/yahboom_app_save_map) by extension 'ros'
[0.238s] DEBUG:colcon.colcon_core.package_identification:Package 'src/ros_robot_app/yahboom_app_save_map' with type 'ros.ament_python' and name 'yahboom_app_save_map'
[0.239s] Level 1:colcon.colcon_core.package_identification:_identify(src/ros_robot_app/yahboom_web_savmap_interfaces) by extensions ['ignore', 'ignore_ament_install']
[0.239s] Level 1:colcon.colcon_core.package_identification:_identify(src/ros_robot_app/yahboom_web_savmap_interfaces) by extension 'ignore'
[0.239s] Level 1:colcon.colcon_core.package_identification:_identify(src/ros_robot_app/yahboom_web_savmap_interfaces) by extension 'ignore_ament_install'
[0.239s] Level 1:colcon.colcon_core.package_identification:_identify(src/ros_robot_app/yahboom_web_savmap_interfaces) by extensions ['colcon_pkg']
[0.239s] Level 1:colcon.colcon_core.package_identification:_identify(src/ros_robot_app/yahboom_web_savmap_interfaces) by extension 'colcon_pkg'
[0.239s] Level 1:colcon.colcon_core.package_identification:_identify(src/ros_robot_app/yahboom_web_savmap_interfaces) by extensions ['colcon_meta']
[0.239s] Level 1:colcon.colcon_core.package_identification:_identify(src/ros_robot_app/yahboom_web_savmap_interfaces) by extension 'colcon_meta'
[0.239s] Level 1:colcon.colcon_core.package_identification:_identify(src/ros_robot_app/yahboom_web_savmap_interfaces) by extensions ['ros']
[0.239s] Level 1:colcon.colcon_core.package_identification:_identify(src/ros_robot_app/yahboom_web_savmap_interfaces) by extension 'ros'
[0.239s] DEBUG:colcon.colcon_core.package_identification:Package 'src/ros_robot_app/yahboom_web_savmap_interfaces' with type 'ros.ament_cmake' and name 'yahboom_web_savmap_interfaces'
[0.239s] Level 1:colcon.colcon_core.package_identification:_identify(src/slam_mapping) by extensions ['ignore', 'ignore_ament_install']
[0.239s] Level 1:colcon.colcon_core.package_identification:_identify(src/slam_mapping) by extension 'ignore'
[0.239s] Level 1:colcon.colcon_core.package_identification:_identify(src/slam_mapping) by extension 'ignore_ament_install'
[0.239s] Level 1:colcon.colcon_core.package_identification:_identify(src/slam_mapping) by extensions ['colcon_pkg']
[0.239s] Level 1:colcon.colcon_core.package_identification:_identify(src/slam_mapping) by extension 'colcon_pkg'
[0.239s] Level 1:colcon.colcon_core.package_identification:_identify(src/slam_mapping) by extensions ['colcon_meta']
[0.240s] Level 1:colcon.colcon_core.package_identification:_identify(src/slam_mapping) by extension 'colcon_meta'
[0.240s] Level 1:colcon.colcon_core.package_identification:_identify(src/slam_mapping) by extensions ['ros']
[0.240s] Level 1:colcon.colcon_core.package_identification:_identify(src/slam_mapping) by extension 'ros'
[0.240s] DEBUG:colcon.colcon_core.package_identification:Package 'src/slam_mapping' with type 'ros.ament_cmake' and name 'slam_mapping'
[0.240s] Level 1:colcon.colcon_core.package_identification:_identify(src/text_chat) by extensions ['ignore', 'ignore_ament_install']
[0.240s] Level 1:colcon.colcon_core.package_identification:_identify(src/text_chat) by extension 'ignore'
[0.240s] Level 1:colcon.colcon_core.package_identification:_identify(src/text_chat) by extension 'ignore_ament_install'
[0.240s] Level 1:colcon.colcon_core.package_identification:_identify(src/text_chat) by extensions ['colcon_pkg']
[0.240s] Level 1:colcon.colcon_core.package_identification:_identify(src/text_chat) by extension 'colcon_pkg'
[0.240s] Level 1:colcon.colcon_core.package_identification:_identify(src/text_chat) by extensions ['colcon_meta']
[0.240s] Level 1:colcon.colcon_core.package_identification:_identify(src/text_chat) by extension 'colcon_meta'
[0.240s] Level 1:colcon.colcon_core.package_identification:_identify(src/text_chat) by extensions ['ros']
[0.240s] Level 1:colcon.colcon_core.package_identification:_identify(src/text_chat) by extension 'ros'
[0.241s] DEBUG:colcon.colcon_core.package_identification:Package 'src/text_chat' with type 'ros.ament_python' and name 'text_chat'
[0.241s] Level 1:colcon.colcon_core.package_identification:_identify(src/updatecostmap) by extensions ['ignore', 'ignore_ament_install']
[0.241s] Level 1:colcon.colcon_core.package_identification:_identify(src/updatecostmap) by extension 'ignore'
[0.241s] Level 1:colcon.colcon_core.package_identification:_identify(src/updatecostmap) by extension 'ignore_ament_install'
[0.241s] Level 1:colcon.colcon_core.package_identification:_identify(src/updatecostmap) by extensions ['colcon_pkg']
[0.241s] Level 1:colcon.colcon_core.package_identification:_identify(src/updatecostmap) by extension 'colcon_pkg'
[0.241s] Level 1:colcon.colcon_core.package_identification:_identify(src/updatecostmap) by extensions ['colcon_meta']
[0.241s] Level 1:colcon.colcon_core.package_identification:_identify(src/updatecostmap) by extension 'colcon_meta'
[0.241s] Level 1:colcon.colcon_core.package_identification:_identify(src/updatecostmap) by extensions ['ros']
[0.241s] Level 1:colcon.colcon_core.package_identification:_identify(src/updatecostmap) by extension 'ros'
[0.241s] DEBUG:colcon.colcon_core.package_identification:Package 'src/updatecostmap' with type 'ros.ament_cmake' and name 'updatecostmap'
[0.241s] Level 1:colcon.colcon_core.package_identification:_identify(src/yahboom_mapping) by extensions ['ignore', 'ignore_ament_install']
[0.242s] Level 1:colcon.colcon_core.package_identification:_identify(src/yahboom_mapping) by extension 'ignore'
[0.242s] Level 1:colcon.colcon_core.package_identification:_identify(src/yahboom_mapping) by extension 'ignore_ament_install'
[0.242s] Level 1:colcon.colcon_core.package_identification:_identify(src/yahboom_mapping) by extensions ['colcon_pkg']
[0.242s] Level 1:colcon.colcon_core.package_identification:_identify(src/yahboom_mapping) by extension 'colcon_pkg'
[0.242s] Level 1:colcon.colcon_core.package_identification:_identify(src/yahboom_mapping) by extensions ['colcon_meta']
[0.242s] Level 1:colcon.colcon_core.package_identification:_identify(src/yahboom_mapping) by extension 'colcon_meta'
[0.242s] Level 1:colcon.colcon_core.package_identification:_identify(src/yahboom_mapping) by extensions ['ros']
[0.242s] Level 1:colcon.colcon_core.package_identification:_identify(src/yahboom_mapping) by extension 'ros'
[0.242s] DEBUG:colcon.colcon_core.package_identification:Package 'src/yahboom_mapping' with type 'ros.ament_cmake' and name 'yahboom_mapping'
[0.242s] Level 1:colcon.colcon_core.package_identification:_identify(src/yahboom_multi) by extensions ['ignore', 'ignore_ament_install']
[0.242s] Level 1:colcon.colcon_core.package_identification:_identify(src/yahboom_multi) by extension 'ignore'
[0.242s] Level 1:colcon.colcon_core.package_identification:_identify(src/yahboom_multi) by extension 'ignore_ament_install'
[0.242s] Level 1:colcon.colcon_core.package_identification:_identify(src/yahboom_multi) by extensions ['colcon_pkg']
[0.242s] Level 1:colcon.colcon_core.package_identification:_identify(src/yahboom_multi) by extension 'colcon_pkg'
[0.242s] Level 1:colcon.colcon_core.package_identification:_identify(src/yahboom_multi) by extensions ['colcon_meta']
[0.242s] Level 1:colcon.colcon_core.package_identification:_identify(src/yahboom_multi) by extension 'colcon_meta'
[0.242s] Level 1:colcon.colcon_core.package_identification:_identify(src/yahboom_multi) by extensions ['ros']
[0.242s] Level 1:colcon.colcon_core.package_identification:_identify(src/yahboom_multi) by extension 'ros'
[0.243s] DEBUG:colcon.colcon_core.package_identification:Package 'src/yahboom_multi' with type 'ros.ament_python' and name 'yahboom_multi'
[0.243s] Level 1:colcon.colcon_core.package_discovery:discover_packages(recursive) using defaults
[0.243s] Level 1:colcon.colcon_core.package_discovery:discover_packages(ignore) discover
[0.243s] Level 1:colcon.colcon_core.package_discovery:discover_packages(ignore) using defaults
[0.243s] Level 1:colcon.colcon_core.package_discovery:discover_packages(path) discover
[0.243s] Level 1:colcon.colcon_core.package_discovery:discover_packages(path) using defaults
[0.261s] Level 1:colcon.colcon_core.package_discovery:discover_packages(prefix_path) check parameters
[0.261s] Level 1:colcon.colcon_core.package_discovery:discover_packages(prefix_path) discover
[0.263s] DEBUG:colcon.colcon_installed_package_information.package_discovery:Found 3 installed packages in /home/pawan/yahboomcar_ws_test/yahboomcar_ws/install
[0.264s] DEBUG:colcon.colcon_installed_package_information.package_discovery:Found 417 installed packages in /opt/ros/humble
[0.266s] Level 1:colcon.colcon_core.package_discovery:discover_packages(prefix_path) using defaults
[0.300s] Level 5:colcon.colcon_core.verb:set package 'M3Pro' build argument 'cmake_args' from command line to 'None'
[0.300s] Level 5:colcon.colcon_core.verb:set package 'M3Pro' build argument 'cmake_target' from command line to 'None'
[0.300s] Level 5:colcon.colcon_core.verb:set package 'M3Pro' build argument 'cmake_target_skip_unavailable' from command line to 'False'
[0.300s] Level 5:colcon.colcon_core.verb:set package 'M3Pro' build argument 'cmake_clean_cache' from command line to 'False'
[0.300s] Level 5:colcon.colcon_core.verb:set package 'M3Pro' build argument 'cmake_clean_first' from command line to 'False'
[0.300s] Level 5:colcon.colcon_core.verb:set package 'M3Pro' build argument 'cmake_force_configure' from command line to 'False'
[0.300s] Level 5:colcon.colcon_core.verb:set package 'M3Pro' build argument 'ament_cmake_args' from command line to 'None'
[0.300s] Level 5:colcon.colcon_core.verb:set package 'M3Pro' build argument 'catkin_cmake_args' from command line to 'None'
[0.300s] Level 5:colcon.colcon_core.verb:set package 'M3Pro' build argument 'catkin_skip_building_tests' from command line to 'False'
[0.300s] DEBUG:colcon.colcon_core.verb:Building package 'M3Pro' with the following arguments: {'ament_cmake_args': None, 'build_base': '/home/pawan/yahboomcar_ws_test/M3Pro_ws/build/M3Pro', 'catkin_cmake_args': None, 'catkin_skip_building_tests': False, 'cmake_args': None, 'cmake_clean_cache': False, 'cmake_clean_first': False, 'cmake_force_configure': False, 'cmake_target': None, 'cmake_target_skip_unavailable': False, 'install_base': '/home/pawan/yahboomcar_ws_test/M3Pro_ws/install/M3Pro', 'merge_install': False, 'path': '/home/pawan/yahboomcar_ws_test/M3Pro_ws/src/M3Pro', 'symlink_install': False, 'test_result_base': None}
[0.301s] Level 5:colcon.colcon_core.verb:set package 'M3Pro_KCF' build argument 'cmake_args' from command line to 'None'
[0.301s] Level 5:colcon.colcon_core.verb:set package 'M3Pro_KCF' build argument 'cmake_target' from command line to 'None'
[0.301s] Level 5:colcon.colcon_core.verb:set package 'M3Pro_KCF' build argument 'cmake_target_skip_unavailable' from command line to 'False'
[0.301s] Level 5:colcon.colcon_core.verb:set package 'M3Pro_KCF' build argument 'cmake_clean_cache' from command line to 'False'
[0.301s] Level 5:colcon.colcon_core.verb:set package 'M3Pro_KCF' build argument 'cmake_clean_first' from command line to 'False'
[0.301s] Level 5:colcon.colcon_core.verb:set package 'M3Pro_KCF' build argument 'cmake_force_configure' from command line to 'False'
[0.301s] Level 5:colcon.colcon_core.verb:set package 'M3Pro_KCF' build argument 'ament_cmake_args' from command line to 'None'
[0.301s] Level 5:colcon.colcon_core.verb:set package 'M3Pro_KCF' build argument 'catkin_cmake_args' from command line to 'None'
[0.301s] Level 5:colcon.colcon_core.verb:set package 'M3Pro_KCF' build argument 'catkin_skip_building_tests' from command line to 'False'
[0.301s] DEBUG:colcon.colcon_core.verb:Building package 'M3Pro_KCF' with the following arguments: {'ament_cmake_args': None, 'build_base': '/home/pawan/yahboomcar_ws_test/M3Pro_ws/build/M3Pro_KCF', 'catkin_cmake_args': None, 'catkin_skip_building_tests': False, 'cmake_args': None, 'cmake_clean_cache': False, 'cmake_clean_first': False, 'cmake_force_configure': False, 'cmake_target': None, 'cmake_target_skip_unavailable': False, 'install_base': '/home/pawan/yahboomcar_ws_test/M3Pro_ws/install/M3Pro_KCF', 'merge_install': False, 'path': '/home/pawan/yahboomcar_ws_test/M3Pro_ws/src/M3Pro_KCF', 'symlink_install': False, 'test_result_base': None}
[0.301s] Level 5:colcon.colcon_core.verb:set package 'M3Pro_navigation' build argument 'cmake_args' from command line to 'None'
[0.301s] Level 5:colcon.colcon_core.verb:set package 'M3Pro_navigation' build argument 'cmake_target' from command line to 'None'
[0.301s] Level 5:colcon.colcon_core.verb:set package 'M3Pro_navigation' build argument 'cmake_target_skip_unavailable' from command line to 'False'
[0.301s] Level 5:colcon.colcon_core.verb:set package 'M3Pro_navigation' build argument 'cmake_clean_cache' from command line to 'False'
[0.301s] Level 5:colcon.colcon_core.verb:set package 'M3Pro_navigation' build argument 'cmake_clean_first' from command line to 'False'
[0.301s] Level 5:colcon.colcon_core.verb:set package 'M3Pro_navigation' build argument 'cmake_force_configure' from command line to 'False'
[0.301s] Level 5:colcon.colcon_core.verb:set package 'M3Pro_navigation' build argument 'ament_cmake_args' from command line to 'None'
[0.301s] Level 5:colcon.colcon_core.verb:set package 'M3Pro_navigation' build argument 'catkin_cmake_args' from command line to 'None'
[0.301s] Level 5:colcon.colcon_core.verb:set package 'M3Pro_navigation' build argument 'catkin_skip_building_tests' from command line to 'False'
[0.301s] DEBUG:colcon.colcon_core.verb:Building package 'M3Pro_navigation' with the following arguments: {'ament_cmake_args': None, 'build_base': '/home/pawan/yahboomcar_ws_test/M3Pro_ws/build/M3Pro_navigation', 'catkin_cmake_args': None, 'catkin_skip_building_tests': False, 'cmake_args': None, 'cmake_clean_cache': False, 'cmake_clean_first': False, 'cmake_force_configure': False, 'cmake_target': None, 'cmake_target_skip_unavailable': False, 'install_base': '/home/pawan/yahboomcar_ws_test/M3Pro_ws/install/M3Pro_navigation', 'merge_install': False, 'path': '/home/pawan/yahboomcar_ws_test/M3Pro_ws/src/M3Pro_navigation', 'symlink_install': False, 'test_result_base': None}
[0.301s] Level 5:colcon.colcon_core.verb:set package 'calibration' build argument 'cmake_args' from command line to 'None'
[0.302s] Level 5:colcon.colcon_core.verb:set package 'calibration' build argument 'cmake_target' from command line to 'None'
[0.302s] Level 5:colcon.colcon_core.verb:set package 'calibration' build argument 'cmake_target_skip_unavailable' from command line to 'False'
[0.302s] Level 5:colcon.colcon_core.verb:set package 'calibration' build argument 'cmake_clean_cache' from command line to 'False'
[0.302s] Level 5:colcon.colcon_core.verb:set package 'calibration' build argument 'cmake_clean_first' from command line to 'False'
[0.302s] Level 5:colcon.colcon_core.verb:set package 'calibration' build argument 'cmake_force_configure' from command line to 'False'
[0.302s] Level 5:colcon.colcon_core.verb:set package 'calibration' build argument 'ament_cmake_args' from command line to 'None'
[0.302s] Level 5:colcon.colcon_core.verb:set package 'calibration' build argument 'catkin_cmake_args' from command line to 'None'
[0.302s] Level 5:colcon.colcon_core.verb:set package 'calibration' build argument 'catkin_skip_building_tests' from command line to 'False'
[0.302s] DEBUG:colcon.colcon_core.verb:Building package 'calibration' with the following arguments: {'ament_cmake_args': None, 'build_base': '/home/pawan/yahboomcar_ws_test/M3Pro_ws/build/calibration', 'catkin_cmake_args': None, 'catkin_skip_building_tests': False, 'cmake_args': None, 'cmake_clean_cache': False, 'cmake_clean_first': False, 'cmake_force_configure': False, 'cmake_target': None, 'cmake_target_skip_unavailable': False, 'install_base': '/home/pawan/yahboomcar_ws_test/M3Pro_ws/install/calibration', 'merge_install': False, 'path': '/home/pawan/yahboomcar_ws_test/M3Pro_ws/src/calibration', 'symlink_install': False, 'test_result_base': None}
[0.302s] Level 5:colcon.colcon_core.verb:set package 'ekf_bringup' build argument 'cmake_args' from command line to 'None'
[0.302s] Level 5:colcon.colcon_core.verb:set package 'ekf_bringup' build argument 'cmake_target' from command line to 'None'
[0.302s] Level 5:colcon.colcon_core.verb:set package 'ekf_bringup' build argument 'cmake_target_skip_unavailable' from command line to 'False'
[0.302s] Level 5:colcon.colcon_core.verb:set package 'ekf_bringup' build argument 'cmake_clean_cache' from command line to 'False'
[0.302s] Level 5:colcon.colcon_core.verb:set package 'ekf_bringup' build argument 'cmake_clean_first' from command line to 'False'
[0.302s] Level 5:colcon.colcon_core.verb:set package 'ekf_bringup' build argument 'cmake_force_configure' from command line to 'False'
[0.302s] Level 5:colcon.colcon_core.verb:set package 'ekf_bringup' build argument 'ament_cmake_args' from command line to 'None'
[0.302s] Level 5:colcon.colcon_core.verb:set package 'ekf_bringup' build argument 'catkin_cmake_args' from command line to 'None'
[0.302s] Level 5:colcon.colcon_core.verb:set package 'ekf_bringup' build argument 'catkin_skip_building_tests' from command line to 'False'
[0.302s] DEBUG:colcon.colcon_core.verb:Building package 'ekf_bringup' with the following arguments: {'ament_cmake_args': None, 'build_base': '/home/pawan/yahboomcar_ws_test/M3Pro_ws/build/ekf_bringup', 'catkin_cmake_args': None, 'catkin_skip_building_tests': False, 'cmake_args': None, 'cmake_clean_cache': False, 'cmake_clean_first': False, 'cmake_force_configure': False, 'cmake_target': None, 'cmake_target_skip_unavailable': False, 'install_base': '/home/pawan/yahboomcar_ws_test/M3Pro_ws/install/ekf_bringup', 'merge_install': False, 'path': '/home/pawan/yahboomcar_ws_test/M3Pro_ws/src/ekf_bringup', 'symlink_install': False, 'test_result_base': None}
[0.302s] Level 5:colcon.colcon_core.verb:set package 'imu_complementary_filter' build argument 'cmake_args' from command line to 'None'
[0.302s] Level 5:colcon.colcon_core.verb:set package 'imu_complementary_filter' build argument 'cmake_target' from command line to 'None'
[0.302s] Level 5:colcon.colcon_core.verb:set package 'imu_complementary_filter' build argument 'cmake_target_skip_unavailable' from command line to 'False'
[0.302s] Level 5:colcon.colcon_core.verb:set package 'imu_complementary_filter' build argument 'cmake_clean_cache' from command line to 'False'
[0.302s] Level 5:colcon.colcon_core.verb:set package 'imu_complementary_filter' build argument 'cmake_clean_first' from command line to 'False'
[0.302s] Level 5:colcon.colcon_core.verb:set package 'imu_complementary_filter' build argument 'cmake_force_configure' from command line to 'False'
[0.302s] Level 5:colcon.colcon_core.verb:set package 'imu_complementary_filter' build argument 'ament_cmake_args' from command line to 'None'
[0.302s] Level 5:colcon.colcon_core.verb:set package 'imu_complementary_filter' build argument 'catkin_cmake_args' from command line to 'None'
[0.302s] Level 5:colcon.colcon_core.verb:set package 'imu_complementary_filter' build argument 'catkin_skip_building_tests' from command line to 'False'
[0.302s] DEBUG:colcon.colcon_core.verb:Building package 'imu_complementary_filter' with the following arguments: {'ament_cmake_args': None, 'build_base': '/home/pawan/yahboomcar_ws_test/M3Pro_ws/build/imu_complementary_filter', 'catkin_cmake_args': None, 'catkin_skip_building_tests': False, 'cmake_args': None, 'cmake_clean_cache': False, 'cmake_clean_first': False, 'cmake_force_configure': False, 'cmake_target': None, 'cmake_target_skip_unavailable': False, 'install_base': '/home/pawan/yahboomcar_ws_test/M3Pro_ws/install/imu_complementary_filter', 'merge_install': False, 'path': '/home/pawan/yahboomcar_ws_test/M3Pro_ws/src/M3Pro_core/imu_tools/imu_complementary_filter', 'symlink_install': False, 'test_result_base': None}
[0.303s] Level 5:colcon.colcon_core.verb:set package 'imu_filter_madgwick' build argument 'cmake_args' from command line to 'None'
[0.303s] Level 5:colcon.colcon_core.verb:set package 'imu_filter_madgwick' build argument 'cmake_target' from command line to 'None'
[0.303s] Level 5:colcon.colcon_core.verb:set package 'imu_filter_madgwick' build argument 'cmake_target_skip_unavailable' from command line to 'False'
[0.303s] Level 5:colcon.colcon_core.verb:set package 'imu_filter_madgwick' build argument 'cmake_clean_cache' from command line to 'False'
[0.303s] Level 5:colcon.colcon_core.verb:set package 'imu_filter_madgwick' build argument 'cmake_clean_first' from command line to 'False'
[0.303s] Level 5:colcon.colcon_core.verb:set package 'imu_filter_madgwick' build argument 'cmake_force_configure' from command line to 'False'
[0.303s] Level 5:colcon.colcon_core.verb:set package 'imu_filter_madgwick' build argument 'ament_cmake_args' from command line to 'None'
[0.303s] Level 5:colcon.colcon_core.verb:set package 'imu_filter_madgwick' build argument 'catkin_cmake_args' from command line to 'None'
[0.303s] Level 5:colcon.colcon_core.verb:set package 'imu_filter_madgwick' build argument 'catkin_skip_building_tests' from command line to 'False'
[0.303s] DEBUG:colcon.colcon_core.verb:Building package 'imu_filter_madgwick' with the following arguments: {'ament_cmake_args': None, 'build_base': '/home/pawan/yahboomcar_ws_test/M3Pro_ws/build/imu_filter_madgwick', 'catkin_cmake_args': None, 'catkin_skip_building_tests': False, 'cmake_args': None, 'cmake_clean_cache': False, 'cmake_clean_first': False, 'cmake_force_configure': False, 'cmake_target': None, 'cmake_target_skip_unavailable': False, 'install_base': '/home/pawan/yahboomcar_ws_test/M3Pro_ws/install/imu_filter_madgwick', 'merge_install': False, 'path': '/home/pawan/yahboomcar_ws_test/M3Pro_ws/src/M3Pro_core/imu_tools/imu_filter_madgwick', 'symlink_install': False, 'test_result_base': None}
[0.303s] Level 5:colcon.colcon_core.verb:set package 'interfaces' build argument 'cmake_args' from command line to 'None'
[0.303s] Level 5:colcon.colcon_core.verb:set package 'interfaces' build argument 'cmake_target' from command line to 'None'
[0.303s] Level 5:colcon.colcon_core.verb:set package 'interfaces' build argument 'cmake_target_skip_unavailable' from command line to 'False'
[0.303s] Level 5:colcon.colcon_core.verb:set package 'interfaces' build argument 'cmake_clean_cache' from command line to 'False'
[0.303s] Level 5:colcon.colcon_core.verb:set package 'interfaces' build argument 'cmake_clean_first' from command line to 'False'
[0.303s] Level 5:colcon.colcon_core.verb:set package 'interfaces' build argument 'cmake_force_configure' from command line to 'False'
[0.303s] Level 5:colcon.colcon_core.verb:set package 'interfaces' build argument 'ament_cmake_args' from command line to 'None'
[0.303s] Level 5:colcon.colcon_core.verb:set package 'interfaces' build argument 'catkin_cmake_args' from command line to 'None'
[0.303s] Level 5:colcon.colcon_core.verb:set package 'interfaces' build argument 'catkin_skip_building_tests' from command line to 'False'
[0.303s] DEBUG:colcon.colcon_core.verb:Building package 'interfaces' with the following arguments: {'ament_cmake_args': None, 'build_base': '/home/pawan/yahboomcar_ws_test/M3Pro_ws/build/interfaces', 'catkin_cmake_args': None, 'catkin_skip_building_tests': False, 'cmake_args': None, 'cmake_clean_cache': False, 'cmake_clean_first': False, 'cmake_force_configure': False, 'cmake_target': None, 'cmake_target_skip_unavailable': False, 'install_base': '/home/pawan/yahboomcar_ws_test/M3Pro_ws/install/interfaces', 'merge_install': False, 'path': '/home/pawan/yahboomcar_ws_test/M3Pro_ws/src/interfaces', 'symlink_install': False, 'test_result_base': None}
[0.303s] Level 5:colcon.colcon_core.verb:set package 'ira_laser_tools' build argument 'cmake_args' from command line to 'None'
[0.303s] Level 5:colcon.colcon_core.verb:set package 'ira_laser_tools' build argument 'cmake_target' from command line to 'None'
[0.303s] Level 5:colcon.colcon_core.verb:set package 'ira_laser_tools' build argument 'cmake_target_skip_unavailable' from command line to 'False'
[0.303s] Level 5:colcon.colcon_core.verb:set package 'ira_laser_tools' build argument 'cmake_clean_cache' from command line to 'False'
[0.303s] Level 5:colcon.colcon_core.verb:set package 'ira_laser_tools' build argument 'cmake_clean_first' from command line to 'False'
[0.303s] Level 5:colcon.colcon_core.verb:set package 'ira_laser_tools' build argument 'cmake_force_configure' from command line to 'False'
[0.303s] Level 5:colcon.colcon_core.verb:set package 'ira_laser_tools' build argument 'ament_cmake_args' from command line to 'None'
[0.303s] Level 5:colcon.colcon_core.verb:set package 'ira_laser_tools' build argument 'catkin_cmake_args' from command line to 'None'
[0.303s] Level 5:colcon.colcon_core.verb:set package 'ira_laser_tools' build argument 'catkin_skip_building_tests' from command line to 'False'
[0.304s] DEBUG:colcon.colcon_core.verb:Building package 'ira_laser_tools' with the following arguments: {'ament_cmake_args': None, 'build_base': '/home/pawan/yahboomcar_ws_test/M3Pro_ws/build/ira_laser_tools', 'catkin_cmake_args': None, 'catkin_skip_building_tests': False, 'cmake_args': None, 'cmake_clean_cache': False, 'cmake_clean_first': False, 'cmake_force_configure': False, 'cmake_target': None, 'cmake_target_skip_unavailable': False, 'install_base': '/home/pawan/yahboomcar_ws_test/M3Pro_ws/install/ira_laser_tools', 'merge_install': False, 'path': '/home/pawan/yahboomcar_ws_test/M3Pro_ws/src/M3Pro_core/ira_laser_tools', 'symlink_install': False, 'test_result_base': None}
[0.304s] Level 5:colcon.colcon_core.verb:set package 'largemodel' build argument 'cmake_args' from command line to 'None'
[0.304s] Level 5:colcon.colcon_core.verb:set package 'largemodel' build argument 'cmake_target' from command line to 'None'
[0.304s] Level 5:colcon.colcon_core.verb:set package 'largemodel' build argument 'cmake_target_skip_unavailable' from command line to 'False'
[0.304s] Level 5:colcon.colcon_core.verb:set package 'largemodel' build argument 'cmake_clean_cache' from command line to 'False'
[0.304s] Level 5:colcon.colcon_core.verb:set package 'largemodel' build argument 'cmake_clean_first' from command line to 'False'
[0.304s] Level 5:colcon.colcon_core.verb:set package 'largemodel' build argument 'cmake_force_configure' from command line to 'False'
[0.304s] Level 5:colcon.colcon_core.verb:set package 'largemodel' build argument 'ament_cmake_args' from command line to 'None'
[0.304s] Level 5:colcon.colcon_core.verb:set package 'largemodel' build argument 'catkin_cmake_args' from command line to 'None'
[0.304s] Level 5:colcon.colcon_core.verb:set package 'largemodel' build argument 'catkin_skip_building_tests' from command line to 'False'
[0.304s] DEBUG:colcon.colcon_core.verb:Building package 'largemodel' with the following arguments: {'ament_cmake_args': None, 'build_base': '/home/pawan/yahboomcar_ws_test/M3Pro_ws/build/largemodel', 'catkin_cmake_args': None, 'catkin_skip_building_tests': False, 'cmake_args': None, 'cmake_clean_cache': False, 'cmake_clean_first': False, 'cmake_force_configure': False, 'cmake_target': None, 'cmake_target_skip_unavailable': False, 'install_base': '/home/pawan/yahboomcar_ws_test/M3Pro_ws/install/largemodel', 'merge_install': False, 'path': '/home/pawan/yahboomcar_ws_test/M3Pro_ws/src/largemodel', 'symlink_install': False, 'test_result_base': None}
[0.304s] Level 5:colcon.colcon_core.verb:set package 'largemodel_arm' build argument 'cmake_args' from command line to 'None'
[0.304s] Level 5:colcon.colcon_core.verb:set package 'largemodel_arm' build argument 'cmake_target' from command line to 'None'
[0.304s] Level 5:colcon.colcon_core.verb:set package 'largemodel_arm' build argument 'cmake_target_skip_unavailable' from command line to 'False'
[0.304s] Level 5:colcon.colcon_core.verb:set package 'largemodel_arm' build argument 'cmake_clean_cache' from command line to 'False'
[0.304s] Level 5:colcon.colcon_core.verb:set package 'largemodel_arm' build argument 'cmake_clean_first' from command line to 'False'
[0.304s] Level 5:colcon.colcon_core.verb:set package 'largemodel_arm' build argument 'cmake_force_configure' from command line to 'False'
[0.304s] Level 5:colcon.colcon_core.verb:set package 'largemodel_arm' build argument 'ament_cmake_args' from command line to 'None'
[0.304s] Level 5:colcon.colcon_core.verb:set package 'largemodel_arm' build argument 'catkin_cmake_args' from command line to 'None'
[0.304s] Level 5:colcon.colcon_core.verb:set package 'largemodel_arm' build argument 'catkin_skip_building_tests' from command line to 'False'
[0.304s] DEBUG:colcon.colcon_core.verb:Building package 'largemodel_arm' with the following arguments: {'ament_cmake_args': None, 'build_base': '/home/pawan/yahboomcar_ws_test/M3Pro_ws/build/largemodel_arm', 'catkin_cmake_args': None, 'catkin_skip_building_tests': False, 'cmake_args': None, 'cmake_clean_cache': False, 'cmake_clean_first': False, 'cmake_force_configure': False, 'cmake_target': None, 'cmake_target_skip_unavailable': False, 'install_base': '/home/pawan/yahboomcar_ws_test/M3Pro_ws/install/largemodel_arm', 'merge_install': False, 'path': '/home/pawan/yahboomcar_ws_test/M3Pro_ws/src/largemodel_arm', 'symlink_install': False, 'test_result_base': None}
[0.304s] Level 5:colcon.colcon_core.verb:set package 'laserscan_to_point_publisher' build argument 'cmake_args' from command line to 'None'
[0.304s] Level 5:colcon.colcon_core.verb:set package 'laserscan_to_point_publisher' build argument 'cmake_target' from command line to 'None'
[0.304s] Level 5:colcon.colcon_core.verb:set package 'laserscan_to_point_publisher' build argument 'cmake_target_skip_unavailable' from command line to 'False'
[0.305s] Level 5:colcon.colcon_core.verb:set package 'laserscan_to_point_publisher' build argument 'cmake_clean_cache' from command line to 'False'
[0.305s] Level 5:colcon.colcon_core.verb:set package 'laserscan_to_point_publisher' build argument 'cmake_clean_first' from command line to 'False'
[0.305s] Level 5:colcon.colcon_core.verb:set package 'laserscan_to_point_publisher' build argument 'cmake_force_configure' from command line to 'False'
[0.305s] Level 5:colcon.colcon_core.verb:set package 'laserscan_to_point_publisher' build argument 'ament_cmake_args' from command line to 'None'
[0.305s] Level 5:colcon.colcon_core.verb:set package 'laserscan_to_point_publisher' build argument 'catkin_cmake_args' from command line to 'None'
[0.305s] Level 5:colcon.colcon_core.verb:set package 'laserscan_to_point_publisher' build argument 'catkin_skip_building_tests' from command line to 'False'
[0.305s] DEBUG:colcon.colcon_core.verb:Building package 'laserscan_to_point_publisher' with the following arguments: {'ament_cmake_args': None, 'build_base': '/home/pawan/yahboomcar_ws_test/M3Pro_ws/build/laserscan_to_point_publisher', 'catkin_cmake_args': None, 'catkin_skip_building_tests': False, 'cmake_args': None, 'cmake_clean_cache': False, 'cmake_clean_first': False, 'cmake_force_configure': False, 'cmake_target': None, 'cmake_target_skip_unavailable': False, 'install_base': '/home/pawan/yahboomcar_ws_test/M3Pro_ws/install/laserscan_to_point_publisher', 'merge_install': False, 'path': '/home/pawan/yahboomcar_ws_test/M3Pro_ws/src/ros_robot_app/laserscan_to_point_publisher', 'symlink_install': False, 'test_result_base': None}
[0.305s] Level 5:colcon.colcon_core.verb:set package 'openslam_gmapping' build argument 'cmake_args' from command line to 'None'
[0.305s] Level 5:colcon.colcon_core.verb:set package 'openslam_gmapping' build argument 'cmake_target' from command line to 'None'
[0.305s] Level 5:colcon.colcon_core.verb:set package 'openslam_gmapping' build argument 'cmake_target_skip_unavailable' from command line to 'False'
[0.305s] Level 5:colcon.colcon_core.verb:set package 'openslam_gmapping' build argument 'cmake_clean_cache' from command line to 'False'
[0.305s] Level 5:colcon.colcon_core.verb:set package 'openslam_gmapping' build argument 'cmake_clean_first' from command line to 'False'
[0.305s] Level 5:colcon.colcon_core.verb:set package 'openslam_gmapping' build argument 'cmake_force_configure' from command line to 'False'
[0.305s] Level 5:colcon.colcon_core.verb:set package 'openslam_gmapping' build argument 'ament_cmake_args' from command line to 'None'
[0.305s] Level 5:colcon.colcon_core.verb:set package 'openslam_gmapping' build argument 'catkin_cmake_args' from command line to 'None'
[0.305s] Level 5:colcon.colcon_core.verb:set package 'openslam_gmapping' build argument 'catkin_skip_building_tests' from command line to 'False'
[0.305s] DEBUG:colcon.colcon_core.verb:Building package 'openslam_gmapping' with the following arguments: {'ament_cmake_args': None, 'build_base': '/home/pawan/yahboomcar_ws_test/M3Pro_ws/build/openslam_gmapping', 'catkin_cmake_args': None, 'catkin_skip_building_tests': False, 'cmake_args': None, 'cmake_clean_cache': False, 'cmake_clean_first': False, 'cmake_force_configure': False, 'cmake_target': None, 'cmake_target_skip_unavailable': False, 'install_base': '/home/pawan/yahboomcar_ws_test/M3Pro_ws/install/openslam_gmapping', 'merge_install': False, 'path': '/home/pawan/yahboomcar_ws_test/M3Pro_ws/src/M3Pro_core/openslam_gmapping', 'symlink_install': False, 'test_result_base': None}
[0.305s] Level 5:colcon.colcon_core.verb:set package 'patrol' build argument 'cmake_args' from command line to 'None'
[0.305s] Level 5:colcon.colcon_core.verb:set package 'patrol' build argument 'cmake_target' from command line to 'None'
[0.305s] Level 5:colcon.colcon_core.verb:set package 'patrol' build argument 'cmake_target_skip_unavailable' from command line to 'False'
[0.305s] Level 5:colcon.colcon_core.verb:set package 'patrol' build argument 'cmake_clean_cache' from command line to 'False'
[0.305s] Level 5:colcon.colcon_core.verb:set package 'patrol' build argument 'cmake_clean_first' from command line to 'False'
[0.305s] Level 5:colcon.colcon_core.verb:set package 'patrol' build argument 'cmake_force_configure' from command line to 'False'
[0.305s] Level 5:colcon.colcon_core.verb:set package 'patrol' build argument 'ament_cmake_args' from command line to 'None'
[0.305s] Level 5:colcon.colcon_core.verb:set package 'patrol' build argument 'catkin_cmake_args' from command line to 'None'
[0.305s] Level 5:colcon.colcon_core.verb:set package 'patrol' build argument 'catkin_skip_building_tests' from command line to 'False'
[0.305s] DEBUG:colcon.colcon_core.verb:Building package 'patrol' with the following arguments: {'ament_cmake_args': None, 'build_base': '/home/pawan/yahboomcar_ws_test/M3Pro_ws/build/patrol', 'catkin_cmake_args': None, 'catkin_skip_building_tests': False, 'cmake_args': None, 'cmake_clean_cache': False, 'cmake_clean_first': False, 'cmake_force_configure': False, 'cmake_target': None, 'cmake_target_skip_unavailable': False, 'install_base': '/home/pawan/yahboomcar_ws_test/M3Pro_ws/install/patrol', 'merge_install': False, 'path': '/home/pawan/yahboomcar_ws_test/M3Pro_ws/src/patrol', 'symlink_install': False, 'test_result_base': None}
[0.306s] Level 5:colcon.colcon_core.verb:set package 'robot_pose_publisher_ros2' build argument 'cmake_args' from command line to 'None'
[0.306s] Level 5:colcon.colcon_core.verb:set package 'robot_pose_publisher_ros2' build argument 'cmake_target' from command line to 'None'
[0.306s] Level 5:colcon.colcon_core.verb:set package 'robot_pose_publisher_ros2' build argument 'cmake_target_skip_unavailable' from command line to 'False'
[0.306s] Level 5:colcon.colcon_core.verb:set package 'robot_pose_publisher_ros2' build argument 'cmake_clean_cache' from command line to 'False'
[0.306s] Level 5:colcon.colcon_core.verb:set package 'robot_pose_publisher_ros2' build argument 'cmake_clean_first' from command line to 'False'
[0.306s] Level 5:colcon.colcon_core.verb:set package 'robot_pose_publisher_ros2' build argument 'cmake_force_configure' from command line to 'False'
[0.306s] Level 5:colcon.colcon_core.verb:set package 'robot_pose_publisher_ros2' build argument 'ament_cmake_args' from command line to 'None'
[0.306s] Level 5:colcon.colcon_core.verb:set package 'robot_pose_publisher_ros2' build argument 'catkin_cmake_args' from command line to 'None'
[0.306s] Level 5:colcon.colcon_core.verb:set package 'robot_pose_publisher_ros2' build argument 'catkin_skip_building_tests' from command line to 'False'
[0.306s] DEBUG:colcon.colcon_core.verb:Building package 'robot_pose_publisher_ros2' with the following arguments: {'ament_cmake_args': None, 'build_base': '/home/pawan/yahboomcar_ws_test/M3Pro_ws/build/robot_pose_publisher_ros2', 'catkin_cmake_args': None, 'catkin_skip_building_tests': False, 'cmake_args': None, 'cmake_clean_cache': False, 'cmake_clean_first': False, 'cmake_force_configure': False, 'cmake_target': None, 'cmake_target_skip_unavailable': False, 'install_base': '/home/pawan/yahboomcar_ws_test/M3Pro_ws/install/robot_pose_publisher_ros2', 'merge_install': False, 'path': '/home/pawan/yahboomcar_ws_test/M3Pro_ws/src/ros_robot_app/robot_pose_publisher_ros2', 'symlink_install': False, 'test_result_base': None}
[0.306s] Level 5:colcon.colcon_core.verb:set package 'rviz_imu_plugin' build argument 'cmake_args' from command line to 'None'
[0.306s] Level 5:colcon.colcon_core.verb:set package 'rviz_imu_plugin' build argument 'cmake_target' from command line to 'None'
[0.306s] Level 5:colcon.colcon_core.verb:set package 'rviz_imu_plugin' build argument 'cmake_target_skip_unavailable' from command line to 'False'
[0.306s] Level 5:colcon.colcon_core.verb:set package 'rviz_imu_plugin' build argument 'cmake_clean_cache' from command line to 'False'
[0.306s] Level 5:colcon.colcon_core.verb:set package 'rviz_imu_plugin' build argument 'cmake_clean_first' from command line to 'False'
[0.306s] Level 5:colcon.colcon_core.verb:set package 'rviz_imu_plugin' build argument 'cmake_force_configure' from command line to 'False'
[0.306s] Level 5:colcon.colcon_core.verb:set package 'rviz_imu_plugin' build argument 'ament_cmake_args' from command line to 'None'
[0.306s] Level 5:colcon.colcon_core.verb:set package 'rviz_imu_plugin' build argument 'catkin_cmake_args' from command line to 'None'
[0.306s] Level 5:colcon.colcon_core.verb:set package 'rviz_imu_plugin' build argument 'catkin_skip_building_tests' from command line to 'False'
[0.306s] DEBUG:colcon.colcon_core.verb:Building package 'rviz_imu_plugin' with the following arguments: {'ament_cmake_args': None, 'build_base': '/home/pawan/yahboomcar_ws_test/M3Pro_ws/build/rviz_imu_plugin', 'catkin_cmake_args': None, 'catkin_skip_building_tests': False, 'cmake_args': None, 'cmake_clean_cache': False, 'cmake_clean_first': False, 'cmake_force_configure': False, 'cmake_target': None, 'cmake_target_skip_unavailable': False, 'install_base': '/home/pawan/yahboomcar_ws_test/M3Pro_ws/install/rviz_imu_plugin', 'merge_install': False, 'path': '/home/pawan/yahboomcar_ws_test/M3Pro_ws/src/M3Pro_core/imu_tools/rviz_imu_plugin', 'symlink_install': False, 'test_result_base': None}
[0.306s] Level 5:colcon.colcon_core.verb:set package 'slam_mapping' build argument 'cmake_args' from command line to 'None'
[0.306s] Level 5:colcon.colcon_core.verb:set package 'slam_mapping' build argument 'cmake_target' from command line to 'None'
[0.306s] Level 5:colcon.colcon_core.verb:set package 'slam_mapping' build argument 'cmake_target_skip_unavailable' from command line to 'False'
[0.306s] Level 5:colcon.colcon_core.verb:set package 'slam_mapping' build argument 'cmake_clean_cache' from command line to 'False'
[0.306s] Level 5:colcon.colcon_core.verb:set package 'slam_mapping' build argument 'cmake_clean_first' from command line to 'False'
[0.306s] Level 5:colcon.colcon_core.verb:set package 'slam_mapping' build argument 'cmake_force_configure' from command line to 'False'
[0.306s] Level 5:colcon.colcon_core.verb:set package 'slam_mapping' build argument 'ament_cmake_args' from command line to 'None'
[0.306s] Level 5:colcon.colcon_core.verb:set package 'slam_mapping' build argument 'catkin_cmake_args' from command line to 'None'
[0.306s] Level 5:colcon.colcon_core.verb:set package 'slam_mapping' build argument 'catkin_skip_building_tests' from command line to 'False'
[0.306s] DEBUG:colcon.colcon_core.verb:Building package 'slam_mapping' with the following arguments: {'ament_cmake_args': None, 'build_base': '/home/pawan/yahboomcar_ws_test/M3Pro_ws/build/slam_mapping', 'catkin_cmake_args': None, 'catkin_skip_building_tests': False, 'cmake_args': None, 'cmake_clean_cache': False, 'cmake_clean_first': False, 'cmake_force_configure': False, 'cmake_target': None, 'cmake_target_skip_unavailable': False, 'install_base': '/home/pawan/yahboomcar_ws_test/M3Pro_ws/install/slam_mapping', 'merge_install': False, 'path': '/home/pawan/yahboomcar_ws_test/M3Pro_ws/src/slam_mapping', 'symlink_install': False, 'test_result_base': None}
[0.307s] Level 5:colcon.colcon_core.verb:set package 'text_chat' build argument 'cmake_args' from command line to 'None'
[0.307s] Level 5:colcon.colcon_core.verb:set package 'text_chat' build argument 'cmake_target' from command line to 'None'
[0.307s] Level 5:colcon.colcon_core.verb:set package 'text_chat' build argument 'cmake_target_skip_unavailable' from command line to 'False'
[0.307s] Level 5:colcon.colcon_core.verb:set package 'text_chat' build argument 'cmake_clean_cache' from command line to 'False'
[0.307s] Level 5:colcon.colcon_core.verb:set package 'text_chat' build argument 'cmake_clean_first' from command line to 'False'
[0.307s] Level 5:colcon.colcon_core.verb:set package 'text_chat' build argument 'cmake_force_configure' from command line to 'False'
[0.307s] Level 5:colcon.colcon_core.verb:set package 'text_chat' build argument 'ament_cmake_args' from command line to 'None'
[0.307s] Level 5:colcon.colcon_core.verb:set package 'text_chat' build argument 'catkin_cmake_args' from command line to 'None'
[0.307s] Level 5:colcon.colcon_core.verb:set package 'text_chat' build argument 'catkin_skip_building_tests' from command line to 'False'
[0.307s] DEBUG:colcon.colcon_core.verb:Building package 'text_chat' with the following arguments: {'ament_cmake_args': None, 'build_base': '/home/pawan/yahboomcar_ws_test/M3Pro_ws/build/text_chat', 'catkin_cmake_args': None, 'catkin_skip_building_tests': False, 'cmake_args': None, 'cmake_clean_cache': False, 'cmake_clean_first': False, 'cmake_force_configure': False, 'cmake_target': None, 'cmake_target_skip_unavailable': False, 'install_base': '/home/pawan/yahboomcar_ws_test/M3Pro_ws/install/text_chat', 'merge_install': False, 'path': '/home/pawan/yahboomcar_ws_test/M3Pro_ws/src/text_chat', 'symlink_install': False, 'test_result_base': None}
[0.307s] Level 5:colcon.colcon_core.verb:set package 'updatecostmap' build argument 'cmake_args' from command line to 'None'
[0.307s] Level 5:colcon.colcon_core.verb:set package 'updatecostmap' build argument 'cmake_target' from command line to 'None'
[0.307s] Level 5:colcon.colcon_core.verb:set package 'updatecostmap' build argument 'cmake_target_skip_unavailable' from command line to 'False'
[0.307s] Level 5:colcon.colcon_core.verb:set package 'updatecostmap' build argument 'cmake_clean_cache' from command line to 'False'
[0.307s] Level 5:colcon.colcon_core.verb:set package 'updatecostmap' build argument 'cmake_clean_first' from command line to 'False'
[0.307s] Level 5:colcon.colcon_core.verb:set package 'updatecostmap' build argument 'cmake_force_configure' from command line to 'False'
[0.307s] Level 5:colcon.colcon_core.verb:set package 'updatecostmap' build argument 'ament_cmake_args' from command line to 'None'
[0.307s] Level 5:colcon.colcon_core.verb:set package 'updatecostmap' build argument 'catkin_cmake_args' from command line to 'None'
[0.307s] Level 5:colcon.colcon_core.verb:set package 'updatecostmap' build argument 'catkin_skip_building_tests' from command line to 'False'
[0.307s] DEBUG:colcon.colcon_core.verb:Building package 'updatecostmap' with the following arguments: {'ament_cmake_args': None, 'build_base': '/home/pawan/yahboomcar_ws_test/M3Pro_ws/build/updatecostmap', 'catkin_cmake_args': None, 'catkin_skip_building_tests': False, 'cmake_args': None, 'cmake_clean_cache': False, 'cmake_clean_first': False, 'cmake_force_configure': False, 'cmake_target': None, 'cmake_target_skip_unavailable': False, 'install_base': '/home/pawan/yahboomcar_ws_test/M3Pro_ws/install/updatecostmap', 'merge_install': False, 'path': '/home/pawan/yahboomcar_ws_test/M3Pro_ws/src/updatecostmap', 'symlink_install': False, 'test_result_base': None}
[0.307s] Level 5:colcon.colcon_core.verb:set package 'yahboom_app_save_map' build argument 'cmake_args' from command line to 'None'
[0.307s] Level 5:colcon.colcon_core.verb:set package 'yahboom_app_save_map' build argument 'cmake_target' from command line to 'None'
[0.307s] Level 5:colcon.colcon_core.verb:set package 'yahboom_app_save_map' build argument 'cmake_target_skip_unavailable' from command line to 'False'
[0.307s] Level 5:colcon.colcon_core.verb:set package 'yahboom_app_save_map' build argument 'cmake_clean_cache' from command line to 'False'
[0.307s] Level 5:colcon.colcon_core.verb:set package 'yahboom_app_save_map' build argument 'cmake_clean_first' from command line to 'False'
[0.307s] Level 5:colcon.colcon_core.verb:set package 'yahboom_app_save_map' build argument 'cmake_force_configure' from command line to 'False'
[0.307s] Level 5:colcon.colcon_core.verb:set package 'yahboom_app_save_map' build argument 'ament_cmake_args' from command line to 'None'
[0.307s] Level 5:colcon.colcon_core.verb:set package 'yahboom_app_save_map' build argument 'catkin_cmake_args' from command line to 'None'
[0.307s] Level 5:colcon.colcon_core.verb:set package 'yahboom_app_save_map' build argument 'catkin_skip_building_tests' from command line to 'False'
[0.307s] DEBUG:colcon.colcon_core.verb:Building package 'yahboom_app_save_map' with the following arguments: {'ament_cmake_args': None, 'build_base': '/home/pawan/yahboomcar_ws_test/M3Pro_ws/build/yahboom_app_save_map', 'catkin_cmake_args': None, 'catkin_skip_building_tests': False, 'cmake_args': None, 'cmake_clean_cache': False, 'cmake_clean_first': False, 'cmake_force_configure': False, 'cmake_target': None, 'cmake_target_skip_unavailable': False, 'install_base': '/home/pawan/yahboomcar_ws_test/M3Pro_ws/install/yahboom_app_save_map', 'merge_install': False, 'path': '/home/pawan/yahboomcar_ws_test/M3Pro_ws/src/ros_robot_app/yahboom_app_save_map', 'symlink_install': False, 'test_result_base': None}
[0.308s] Level 5:colcon.colcon_core.verb:set package 'yahboom_laser_filter' build argument 'cmake_args' from command line to 'None'
[0.308s] Level 5:colcon.colcon_core.verb:set package 'yahboom_laser_filter' build argument 'cmake_target' from command line to 'None'
[0.308s] Level 5:colcon.colcon_core.verb:set package 'yahboom_laser_filter' build argument 'cmake_target_skip_unavailable' from command line to 'False'
[0.308s] Level 5:colcon.colcon_core.verb:set package 'yahboom_laser_filter' build argument 'cmake_clean_cache' from command line to 'False'
[0.308s] Level 5:colcon.colcon_core.verb:set package 'yahboom_laser_filter' build argument 'cmake_clean_first' from command line to 'False'
[0.308s] Level 5:colcon.colcon_core.verb:set package 'yahboom_laser_filter' build argument 'cmake_force_configure' from command line to 'False'
[0.308s] Level 5:colcon.colcon_core.verb:set package 'yahboom_laser_filter' build argument 'ament_cmake_args' from command line to 'None'
[0.308s] Level 5:colcon.colcon_core.verb:set package 'yahboom_laser_filter' build argument 'catkin_cmake_args' from command line to 'None'
[0.308s] Level 5:colcon.colcon_core.verb:set package 'yahboom_laser_filter' build argument 'catkin_skip_building_tests' from command line to 'False'
[0.308s] DEBUG:colcon.colcon_core.verb:Building package 'yahboom_laser_filter' with the following arguments: {'ament_cmake_args': None, 'build_base': '/home/pawan/yahboomcar_ws_test/M3Pro_ws/build/yahboom_laser_filter', 'catkin_cmake_args': None, 'catkin_skip_building_tests': False, 'cmake_args': None, 'cmake_clean_cache': False, 'cmake_clean_first': False, 'cmake_force_configure': False, 'cmake_target': None, 'cmake_target_skip_unavailable': False, 'install_base': '/home/pawan/yahboomcar_ws_test/M3Pro_ws/install/yahboom_laser_filter', 'merge_install': False, 'path': '/home/pawan/yahboomcar_ws_test/M3Pro_ws/src/M3Pro_core/yahboom_laser_filter', 'symlink_install': False, 'test_result_base': None}
[0.308s] Level 5:colcon.colcon_core.verb:set package 'yahboom_mapping' build argument 'cmake_args' from command line to 'None'
[0.308s] Level 5:colcon.colcon_core.verb:set package 'yahboom_mapping' build argument 'cmake_target' from command line to 'None'
[0.308s] Level 5:colcon.colcon_core.verb:set package 'yahboom_mapping' build argument 'cmake_target_skip_unavailable' from command line to 'False'
[0.308s] Level 5:colcon.colcon_core.verb:set package 'yahboom_mapping' build argument 'cmake_clean_cache' from command line to 'False'
[0.308s] Level 5:colcon.colcon_core.verb:set package 'yahboom_mapping' build argument 'cmake_clean_first' from command line to 'False'
[0.308s] Level 5:colcon.colcon_core.verb:set package 'yahboom_mapping' build argument 'cmake_force_configure' from command line to 'False'
[0.308s] Level 5:colcon.colcon_core.verb:set package 'yahboom_mapping' build argument 'ament_cmake_args' from command line to 'None'
[0.308s] Level 5:colcon.colcon_core.verb:set package 'yahboom_mapping' build argument 'catkin_cmake_args' from command line to 'None'
[0.308s] Level 5:colcon.colcon_core.verb:set package 'yahboom_mapping' build argument 'catkin_skip_building_tests' from command line to 'False'
[0.308s] DEBUG:colcon.colcon_core.verb:Building package 'yahboom_mapping' with the following arguments: {'ament_cmake_args': None, 'build_base': '/home/pawan/yahboomcar_ws_test/M3Pro_ws/build/yahboom_mapping', 'catkin_cmake_args': None, 'catkin_skip_building_tests': False, 'cmake_args': None, 'cmake_clean_cache': False, 'cmake_clean_first': False, 'cmake_force_configure': False, 'cmake_target': None, 'cmake_target_skip_unavailable': False, 'install_base': '/home/pawan/yahboomcar_ws_test/M3Pro_ws/install/yahboom_mapping', 'merge_install': False, 'path': '/home/pawan/yahboomcar_ws_test/M3Pro_ws/src/yahboom_mapping', 'symlink_install': False, 'test_result_base': None}
[0.308s] Level 5:colcon.colcon_core.verb:set package 'yahboom_multi' build argument 'cmake_args' from command line to 'None'
[0.308s] Level 5:colcon.colcon_core.verb:set package 'yahboom_multi' build argument 'cmake_target' from command line to 'None'
[0.308s] Level 5:colcon.colcon_core.verb:set package 'yahboom_multi' build argument 'cmake_target_skip_unavailable' from command line to 'False'
[0.308s] Level 5:colcon.colcon_core.verb:set package 'yahboom_multi' build argument 'cmake_clean_cache' from command line to 'False'
[0.308s] Level 5:colcon.colcon_core.verb:set package 'yahboom_multi' build argument 'cmake_clean_first' from command line to 'False'
[0.309s] Level 5:colcon.colcon_core.verb:set package 'yahboom_multi' build argument 'cmake_force_configure' from command line to 'False'
[0.309s] Level 5:colcon.colcon_core.verb:set package 'yahboom_multi' build argument 'ament_cmake_args' from command line to 'None'
[0.309s] Level 5:colcon.colcon_core.verb:set package 'yahboom_multi' build argument 'catkin_cmake_args' from command line to 'None'
[0.309s] Level 5:colcon.colcon_core.verb:set package 'yahboom_multi' build argument 'catkin_skip_building_tests' from command line to 'False'
[0.309s] DEBUG:colcon.colcon_core.verb:Building package 'yahboom_multi' with the following arguments: {'ament_cmake_args': None, 'build_base': '/home/pawan/yahboomcar_ws_test/M3Pro_ws/build/yahboom_multi', 'catkin_cmake_args': None, 'catkin_skip_building_tests': False, 'cmake_args': None, 'cmake_clean_cache': False, 'cmake_clean_first': False, 'cmake_force_configure': False, 'cmake_target': None, 'cmake_target_skip_unavailable': False, 'install_base': '/home/pawan/yahboomcar_ws_test/M3Pro_ws/install/yahboom_multi', 'merge_install': False, 'path': '/home/pawan/yahboomcar_ws_test/M3Pro_ws/src/yahboom_multi', 'symlink_install': False, 'test_result_base': None}
[0.309s] Level 5:colcon.colcon_core.verb:set package 'yahboom_web_savmap_interfaces' build argument 'cmake_args' from command line to 'None'
[0.309s] Level 5:colcon.colcon_core.verb:set package 'yahboom_web_savmap_interfaces' build argument 'cmake_target' from command line to 'None'
[0.309s] Level 5:colcon.colcon_core.verb:set package 'yahboom_web_savmap_interfaces' build argument 'cmake_target_skip_unavailable' from command line to 'False'
[0.309s] Level 5:colcon.colcon_core.verb:set package 'yahboom_web_savmap_interfaces' build argument 'cmake_clean_cache' from command line to 'False'
[0.309s] Level 5:colcon.colcon_core.verb:set package 'yahboom_web_savmap_interfaces' build argument 'cmake_clean_first' from command line to 'False'
[0.309s] Level 5:colcon.colcon_core.verb:set package 'yahboom_web_savmap_interfaces' build argument 'cmake_force_configure' from command line to 'False'
[0.309s] Level 5:colcon.colcon_core.verb:set package 'yahboom_web_savmap_interfaces' build argument 'ament_cmake_args' from command line to 'None'
[0.309s] Level 5:colcon.colcon_core.verb:set package 'yahboom_web_savmap_interfaces' build argument 'catkin_cmake_args' from command line to 'None'
[0.309s] Level 5:colcon.colcon_core.verb:set package 'yahboom_web_savmap_interfaces' build argument 'catkin_skip_building_tests' from command line to 'False'
[0.309s] DEBUG:colcon.colcon_core.verb:Building package 'yahboom_web_savmap_interfaces' with the following arguments: {'ament_cmake_args': None, 'build_base': '/home/pawan/yahboomcar_ws_test/M3Pro_ws/build/yahboom_web_savmap_interfaces', 'catkin_cmake_args': None, 'catkin_skip_building_tests': False, 'cmake_args': None, 'cmake_clean_cache': False, 'cmake_clean_first': False, 'cmake_force_configure': False, 'cmake_target': None, 'cmake_target_skip_unavailable': False, 'install_base': '/home/pawan/yahboomcar_ws_test/M3Pro_ws/install/yahboom_web_savmap_interfaces', 'merge_install': False, 'path': '/home/pawan/yahboomcar_ws_test/M3Pro_ws/src/ros_robot_app/yahboom_web_savmap_interfaces', 'symlink_install': False, 'test_result_base': None}
[0.309s] Level 5:colcon.colcon_core.verb:set package 'imu_tools' build argument 'cmake_args' from command line to 'None'
[0.309s] Level 5:colcon.colcon_core.verb:set package 'imu_tools' build argument 'cmake_target' from command line to 'None'
[0.309s] Level 5:colcon.colcon_core.verb:set package 'imu_tools' build argument 'cmake_target_skip_unavailable' from command line to 'False'
[0.309s] Level 5:colcon.colcon_core.verb:set package 'imu_tools' build argument 'cmake_clean_cache' from command line to 'False'
[0.309s] Level 5:colcon.colcon_core.verb:set package 'imu_tools' build argument 'cmake_clean_first' from command line to 'False'
[0.309s] Level 5:colcon.colcon_core.verb:set package 'imu_tools' build argument 'cmake_force_configure' from command line to 'False'
[0.309s] Level 5:colcon.colcon_core.verb:set package 'imu_tools' build argument 'ament_cmake_args' from command line to 'None'
[0.309s] Level 5:colcon.colcon_core.verb:set package 'imu_tools' build argument 'catkin_cmake_args' from command line to 'None'
[0.309s] Level 5:colcon.colcon_core.verb:set package 'imu_tools' build argument 'catkin_skip_building_tests' from command line to 'False'
[0.309s] DEBUG:colcon.colcon_core.verb:Building package 'imu_tools' with the following arguments: {'ament_cmake_args': None, 'build_base': '/home/pawan/yahboomcar_ws_test/M3Pro_ws/build/imu_tools', 'catkin_cmake_args': None, 'catkin_skip_building_tests': False, 'cmake_args': None, 'cmake_clean_cache': False, 'cmake_clean_first': False, 'cmake_force_configure': False, 'cmake_target': None, 'cmake_target_skip_unavailable': False, 'install_base': '/home/pawan/yahboomcar_ws_test/M3Pro_ws/install/imu_tools', 'merge_install': False, 'path': '/home/pawan/yahboomcar_ws_test/M3Pro_ws/src/M3Pro_core/imu_tools/imu_tools', 'symlink_install': False, 'test_result_base': None}
[0.310s] Level 5:colcon.colcon_core.verb:set package 'slam_gmapping' build argument 'cmake_args' from command line to 'None'
[0.310s] Level 5:colcon.colcon_core.verb:set package 'slam_gmapping' build argument 'cmake_target' from command line to 'None'
[0.310s] Level 5:colcon.colcon_core.verb:set package 'slam_gmapping' build argument 'cmake_target_skip_unavailable' from command line to 'False'
[0.310s] Level 5:colcon.colcon_core.verb:set package 'slam_gmapping' build argument 'cmake_clean_cache' from command line to 'False'
[0.310s] Level 5:colcon.colcon_core.verb:set package 'slam_gmapping' build argument 'cmake_clean_first' from command line to 'False'
[0.310s] Level 5:colcon.colcon_core.verb:set package 'slam_gmapping' build argument 'cmake_force_configure' from command line to 'False'
[0.310s] Level 5:colcon.colcon_core.verb:set package 'slam_gmapping' build argument 'ament_cmake_args' from command line to 'None'
[0.310s] Level 5:colcon.colcon_core.verb:set package 'slam_gmapping' build argument 'catkin_cmake_args' from command line to 'None'
[0.310s] Level 5:colcon.colcon_core.verb:set package 'slam_gmapping' build argument 'catkin_skip_building_tests' from command line to 'False'
[0.310s] DEBUG:colcon.colcon_core.verb:Building package 'slam_gmapping' with the following arguments: {'ament_cmake_args': None, 'build_base': '/home/pawan/yahboomcar_ws_test/M3Pro_ws/build/slam_gmapping', 'catkin_cmake_args': None, 'catkin_skip_building_tests': False, 'cmake_args': None, 'cmake_clean_cache': False, 'cmake_clean_first': False, 'cmake_force_configure': False, 'cmake_target': None, 'cmake_target_skip_unavailable': False, 'install_base': '/home/pawan/yahboomcar_ws_test/M3Pro_ws/install/slam_gmapping', 'merge_install': False, 'path': '/home/pawan/yahboomcar_ws_test/M3Pro_ws/src/M3Pro_core/slam_gmapping', 'symlink_install': False, 'test_result_base': None}
[0.310s] INFO:colcon.colcon_core.executor:Executing jobs using 'parallel' executor
[0.311s] DEBUG:colcon.colcon_parallel_executor.executor.parallel:run_until_complete
[0.311s] INFO:colcon.colcon_ros.task.ament_cmake.build:Building ROS package in '/home/pawan/yahboomcar_ws_test/M3Pro_ws/src/M3Pro_core/imu_tools/imu_complementary_filter' with build type 'ament_cmake'
[0.311s] INFO:colcon.colcon_cmake.task.cmake.build:Building CMake package in '/home/pawan/yahboomcar_ws_test/M3Pro_ws/src/M3Pro_core/imu_tools/imu_complementary_filter'
[0.313s] INFO:colcon.colcon_core.plugin_system:Skipping extension 'colcon_core.shell.bat': Not used on non-Windows systems
[0.314s] INFO:colcon.colcon_core.shell:Skip shell extension 'powershell' for command environment: Not usable outside of PowerShell
[0.314s] DEBUG:colcon.colcon_core.shell:Skip shell extension 'dsv' for command environment
[0.316s] INFO:colcon.colcon_ros.task.ament_cmake.build:Building ROS package in '/home/pawan/yahboomcar_ws_test/M3Pro_ws/src/M3Pro_core/imu_tools/imu_filter_madgwick' with build type 'ament_cmake'
[0.317s] INFO:colcon.colcon_cmake.task.cmake.build:Building CMake package in '/home/pawan/yahboomcar_ws_test/M3Pro_ws/src/M3Pro_core/imu_tools/imu_filter_madgwick'
[0.317s] INFO:colcon.colcon_core.shell:Skip shell extension 'powershell' for command environment: Not usable outside of PowerShell
[0.317s] DEBUG:colcon.colcon_core.shell:Skip shell extension 'dsv' for command environment
[0.319s] INFO:colcon.colcon_ros.task.ament_cmake.build:Building ROS package in '/home/pawan/yahboomcar_ws_test/M3Pro_ws/src/M3Pro_core/openslam_gmapping' with build type 'ament_cmake'
[0.319s] INFO:colcon.colcon_cmake.task.cmake.build:Building CMake package in '/home/pawan/yahboomcar_ws_test/M3Pro_ws/src/M3Pro_core/openslam_gmapping'
[0.319s] INFO:colcon.colcon_core.shell:Skip shell extension 'powershell' for command environment: Not usable outside of PowerShell
[0.319s] DEBUG:colcon.colcon_core.shell:Skip shell extension 'dsv' for command environment
[0.321s] INFO:colcon.colcon_ros.task.ament_cmake.build:Building ROS package in '/home/pawan/yahboomcar_ws_test/M3Pro_ws/src/M3Pro_core/imu_tools/rviz_imu_plugin' with build type 'ament_cmake'
[0.321s] INFO:colcon.colcon_cmake.task.cmake.build:Building CMake package in '/home/pawan/yahboomcar_ws_test/M3Pro_ws/src/M3Pro_core/imu_tools/rviz_imu_plugin'
[0.321s] INFO:colcon.colcon_core.shell:Skip shell extension 'powershell' for command environment: Not usable outside of PowerShell
[0.321s] DEBUG:colcon.colcon_core.shell:Skip shell extension 'dsv' for command environment
[0.323s] INFO:colcon.colcon_ros.task.ament_cmake.build:Building ROS package in '/home/pawan/yahboomcar_ws_test/M3Pro_ws/src/M3Pro' with build type 'ament_cmake'
[0.323s] INFO:colcon.colcon_cmake.task.cmake.build:Building CMake package in '/home/pawan/yahboomcar_ws_test/M3Pro_ws/src/M3Pro'
[0.323s] INFO:colcon.colcon_core.shell:Skip shell extension 'powershell' for command environment: Not usable outside of PowerShell
[0.323s] DEBUG:colcon.colcon_core.shell:Skip shell extension 'dsv' for command environment
[0.326s] INFO:colcon.colcon_ros.task.ament_cmake.build:Building ROS package in '/home/pawan/yahboomcar_ws_test/M3Pro_ws/src/M3Pro_KCF' with build type 'ament_cmake'
[0.326s] INFO:colcon.colcon_cmake.task.cmake.build:Building CMake package in '/home/pawan/yahboomcar_ws_test/M3Pro_ws/src/M3Pro_KCF'
[0.326s] INFO:colcon.colcon_core.shell:Skip shell extension 'powershell' for command environment: Not usable outside of PowerShell
[0.326s] DEBUG:colcon.colcon_core.shell:Skip shell extension 'dsv' for command environment
[0.328s] INFO:colcon.colcon_ros.task.ament_cmake.build:Building ROS package in '/home/pawan/yahboomcar_ws_test/M3Pro_ws/src/M3Pro_navigation' with build type 'ament_cmake'
[0.328s] INFO:colcon.colcon_cmake.task.cmake.build:Building CMake package in '/home/pawan/yahboomcar_ws_test/M3Pro_ws/src/M3Pro_navigation'
[0.329s] INFO:colcon.colcon_core.shell:Skip shell extension 'powershell' for command environment: Not usable outside of PowerShell
[0.329s] DEBUG:colcon.colcon_core.shell:Skip shell extension 'dsv' for command environment
[0.333s] INFO:colcon.colcon_ros.task.ament_python.build:Building ROS package in '/home/pawan/yahboomcar_ws_test/M3Pro_ws/src/calibration' with build type 'ament_python'
[0.333s] Level 1:colcon.colcon_core.shell:create_environment_hook('calibration', 'ament_prefix_path')
[0.333s] INFO:colcon.colcon_core.shell:Creating environment hook '/home/pawan/yahboomcar_ws_test/M3Pro_ws/install/calibration/share/calibration/hook/ament_prefix_path.ps1'
[0.334s] INFO:colcon.colcon_core.shell:Creating environment descriptor '/home/pawan/yahboomcar_ws_test/M3Pro_ws/install/calibration/share/calibration/hook/ament_prefix_path.dsv'
[0.335s] INFO:colcon.colcon_core.shell:Creating environment hook '/home/pawan/yahboomcar_ws_test/M3Pro_ws/install/calibration/share/calibration/hook/ament_prefix_path.sh'
[0.336s] INFO:colcon.colcon_core.shell:Skip shell extension 'powershell' for command environment: Not usable outside of PowerShell
[0.336s] DEBUG:colcon.colcon_core.shell:Skip shell extension 'dsv' for command environment
[0.339s] INFO:colcon.colcon_ros.task.ament_python.build:Building ROS package in '/home/pawan/yahboomcar_ws_test/M3Pro_ws/src/ekf_bringup' with build type 'ament_python'
[0.339s] Level 1:colcon.colcon_core.shell:create_environment_hook('ekf_bringup', 'ament_prefix_path')
[0.340s] INFO:colcon.colcon_core.shell:Creating environment hook '/home/pawan/yahboomcar_ws_test/M3Pro_ws/install/ekf_bringup/share/ekf_bringup/hook/ament_prefix_path.ps1'
[0.340s] INFO:colcon.colcon_core.shell:Creating environment descriptor '/home/pawan/yahboomcar_ws_test/M3Pro_ws/install/ekf_bringup/share/ekf_bringup/hook/ament_prefix_path.dsv'
[0.340s] INFO:colcon.colcon_core.shell:Creating environment hook '/home/pawan/yahboomcar_ws_test/M3Pro_ws/install/ekf_bringup/share/ekf_bringup/hook/ament_prefix_path.sh'
[0.341s] INFO:colcon.colcon_core.shell:Skip shell extension 'powershell' for command environment: Not usable outside of PowerShell
[0.341s] DEBUG:colcon.colcon_core.shell:Skip shell extension 'dsv' for command environment
[0.344s] INFO:colcon.colcon_ros.task.ament_cmake.build:Building ROS package in '/home/pawan/yahboomcar_ws_test/M3Pro_ws/src/interfaces' with build type 'ament_cmake'
[0.345s] INFO:colcon.colcon_cmake.task.cmake.build:Building CMake package in '/home/pawan/yahboomcar_ws_test/M3Pro_ws/src/interfaces'
[0.345s] INFO:colcon.colcon_core.shell:Skip shell extension 'powershell' for command environment: Not usable outside of PowerShell
[0.345s] DEBUG:colcon.colcon_core.shell:Skip shell extension 'dsv' for command environment
[0.348s] INFO:colcon.colcon_ros.task.ament_cmake.build:Building ROS package in '/home/pawan/yahboomcar_ws_test/M3Pro_ws/src/M3Pro_core/ira_laser_tools' with build type 'ament_cmake'
[0.349s] INFO:colcon.colcon_cmake.task.cmake.build:Building CMake package in '/home/pawan/yahboomcar_ws_test/M3Pro_ws/src/M3Pro_core/ira_laser_tools'
[0.349s] INFO:colcon.colcon_core.shell:Skip shell extension 'powershell' for command environment: Not usable outside of PowerShell
[0.349s] DEBUG:colcon.colcon_core.shell:Skip shell extension 'dsv' for command environment
[0.352s] INFO:colcon.colcon_ros.task.ament_python.build:Building ROS package in '/home/pawan/yahboomcar_ws_test/M3Pro_ws/src/largemodel' with build type 'ament_python'
[0.353s] Level 1:colcon.colcon_core.shell:create_environment_hook('largemodel', 'ament_prefix_path')
[0.353s] INFO:colcon.colcon_core.shell:Creating environment hook '/home/pawan/yahboomcar_ws_test/M3Pro_ws/install/largemodel/share/largemodel/hook/ament_prefix_path.ps1'
[0.353s] INFO:colcon.colcon_core.shell:Creating environment descriptor '/home/pawan/yahboomcar_ws_test/M3Pro_ws/install/largemodel/share/largemodel/hook/ament_prefix_path.dsv'
[0.354s] INFO:colcon.colcon_core.shell:Creating environment hook '/home/pawan/yahboomcar_ws_test/M3Pro_ws/install/largemodel/share/largemodel/hook/ament_prefix_path.sh'
[0.354s] INFO:colcon.colcon_core.shell:Skip shell extension 'powershell' for command environment: Not usable outside of PowerShell
[0.354s] DEBUG:colcon.colcon_core.shell:Skip shell extension 'dsv' for command environment
[0.358s] INFO:colcon.colcon_ros.task.ament_python.build:Building ROS package in '/home/pawan/yahboomcar_ws_test/M3Pro_ws/src/largemodel_arm' with build type 'ament_python'
[0.358s] Level 1:colcon.colcon_core.shell:create_environment_hook('largemodel_arm', 'ament_prefix_path')
[0.359s] INFO:colcon.colcon_core.shell:Creating environment hook '/home/pawan/yahboomcar_ws_test/M3Pro_ws/install/largemodel_arm/share/largemodel_arm/hook/ament_prefix_path.ps1'
[0.359s] INFO:colcon.colcon_core.shell:Creating environment descriptor '/home/pawan/yahboomcar_ws_test/M3Pro_ws/install/largemodel_arm/share/largemodel_arm/hook/ament_prefix_path.dsv'
[0.360s] INFO:colcon.colcon_core.shell:Creating environment hook '/home/pawan/yahboomcar_ws_test/M3Pro_ws/install/largemodel_arm/share/largemodel_arm/hook/ament_prefix_path.sh'
[0.360s] INFO:colcon.colcon_core.shell:Skip shell extension 'powershell' for command environment: Not usable outside of PowerShell
[0.360s] DEBUG:colcon.colcon_core.shell:Skip shell extension 'dsv' for command environment
[0.363s] INFO:colcon.colcon_ros.task.ament_python.build:Building ROS package in '/home/pawan/yahboomcar_ws_test/M3Pro_ws/src/ros_robot_app/laserscan_to_point_publisher' with build type 'ament_python'
[0.364s] Level 1:colcon.colcon_core.shell:create_environment_hook('laserscan_to_point_publisher', 'ament_prefix_path')
[0.364s] INFO:colcon.colcon_core.shell:Creating environment hook '/home/pawan/yahboomcar_ws_test/M3Pro_ws/install/laserscan_to_point_publisher/share/laserscan_to_point_publisher/hook/ament_prefix_path.ps1'
[0.364s] INFO:colcon.colcon_core.shell:Creating environment descriptor '/home/pawan/yahboomcar_ws_test/M3Pro_ws/install/laserscan_to_point_publisher/share/laserscan_to_point_publisher/hook/ament_prefix_path.dsv'
[0.364s] INFO:colcon.colcon_core.shell:Creating environment hook '/home/pawan/yahboomcar_ws_test/M3Pro_ws/install/laserscan_to_point_publisher/share/laserscan_to_point_publisher/hook/ament_prefix_path.sh'
[0.365s] INFO:colcon.colcon_core.shell:Skip shell extension 'powershell' for command environment: Not usable outside of PowerShell
[0.365s] DEBUG:colcon.colcon_core.shell:Skip shell extension 'dsv' for command environment
[0.367s] INFO:colcon.colcon_ros.task.ament_python.build:Building ROS package in '/home/pawan/yahboomcar_ws_test/M3Pro_ws/src/patrol' with build type 'ament_python'
[0.367s] Level 1:colcon.colcon_core.shell:create_environment_hook('patrol', 'ament_prefix_path')
[0.367s] INFO:colcon.colcon_core.shell:Creating environment hook '/home/pawan/yahboomcar_ws_test/M3Pro_ws/install/patrol/share/patrol/hook/ament_prefix_path.ps1'
[0.368s] INFO:colcon.colcon_core.shell:Creating environment descriptor '/home/pawan/yahboomcar_ws_test/M3Pro_ws/install/patrol/share/patrol/hook/ament_prefix_path.dsv'
[0.368s] INFO:colcon.colcon_core.shell:Creating environment hook '/home/pawan/yahboomcar_ws_test/M3Pro_ws/install/patrol/share/patrol/hook/ament_prefix_path.sh'
[0.368s] INFO:colcon.colcon_core.shell:Skip shell extension 'powershell' for command environment: Not usable outside of PowerShell
[0.368s] DEBUG:colcon.colcon_core.shell:Skip shell extension 'dsv' for command environment
[0.370s] INFO:colcon.colcon_ros.task.ament_cmake.build:Building ROS package in '/home/pawan/yahboomcar_ws_test/M3Pro_ws/src/ros_robot_app/robot_pose_publisher_ros2' with build type 'ament_cmake'
[0.370s] INFO:colcon.colcon_cmake.task.cmake.build:Building CMake package in '/home/pawan/yahboomcar_ws_test/M3Pro_ws/src/ros_robot_app/robot_pose_publisher_ros2'
[0.370s] INFO:colcon.colcon_core.shell:Skip shell extension 'powershell' for command environment: Not usable outside of PowerShell
[0.371s] DEBUG:colcon.colcon_core.shell:Skip shell extension 'dsv' for command environment
[0.373s] INFO:colcon.colcon_ros.task.ament_cmake.build:Building ROS package in '/home/pawan/yahboomcar_ws_test/M3Pro_ws/src/slam_mapping' with build type 'ament_cmake'
[0.373s] INFO:colcon.colcon_cmake.task.cmake.build:Building CMake package in '/home/pawan/yahboomcar_ws_test/M3Pro_ws/src/slam_mapping'
[0.373s] INFO:colcon.colcon_core.shell:Skip shell extension 'powershell' for command environment: Not usable outside of PowerShell
[0.373s] DEBUG:colcon.colcon_core.shell:Skip shell extension 'dsv' for command environment
[0.375s] INFO:colcon.colcon_ros.task.ament_python.build:Building ROS package in '/home/pawan/yahboomcar_ws_test/M3Pro_ws/src/text_chat' with build type 'ament_python'
[0.375s] Level 1:colcon.colcon_core.shell:create_environment_hook('text_chat', 'ament_prefix_path')
[0.375s] INFO:colcon.colcon_core.shell:Creating environment hook '/home/pawan/yahboomcar_ws_test/M3Pro_ws/install/text_chat/share/text_chat/hook/ament_prefix_path.ps1'
[0.376s] INFO:colcon.colcon_core.shell:Creating environment descriptor '/home/pawan/yahboomcar_ws_test/M3Pro_ws/install/text_chat/share/text_chat/hook/ament_prefix_path.dsv'
[0.376s] INFO:colcon.colcon_core.shell:Creating environment hook '/home/pawan/yahboomcar_ws_test/M3Pro_ws/install/text_chat/share/text_chat/hook/ament_prefix_path.sh'
[0.376s] INFO:colcon.colcon_core.shell:Skip shell extension 'powershell' for command environment: Not usable outside of PowerShell
[0.376s] DEBUG:colcon.colcon_core.shell:Skip shell extension 'dsv' for command environment
[0.378s] INFO:colcon.colcon_ros.task.ament_cmake.build:Building ROS package in '/home/pawan/yahboomcar_ws_test/M3Pro_ws/src/updatecostmap' with build type 'ament_cmake'
[0.378s] INFO:colcon.colcon_cmake.task.cmake.build:Building CMake package in '/home/pawan/yahboomcar_ws_test/M3Pro_ws/src/updatecostmap'
[0.379s] INFO:colcon.colcon_core.shell:Skip shell extension 'powershell' for command environment: Not usable outside of PowerShell
[0.379s] DEBUG:colcon.colcon_core.shell:Skip shell extension 'dsv' for command environment
[0.381s] INFO:colcon.colcon_ros.task.ament_python.build:Building ROS package in '/home/pawan/yahboomcar_ws_test/M3Pro_ws/src/ros_robot_app/yahboom_app_save_map' with build type 'ament_python'
[0.381s] Level 1:colcon.colcon_core.shell:create_environment_hook('yahboom_app_save_map', 'ament_prefix_path')
[0.381s] INFO:colcon.colcon_core.shell:Creating environment hook '/home/pawan/yahboomcar_ws_test/M3Pro_ws/install/yahboom_app_save_map/share/yahboom_app_save_map/hook/ament_prefix_path.ps1'
[0.381s] INFO:colcon.colcon_core.shell:Creating environment descriptor '/home/pawan/yahboomcar_ws_test/M3Pro_ws/install/yahboom_app_save_map/share/yahboom_app_save_map/hook/ament_prefix_path.dsv'
[0.382s] INFO:colcon.colcon_core.shell:Creating environment hook '/home/pawan/yahboomcar_ws_test/M3Pro_ws/install/yahboom_app_save_map/share/yahboom_app_save_map/hook/ament_prefix_path.sh'
[0.382s] INFO:colcon.colcon_core.shell:Skip shell extension 'powershell' for command environment: Not usable outside of PowerShell
[0.382s] DEBUG:colcon.colcon_core.shell:Skip shell extension 'dsv' for command environment
[0.389s] DEBUG:colcon.colcon_core.event_handler.log_command:Invoking command in '/home/pawan/yahboomcar_ws_test/M3Pro_ws/build/imu_complementary_filter': CMAKE_PREFIX_PATH=${CMAKE_PREFIX_PATH}:/home/pawan/yahboomcar_ws_test/yahboomcar_ws/install/yahboom_M3Pro_description:/opt/ros/humble /usr/bin/cmake /home/pawan/yahboomcar_ws_test/M3Pro_ws/src/M3Pro_core/imu_tools/imu_complementary_filter -DCMAKE_INSTALL_PREFIX=/home/pawan/yahboomcar_ws_test/M3Pro_ws/install/imu_complementary_filter
[0.390s] DEBUG:colcon.colcon_core.event_handler.log_command:Invoking command in '/home/pawan/yahboomcar_ws_test/M3Pro_ws/build/imu_filter_madgwick': CMAKE_PREFIX_PATH=${CMAKE_PREFIX_PATH}:/home/pawan/yahboomcar_ws_test/yahboomcar_ws/install/yahboom_M3Pro_description:/opt/ros/humble /usr/bin/cmake /home/pawan/yahboomcar_ws_test/M3Pro_ws/src/M3Pro_core/imu_tools/imu_filter_madgwick -DCMAKE_INSTALL_PREFIX=/home/pawan/yahboomcar_ws_test/M3Pro_ws/install/imu_filter_madgwick
[0.391s] DEBUG:colcon.colcon_core.event_handler.log_command:Invoking command in '/home/pawan/yahboomcar_ws_test/M3Pro_ws/build/openslam_gmapping': CMAKE_PREFIX_PATH=${CMAKE_PREFIX_PATH}:/home/pawan/yahboomcar_ws_test/yahboomcar_ws/install/yahboom_M3Pro_description:/opt/ros/humble /usr/bin/cmake /home/pawan/yahboomcar_ws_test/M3Pro_ws/src/M3Pro_core/openslam_gmapping -DCMAKE_INSTALL_PREFIX=/home/pawan/yahboomcar_ws_test/M3Pro_ws/install/openslam_gmapping
[0.393s] DEBUG:colcon.colcon_core.event_handler.log_command:Invoking command in '/home/pawan/yahboomcar_ws_test/M3Pro_ws/build/rviz_imu_plugin': CMAKE_PREFIX_PATH=${CMAKE_PREFIX_PATH}:/home/pawan/yahboomcar_ws_test/yahboomcar_ws/install/yahboom_M3Pro_description:/opt/ros/humble /usr/bin/cmake /home/pawan/yahboomcar_ws_test/M3Pro_ws/src/M3Pro_core/imu_tools/rviz_imu_plugin -DCMAKE_INSTALL_PREFIX=/home/pawan/yahboomcar_ws_test/M3Pro_ws/install/rviz_imu_plugin
[0.394s] DEBUG:colcon.colcon_core.event_handler.log_command:Invoking command in '/home/pawan/yahboomcar_ws_test/M3Pro_ws/build/M3Pro': CMAKE_PREFIX_PATH=${CMAKE_PREFIX_PATH}:/home/pawan/yahboomcar_ws_test/yahboomcar_ws/install/yahboom_M3Pro_description:/opt/ros/humble /usr/bin/cmake /home/pawan/yahboomcar_ws_test/M3Pro_ws/src/M3Pro -DCMAKE_INSTALL_PREFIX=/home/pawan/yahboomcar_ws_test/M3Pro_ws/install/M3Pro
[0.396s] DEBUG:colcon.colcon_core.event_handler.log_command:Invoking command in '/home/pawan/yahboomcar_ws_test/M3Pro_ws/build/M3Pro_KCF': CMAKE_PREFIX_PATH=${CMAKE_PREFIX_PATH}:/home/pawan/yahboomcar_ws_test/yahboomcar_ws/install/yahboom_M3Pro_description:/opt/ros/humble /usr/bin/cmake /home/pawan/yahboomcar_ws_test/M3Pro_ws/src/M3Pro_KCF -DCMAKE_INSTALL_PREFIX=/home/pawan/yahboomcar_ws_test/M3Pro_ws/install/M3Pro_KCF
[0.398s] DEBUG:colcon.colcon_core.event_handler.log_command:Invoking command in '/home/pawan/yahboomcar_ws_test/M3Pro_ws/build/M3Pro_navigation': CMAKE_PREFIX_PATH=${CMAKE_PREFIX_PATH}:/home/pawan/yahboomcar_ws_test/yahboomcar_ws/install/yahboom_M3Pro_description:/opt/ros/humble /usr/bin/cmake /home/pawan/yahboomcar_ws_test/M3Pro_ws/src/M3Pro_navigation -DCMAKE_INSTALL_PREFIX=/home/pawan/yahboomcar_ws_test/M3Pro_ws/install/M3Pro_navigation
[0.591s] INFO:colcon.colcon_core.task.python.build:Building Python package in '/home/pawan/yahboomcar_ws_test/M3Pro_ws/src/calibration'
[0.591s] INFO:colcon.colcon_core.shell:Skip shell extension 'powershell' for command environment: Not usable outside of PowerShell
[0.591s] DEBUG:colcon.colcon_core.shell:Skip shell extension 'dsv' for command environment
[0.875s] INFO:colcon.colcon_core.task.python.build:Building Python package in '/home/pawan/yahboomcar_ws_test/M3Pro_ws/src/ekf_bringup'
[0.875s] INFO:colcon.colcon_core.shell:Skip shell extension 'powershell' for command environment: Not usable outside of PowerShell
[0.875s] DEBUG:colcon.colcon_core.shell:Skip shell extension 'dsv' for command environment
[0.882s] DEBUG:colcon.colcon_core.event_handler.log_command:Invoking command in '/home/pawan/yahboomcar_ws_test/M3Pro_ws/build/interfaces': CMAKE_PREFIX_PATH=${CMAKE_PREFIX_PATH}:/home/pawan/yahboomcar_ws_test/yahboomcar_ws/install/yahboom_M3Pro_description:/opt/ros/humble /usr/bin/cmake /home/pawan/yahboomcar_ws_test/M3Pro_ws/src/interfaces -DCMAKE_INSTALL_PREFIX=/home/pawan/yahboomcar_ws_test/M3Pro_ws/install/interfaces
[0.884s] DEBUG:colcon.colcon_core.event_handler.log_command:Invoking command in '/home/pawan/yahboomcar_ws_test/M3Pro_ws/build/ira_laser_tools': CMAKE_PREFIX_PATH=${CMAKE_PREFIX_PATH}:/home/pawan/yahboomcar_ws_test/yahboomcar_ws/install/yahboom_M3Pro_description:/opt/ros/humble /usr/bin/cmake /home/pawan/yahboomcar_ws_test/M3Pro_ws/src/M3Pro_core/ira_laser_tools -DCMAKE_INSTALL_PREFIX=/home/pawan/yahboomcar_ws_test/M3Pro_ws/install/ira_laser_tools
[1.160s] INFO:colcon.colcon_core.task.python.build:Building Python package in '/home/pawan/yahboomcar_ws_test/M3Pro_ws/src/largemodel'
[1.160s] INFO:colcon.colcon_core.shell:Skip shell extension 'powershell' for command environment: Not usable outside of PowerShell
[1.161s] DEBUG:colcon.colcon_core.shell:Skip shell extension 'dsv' for command environment
[1.321s] INFO:colcon.colcon_core.task.python.build:Building Python package in '/home/pawan/yahboomcar_ws_test/M3Pro_ws/src/largemodel_arm'
[1.321s] INFO:colcon.colcon_core.shell:Skip shell extension 'powershell' for command environment: Not usable outside of PowerShell
[1.321s] DEBUG:colcon.colcon_core.shell:Skip shell extension 'dsv' for command environment
[1.515s] INFO:colcon.colcon_core.task.python.build:Building Python package in '/home/pawan/yahboomcar_ws_test/M3Pro_ws/src/ros_robot_app/laserscan_to_point_publisher'
[1.515s] INFO:colcon.colcon_core.shell:Skip shell extension 'powershell' for command environment: Not usable outside of PowerShell
[1.516s] DEBUG:colcon.colcon_core.shell:Skip shell extension 'dsv' for command environment
[1.680s] INFO:colcon.colcon_core.task.python.build:Building Python package in '/home/pawan/yahboomcar_ws_test/M3Pro_ws/src/patrol'
[1.680s] INFO:colcon.colcon_core.shell:Skip shell extension 'powershell' for command environment: Not usable outside of PowerShell
[1.680s] DEBUG:colcon.colcon_core.shell:Skip shell extension 'dsv' for command environment
[1.686s] DEBUG:colcon.colcon_core.event_handler.log_command:Invoking command in '/home/pawan/yahboomcar_ws_test/M3Pro_ws/build/robot_pose_publisher_ros2': CMAKE_PREFIX_PATH=${CMAKE_PREFIX_PATH}:/home/pawan/yahboomcar_ws_test/yahboomcar_ws/install/yahboom_M3Pro_description:/opt/ros/humble /usr/bin/cmake /home/pawan/yahboomcar_ws_test/M3Pro_ws/src/ros_robot_app/robot_pose_publisher_ros2 -DCMAKE_INSTALL_PREFIX=/home/pawan/yahboomcar_ws_test/M3Pro_ws/install/robot_pose_publisher_ros2
[1.687s] DEBUG:colcon.colcon_core.event_handler.log_command:Invoking command in '/home/pawan/yahboomcar_ws_test/M3Pro_ws/build/slam_mapping': CMAKE_PREFIX_PATH=${CMAKE_PREFIX_PATH}:/home/pawan/yahboomcar_ws_test/yahboomcar_ws/install/yahboom_M3Pro_description:/opt/ros/humble /usr/bin/cmake /home/pawan/yahboomcar_ws_test/M3Pro_ws/src/slam_mapping -DCMAKE_INSTALL_PREFIX=/home/pawan/yahboomcar_ws_test/M3Pro_ws/install/slam_mapping
[1.847s] INFO:colcon.colcon_core.task.python.build:Building Python package in '/home/pawan/yahboomcar_ws_test/M3Pro_ws/src/text_chat'
[1.847s] INFO:colcon.colcon_core.shell:Skip shell extension 'powershell' for command environment: Not usable outside of PowerShell
[1.847s] DEBUG:colcon.colcon_core.shell:Skip shell extension 'dsv' for command environment
[1.852s] DEBUG:colcon.colcon_core.event_handler.log_command:Invoking command in '/home/pawan/yahboomcar_ws_test/M3Pro_ws/build/updatecostmap': CMAKE_PREFIX_PATH=${CMAKE_PREFIX_PATH}:/home/pawan/yahboomcar_ws_test/yahboomcar_ws/install/yahboom_M3Pro_description:/opt/ros/humble /usr/bin/cmake /home/pawan/yahboomcar_ws_test/M3Pro_ws/src/updatecostmap -DCMAKE_INSTALL_PREFIX=/home/pawan/yahboomcar_ws_test/M3Pro_ws/install/updatecostmap
[2.008s] INFO:colcon.colcon_core.task.python.build:Building Python package in '/home/pawan/yahboomcar_ws_test/M3Pro_ws/src/ros_robot_app/yahboom_app_save_map'
[2.009s] INFO:colcon.colcon_core.shell:Skip shell extension 'powershell' for command environment: Not usable outside of PowerShell
[2.009s] DEBUG:colcon.colcon_core.shell:Skip shell extension 'dsv' for command environment
[2.034s] DEBUG:colcon.colcon_core.event_handler.log_command:Invoked command in '/home/pawan/yahboomcar_ws_test/M3Pro_ws/build/M3Pro' returned '0': CMAKE_PREFIX_PATH=${CMAKE_PREFIX_PATH}:/home/pawan/yahboomcar_ws_test/yahboomcar_ws/install/yahboom_M3Pro_description:/opt/ros/humble /usr/bin/cmake /home/pawan/yahboomcar_ws_test/M3Pro_ws/src/M3Pro -DCMAKE_INSTALL_PREFIX=/home/pawan/yahboomcar_ws_test/M3Pro_ws/install/M3Pro
[2.035s] DEBUG:colcon.colcon_core.event_handler.log_command:Invoking command in '/home/pawan/yahboomcar_ws_test/M3Pro_ws/build/M3Pro': CMAKE_PREFIX_PATH=${CMAKE_PREFIX_PATH}:/home/pawan/yahboomcar_ws_test/yahboomcar_ws/install/yahboom_M3Pro_description:/opt/ros/humble /usr/bin/cmake --build /home/pawan/yahboomcar_ws_test/M3Pro_ws/build/M3Pro -- -j20 -l20
[2.036s] DEBUG:colcon.colcon_core.event_handler.log_command:Invoked command in '/home/pawan/yahboomcar_ws_test/M3Pro_ws/build/M3Pro_navigation' returned '0': CMAKE_PREFIX_PATH=${CMAKE_PREFIX_PATH}:/home/pawan/yahboomcar_ws_test/yahboomcar_ws/install/yahboom_M3Pro_description:/opt/ros/humble /usr/bin/cmake /home/pawan/yahboomcar_ws_test/M3Pro_ws/src/M3Pro_navigation -DCMAKE_INSTALL_PREFIX=/home/pawan/yahboomcar_ws_test/M3Pro_ws/install/M3Pro_navigation
[2.037s] DEBUG:colcon.colcon_core.event_handler.log_command:Invoking command in '/home/pawan/yahboomcar_ws_test/M3Pro_ws/build/M3Pro_navigation': CMAKE_PREFIX_PATH=${CMAKE_PREFIX_PATH}:/home/pawan/yahboomcar_ws_test/yahboomcar_ws/install/yahboom_M3Pro_description:/opt/ros/humble /usr/bin/cmake --build /home/pawan/yahboomcar_ws_test/M3Pro_ws/build/M3Pro_navigation -- -j20 -l20
[2.038s] DEBUG:colcon.colcon_core.event_handler.log_command:Invoked command in '/home/pawan/yahboomcar_ws_test/M3Pro_ws/build/openslam_gmapping' returned '0': CMAKE_PREFIX_PATH=${CMAKE_PREFIX_PATH}:/home/pawan/yahboomcar_ws_test/yahboomcar_ws/install/yahboom_M3Pro_description:/opt/ros/humble /usr/bin/cmake /home/pawan/yahboomcar_ws_test/M3Pro_ws/src/M3Pro_core/openslam_gmapping -DCMAKE_INSTALL_PREFIX=/home/pawan/yahboomcar_ws_test/M3Pro_ws/install/openslam_gmapping
[2.038s] DEBUG:colcon.colcon_core.event_handler.log_command:Invoking command in '/home/pawan/yahboomcar_ws_test/M3Pro_ws/build/openslam_gmapping': CMAKE_PREFIX_PATH=${CMAKE_PREFIX_PATH}:/home/pawan/yahboomcar_ws_test/yahboomcar_ws/install/yahboom_M3Pro_description:/opt/ros/humble /usr/bin/cmake --build /home/pawan/yahboomcar_ws_test/M3Pro_ws/build/openslam_gmapping -- -j20 -l20
[2.039s] DEBUG:colcon.colcon_core.event_handler.log_command:Invoked command in '/home/pawan/yahboomcar_ws_test/M3Pro_ws/build/M3Pro_KCF' returned '1': CMAKE_PREFIX_PATH=${CMAKE_PREFIX_PATH}:/home/pawan/yahboomcar_ws_test/yahboomcar_ws/install/yahboom_M3Pro_description:/opt/ros/humble /usr/bin/cmake /home/pawan/yahboomcar_ws_test/M3Pro_ws/src/M3Pro_KCF -DCMAKE_INSTALL_PREFIX=/home/pawan/yahboomcar_ws_test/M3Pro_ws/install/M3Pro_KCF
[2.040s] DEBUG:colcon.colcon_core.event_handler.log_command:Invoked command in '/home/pawan/yahboomcar_ws_test/M3Pro_ws/build/imu_complementary_filter' returned '0': CMAKE_PREFIX_PATH=${CMAKE_PREFIX_PATH}:/home/pawan/yahboomcar_ws_test/yahboomcar_ws/install/yahboom_M3Pro_description:/opt/ros/humble /usr/bin/cmake /home/pawan/yahboomcar_ws_test/M3Pro_ws/src/M3Pro_core/imu_tools/imu_complementary_filter -DCMAKE_INSTALL_PREFIX=/home/pawan/yahboomcar_ws_test/M3Pro_ws/install/imu_complementary_filter
[2.041s] DEBUG:colcon.colcon_core.event_handler.log_command:Invoking command in '/home/pawan/yahboomcar_ws_test/M3Pro_ws/build/imu_complementary_filter': CMAKE_PREFIX_PATH=${CMAKE_PREFIX_PATH}:/home/pawan/yahboomcar_ws_test/yahboomcar_ws/install/yahboom_M3Pro_description:/opt/ros/humble /usr/bin/cmake --build /home/pawan/yahboomcar_ws_test/M3Pro_ws/build/imu_complementary_filter -- -j20 -l20
[2.042s] DEBUG:colcon.colcon_core.event_handler.log_command:Invoked command in '/home/pawan/yahboomcar_ws_test/M3Pro_ws/build/imu_filter_madgwick' returned '0': CMAKE_PREFIX_PATH=${CMAKE_PREFIX_PATH}:/home/pawan/yahboomcar_ws_test/yahboomcar_ws/install/yahboom_M3Pro_description:/opt/ros/humble /usr/bin/cmake /home/pawan/yahboomcar_ws_test/M3Pro_ws/src/M3Pro_core/imu_tools/imu_filter_madgwick -DCMAKE_INSTALL_PREFIX=/home/pawan/yahboomcar_ws_test/M3Pro_ws/install/imu_filter_madgwick
[2.044s] DEBUG:colcon.colcon_core.event_handler.log_command:Invoking command in '/home/pawan/yahboomcar_ws_test/M3Pro_ws/build/imu_filter_madgwick': CMAKE_PREFIX_PATH=${CMAKE_PREFIX_PATH}:/home/pawan/yahboomcar_ws_test/yahboomcar_ws/install/yahboom_M3Pro_description:/opt/ros/humble /usr/bin/cmake --build /home/pawan/yahboomcar_ws_test/M3Pro_ws/build/imu_filter_madgwick -- -j20 -l20
[2.044s] DEBUG:colcon.colcon_core.event_handler.log_command:Invoked command in '/home/pawan/yahboomcar_ws_test/M3Pro_ws/build/ira_laser_tools' returned '1': CMAKE_PREFIX_PATH=${CMAKE_PREFIX_PATH}:/home/pawan/yahboomcar_ws_test/yahboomcar_ws/install/yahboom_M3Pro_description:/opt/ros/humble /usr/bin/cmake /home/pawan/yahboomcar_ws_test/M3Pro_ws/src/M3Pro_core/ira_laser_tools -DCMAKE_INSTALL_PREFIX=/home/pawan/yahboomcar_ws_test/M3Pro_ws/install/ira_laser_tools
[2.067s] DEBUG:colcon.colcon_core.event_handler.log_command:Invoked command in '/home/pawan/yahboomcar_ws_test/M3Pro_ws/build/rviz_imu_plugin' returned '0': CMAKE_PREFIX_PATH=${CMAKE_PREFIX_PATH}:/home/pawan/yahboomcar_ws_test/yahboomcar_ws/install/yahboom_M3Pro_description:/opt/ros/humble /usr/bin/cmake /home/pawan/yahboomcar_ws_test/M3Pro_ws/src/M3Pro_core/imu_tools/rviz_imu_plugin -DCMAKE_INSTALL_PREFIX=/home/pawan/yahboomcar_ws_test/M3Pro_ws/install/rviz_imu_plugin
[2.068s] DEBUG:colcon.colcon_core.event_handler.log_command:Invoking command in '/home/pawan/yahboomcar_ws_test/M3Pro_ws/build/rviz_imu_plugin': CMAKE_PREFIX_PATH=${CMAKE_PREFIX_PATH}:/home/pawan/yahboomcar_ws_test/yahboomcar_ws/install/yahboom_M3Pro_description:/opt/ros/humble /usr/bin/cmake --build /home/pawan/yahboomcar_ws_test/M3Pro_ws/build/rviz_imu_plugin -- -j20 -l20
[2.069s] Level 1:colcon.colcon_core.environment:create_environment_scripts_only(M3Pro_KCF)
[2.077s] Level 1:colcon.colcon_core.environment:checking '/home/pawan/yahboomcar_ws_test/M3Pro_ws/install/M3Pro_KCF' for CMake module files
[2.077s] Level 1:colcon.colcon_core.environment:checking '/home/pawan/yahboomcar_ws_test/M3Pro_ws/install/M3Pro_KCF' for CMake config files
[2.078s] Level 1:colcon.colcon_core.environment:checking '/home/pawan/yahboomcar_ws_test/M3Pro_ws/install/M3Pro_KCF/bin'
[2.078s] Level 1:colcon.colcon_core.environment:checking '/home/pawan/yahboomcar_ws_test/M3Pro_ws/install/M3Pro_KCF/lib/pkgconfig/M3Pro_KCF.pc'
[2.078s] Level 1:colcon.colcon_core.environment:checking '/home/pawan/yahboomcar_ws_test/M3Pro_ws/install/M3Pro_KCF/lib/python3.10/site-packages'
[2.079s] Level 1:colcon.colcon_core.environment:checking '/home/pawan/yahboomcar_ws_test/M3Pro_ws/install/M3Pro_KCF/bin'
[2.079s] INFO:colcon.colcon_core.shell:Creating package script '/home/pawan/yahboomcar_ws_test/M3Pro_ws/install/M3Pro_KCF/share/M3Pro_KCF/package.ps1'
[2.081s] INFO:colcon.colcon_core.shell:Creating package descriptor '/home/pawan/yahboomcar_ws_test/M3Pro_ws/install/M3Pro_KCF/share/M3Pro_KCF/package.dsv'
[2.081s] INFO:colcon.colcon_core.shell:Creating package script '/home/pawan/yahboomcar_ws_test/M3Pro_ws/install/M3Pro_KCF/share/M3Pro_KCF/package.sh'
[2.082s] INFO:colcon.colcon_core.shell:Creating package script '/home/pawan/yahboomcar_ws_test/M3Pro_ws/install/M3Pro_KCF/share/M3Pro_KCF/package.bash'
[2.083s] INFO:colcon.colcon_core.shell:Creating package script '/home/pawan/yahboomcar_ws_test/M3Pro_ws/install/M3Pro_KCF/share/M3Pro_KCF/package.zsh'
[2.083s] Level 1:colcon.colcon_core.environment:create_file_with_runtime_dependencies(/home/pawan/yahboomcar_ws_test/M3Pro_ws/install/M3Pro_KCF/share/colcon-core/packages/M3Pro_KCF)
[2.084s] Level 1:colcon.colcon_core.environment:create_environment_scripts_only(ira_laser_tools)
[2.084s] Level 1:colcon.colcon_core.environment:checking '/home/pawan/yahboomcar_ws_test/M3Pro_ws/install/ira_laser_tools' for CMake module files
[2.085s] Level 1:colcon.colcon_core.environment:checking '/home/pawan/yahboomcar_ws_test/M3Pro_ws/install/ira_laser_tools' for CMake config files
[2.085s] Level 1:colcon.colcon_core.environment:checking '/home/pawan/yahboomcar_ws_test/M3Pro_ws/install/ira_laser_tools/bin'
[2.085s] Level 1:colcon.colcon_core.environment:checking '/home/pawan/yahboomcar_ws_test/M3Pro_ws/install/ira_laser_tools/lib/pkgconfig/ira_laser_tools.pc'
[2.085s] Level 1:colcon.colcon_core.environment:checking '/home/pawan/yahboomcar_ws_test/M3Pro_ws/install/ira_laser_tools/lib/python3.10/site-packages'
[2.086s] Level 1:colcon.colcon_core.environment:checking '/home/pawan/yahboomcar_ws_test/M3Pro_ws/install/ira_laser_tools/bin'
[2.086s] INFO:colcon.colcon_core.shell:Creating package script '/home/pawan/yahboomcar_ws_test/M3Pro_ws/install/ira_laser_tools/share/ira_laser_tools/package.ps1'
[2.087s] INFO:colcon.colcon_core.shell:Creating package descriptor '/home/pawan/yahboomcar_ws_test/M3Pro_ws/install/ira_laser_tools/share/ira_laser_tools/package.dsv'
[2.087s] INFO:colcon.colcon_core.shell:Creating package script '/home/pawan/yahboomcar_ws_test/M3Pro_ws/install/ira_laser_tools/share/ira_laser_tools/package.sh'
[2.088s] INFO:colcon.colcon_core.shell:Creating package script '/home/pawan/yahboomcar_ws_test/M3Pro_ws/install/ira_laser_tools/share/ira_laser_tools/package.bash'
[2.088s] INFO:colcon.colcon_core.shell:Creating package script '/home/pawan/yahboomcar_ws_test/M3Pro_ws/install/ira_laser_tools/share/ira_laser_tools/package.zsh'
[2.088s] Level 1:colcon.colcon_core.environment:create_file_with_runtime_dependencies(/home/pawan/yahboomcar_ws_test/M3Pro_ws/install/ira_laser_tools/share/colcon-core/packages/ira_laser_tools)
[16.749s] DEBUG:colcon.colcon_parallel_executor.executor.parallel:closing loop
[16.749s] DEBUG:colcon.colcon_parallel_executor.executor.parallel:loop closed
[16.749s] DEBUG:colcon.colcon_parallel_executor.executor.parallel:run_until_complete finished with '1'
[16.749s] DEBUG:colcon.colcon_core.event_reactor:joining thread
[16.758s] INFO:colcon.colcon_core.plugin_system:Skipping extension 'colcon_notification.desktop_notification.terminal_notifier': Not used on non-Darwin systems
[16.758s] INFO:colcon.colcon_core.plugin_system:Skipping extension 'colcon_notification.desktop_notification.win32': Not used on non-Windows systems
[16.758s] INFO:colcon.colcon_notification.desktop_notification:Sending desktop notification using 'notify2'
[16.772s] DEBUG:colcon.colcon_core.event_reactor:joined thread
[16.772s] INFO:colcon.colcon_core.shell:Creating prefix script '/home/pawan/yahboomcar_ws_test/M3Pro_ws/install/local_setup.ps1'
[16.773s] INFO:colcon.colcon_core.shell:Creating prefix util module '/home/pawan/yahboomcar_ws_test/M3Pro_ws/install/_local_setup_util_ps1.py'
[16.774s] INFO:colcon.colcon_core.shell:Creating prefix chain script '/home/pawan/yahboomcar_ws_test/M3Pro_ws/install/setup.ps1'
[16.776s] INFO:colcon.colcon_core.shell:Creating prefix script '/home/pawan/yahboomcar_ws_test/M3Pro_ws/install/local_setup.sh'
[16.776s] INFO:colcon.colcon_core.shell:Creating prefix util module '/home/pawan/yahboomcar_ws_test/M3Pro_ws/install/_local_setup_util_sh.py'
[16.776s] INFO:colcon.colcon_core.shell:Creating prefix chain script '/home/pawan/yahboomcar_ws_test/M3Pro_ws/install/setup.sh'
[16.777s] INFO:colcon.colcon_core.shell:Creating prefix script '/home/pawan/yahboomcar_ws_test/M3Pro_ws/install/local_setup.bash'
[16.778s] INFO:colcon.colcon_core.shell:Creating prefix chain script '/home/pawan/yahboomcar_ws_test/M3Pro_ws/install/setup.bash'
[16.779s] INFO:colcon.colcon_core.shell:Creating prefix script '/home/pawan/yahboomcar_ws_test/M3Pro_ws/install/local_setup.zsh'
[16.779s] INFO:colcon.colcon_core.shell:Creating prefix chain script '/home/pawan/yahboomcar_ws_test/M3Pro_ws/install/setup.zsh'
