[0.000000] (-) TimerEvent: {}
[0.000386] (M3Pro_MoveIt_demo) JobQueued: {'identifier': 'M3Pro_MoveIt_demo', 'dependencies': OrderedDict()}
[0.000411] (M3Pro_demo) JobQueued: {'identifier': 'M3Pro_demo', 'dependencies': OrderedDict()}
[0.000421] (arm_driver) JobQueued: {'identifier': 'arm_driver', 'dependencies': OrderedDict()}
[0.000431] (arm_interface) JobQueued: {'identifier': 'arm_interface', 'dependencies': OrderedDict()}
[0.000439] (arm_kin) JobQueued: {'identifier': 'arm_kin', 'dependencies': OrderedDict()}
[0.000448] (arm_msgs) JobQueued: {'identifier': 'arm_msgs', 'dependencies': OrderedDict()}
[0.000456] (test_config) JobQueued: {'identifier': 'test_config', 'dependencies': OrderedDict()}
[0.000573] (yahboom_M3Pro_DepthCam) JobQueued: {'identifier': 'yahboom_M3Pro_DepthCam', 'dependencies': OrderedDict()}
[0.001010] (yahboom_M3Pro_description) JobQueued: {'identifier': 'yahboom_M3Pro_description', 'dependencies': OrderedDict()}
[0.001035] (yahboom_M3Pro_laser) JobQueued: {'identifier': 'yahboom_M3Pro_laser', 'dependencies': OrderedDict()}
[0.001046] (yahboomcar_ctrl) JobQueued: {'identifier': 'yahboomcar_ctrl', 'dependencies': OrderedDict()}
[0.001055] (yahboomcar_msgs) JobQueued: {'identifier': 'yahboomcar_msgs', 'dependencies': OrderedDict()}
[0.001063] (M3Pro_KCF) JobQueued: {'identifier': 'M3Pro_KCF', 'dependencies': OrderedDict([('arm_interface', '/home/pawan/yahboomcar_ws_test/yahboomcar_ws/install/arm_interface')])}
[0.001074] (M3Pro_config) JobQueued: {'identifier': 'M3Pro_config', 'dependencies': OrderedDict([('yahboom_M3Pro_description', '/home/pawan/yahboomcar_ws_test/yahboomcar_ws/install/yahboom_M3Pro_description')])}
[0.001085] (arm_interface) JobStarted: {'identifier': 'arm_interface'}
[0.004694] (yahboom_M3Pro_description) JobStarted: {'identifier': 'yahboom_M3Pro_description'}
[0.008155] (M3Pro_MoveIt_demo) JobStarted: {'identifier': 'M3Pro_MoveIt_demo'}
[0.011236] (M3Pro_demo) JobStarted: {'identifier': 'M3Pro_demo'}
[0.014237] (arm_driver) JobStarted: {'identifier': 'arm_driver'}
[0.017272] (arm_kin) JobStarted: {'identifier': 'arm_kin'}
[0.019602] (arm_msgs) JobStarted: {'identifier': 'arm_msgs'}
[0.021802] (test_config) JobStarted: {'identifier': 'test_config'}
[0.024042] (yahboom_M3Pro_DepthCam) JobStarted: {'identifier': 'yahboom_M3Pro_DepthCam'}
[0.027255] (yahboom_M3Pro_laser) JobStarted: {'identifier': 'yahboom_M3Pro_laser'}
[0.030401] (yahboomcar_ctrl) JobStarted: {'identifier': 'yahboomcar_ctrl'}
[0.033258] (yahboomcar_msgs) JobStarted: {'identifier': 'yahboomcar_msgs'}
[0.037330] (arm_interface) JobProgress: {'identifier': 'arm_interface', 'progress': 'cmake'}
[0.037537] (arm_interface) JobProgress: {'identifier': 'arm_interface', 'progress': 'build'}
[0.037934] (arm_interface) Command: {'cmd': ['/usr/bin/cmake', '--build', '/home/pawan/yahboomcar_ws_test/yahboomcar_ws/build/arm_interface', '--', '-j20', '-l20'], 'cwd': '/home/pawan/yahboomcar_ws_test/yahboomcar_ws/build/arm_interface', 'env': OrderedDict([('LESSOPEN', '| /usr/bin/lesspipe %s'), ('USER', 'pawan'), ('LC_TIME', 'de_DE.UTF-8'), ('XDG_SESSION_TYPE', 'wayland'), ('SHLVL', '1'), ('LD_LIBRARY_PATH', '/usr/lib/x86_64-linux-gnu/gazebo-11/plugins:/opt/ros/humble/opt/rviz_ogre_vendor/lib:/opt/ros/humble/lib/x86_64-linux-gnu:/opt/ros/humble/lib'), ('HOME', '/home/pawan'), ('OLDPWD', '/home/pawan'), ('DESKTOP_SESSION', 'ubuntu'), ('ROS_PYTHON_VERSION', '3'), ('GNOME_SHELL_SESSION_MODE', 'ubuntu'), ('GTK_MODULES', 'gail:atk-bridge'), ('LC_MONETARY', 'de_DE.UTF-8'), ('SYSTEMD_EXEC_PID', '1911'), ('DBUS_SESSION_BUS_ADDRESS', 'unix:path=/run/user/1000/bus'), ('COLORTERM', 'truecolor'), ('IM_CONFIG_PHASE', '1'), ('WAYLAND_DISPLAY', 'wayland-0'), ('COLCON_PREFIX_PATH', '/home/pawan/yahboomcar_ws_test/yahboomcar_ws/install'), ('ROS_DISTRO', 'humble'), ('LOGNAME', 'pawan'), ('_', '/usr/bin/colcon'), ('ROS_VERSION', '2'), ('XDG_SESSION_CLASS', 'user'), ('USERNAME', 'pawan'), ('TERM', 'xterm-256color'), ('GNOME_DESKTOP_SESSION_ID', 'this-is-deprecated'), ('ROS_LOCALHOST_ONLY', '0'), ('PATH', '/opt/ros/humble/bin:/usr/local/sbin:/usr/local/bin:/usr/sbin:/usr/bin:/sbin:/bin:/usr/games:/usr/local/games:/snap/bin:/snap/bin'), ('SESSION_MANAGER', 'local/pawan-LOQ-15IRX10:@/tmp/.ICE-unix/1876,unix/pawan-LOQ-15IRX10:/tmp/.ICE-unix/1876'), ('XDG_MENU_PREFIX', 'gnome-'), ('LC_ADDRESS', 'de_DE.UTF-8'), ('GNOME_TERMINAL_SCREEN', '/org/gnome/Terminal/screen/42b7b4fc_5cda_4550_bcb9_5543ca7d3316'), ('GNOME_SETUP_DISPLAY', ':1'), ('XDG_RUNTIME_DIR', '/run/user/1000'), ('DISPLAY', ':0'), ('LANG', 'en_US.UTF-8'), ('XDG_CURRENT_DESKTOP', 'ubuntu:GNOME'), ('LC_TELEPHONE', 'de_DE.UTF-8'), ('XMODIFIERS', '@im=ibus'), ('XDG_SESSION_DESKTOP', 'ubuntu'), ('XAUTHORITY', '/run/user/1000/.mutter-Xwaylandauth.DQZRR3'), ('LS_COLORS', 'rs=0:di=01;34:ln=01;36:mh=00:pi=40;33:so=01;35:do=01;35:bd=40;33;01:cd=40;33;01:or=40;31;01:mi=00:su=37;41:sg=30;43:ca=30;41:tw=30;42:ow=34;42:st=37;44:ex=01;32:*.tar=01;31:*.tgz=01;31:*.arc=01;31:*.arj=01;31:*.taz=01;31:*.lha=01;31:*.lz4=01;31:*.lzh=01;31:*.lzma=01;31:*.tlz=01;31:*.txz=01;31:*.tzo=01;31:*.t7z=01;31:*.zip=01;31:*.z=01;31:*.dz=01;31:*.gz=01;31:*.lrz=01;31:*.lz=01;31:*.lzo=01;31:*.xz=01;31:*.zst=01;31:*.tzst=01;31:*.bz2=01;31:*.bz=01;31:*.tbz=01;31:*.tbz2=01;31:*.tz=01;31:*.deb=01;31:*.rpm=01;31:*.jar=01;31:*.war=01;31:*.ear=01;31:*.sar=01;31:*.rar=01;31:*.alz=01;31:*.ace=01;31:*.zoo=01;31:*.cpio=01;31:*.7z=01;31:*.rz=01;31:*.cab=01;31:*.wim=01;31:*.swm=01;31:*.dwm=01;31:*.esd=01;31:*.jpg=01;35:*.jpeg=01;35:*.mjpg=01;35:*.mjpeg=01;35:*.gif=01;35:*.bmp=01;35:*.pbm=01;35:*.pgm=01;35:*.ppm=01;35:*.tga=01;35:*.xbm=01;35:*.xpm=01;35:*.tif=01;35:*.tiff=01;35:*.png=01;35:*.svg=01;35:*.svgz=01;35:*.mng=01;35:*.pcx=01;35:*.mov=01;35:*.mpg=01;35:*.mpeg=01;35:*.m2v=01;35:*.mkv=01;35:*.webm=01;35:*.webp=01;35:*.ogm=01;35:*.mp4=01;35:*.m4v=01;35:*.mp4v=01;35:*.vob=01;35:*.qt=01;35:*.nuv=01;35:*.wmv=01;35:*.asf=01;35:*.rm=01;35:*.rmvb=01;35:*.flc=01;35:*.avi=01;35:*.fli=01;35:*.flv=01;35:*.gl=01;35:*.dl=01;35:*.xcf=01;35:*.xwd=01;35:*.yuv=01;35:*.cgm=01;35:*.emf=01;35:*.ogv=01;35:*.ogx=01;35:*.aac=00;36:*.au=00;36:*.flac=00;36:*.m4a=00;36:*.mid=00;36:*.midi=00;36:*.mka=00;36:*.mp3=00;36:*.mpc=00;36:*.ogg=00;36:*.ra=00;36:*.wav=00;36:*.oga=00;36:*.opus=00;36:*.spx=00;36:*.xspf=00;36:'), ('GNOME_TERMINAL_SERVICE', ':1.134'), ('SSH_AGENT_LAUNCHER', 'gnome-keyring'), ('SSH_AUTH_SOCK', '/run/user/1000/keyring/ssh'), ('AMENT_PREFIX_PATH', '/home/pawan/yahboomcar_ws_test/yahboomcar_ws/install/yahboom_M3Pro_description:/home/pawan/yahboomcar_ws_test/yahboomcar_ws/install/test_config:/opt/ros/humble'), ('SHELL', '/bin/bash'), ('LC_NAME', 'de_DE.UTF-8'), ('QT_ACCESSIBILITY', '1'), ('GDMSESSION', 'ubuntu'), ('LESSCLOSE', '/usr/bin/lesspipe %s %s'), ('LC_MEASUREMENT', 'de_DE.UTF-8'), ('LC_IDENTIFICATION', 'de_DE.UTF-8'), ('QT_IM_MODULE', 'ibus'), ('PWD', '/home/pawan/yahboomcar_ws_test/yahboomcar_ws/build/arm_interface'), ('LC_ALL', 'en_US.UTF-8'), ('XDG_CONFIG_DIRS', '/etc/xdg/xdg-ubuntu:/etc/xdg'), ('XDG_DATA_DIRS', '/usr/share/ubuntu:/usr/local/share/:/usr/share/:/var/lib/snapd/desktop'), ('PYTHONPATH', '/home/pawan/yahboomcar_ws_test/yahboomcar_ws/install/yahboom_M3Pro_description/lib/python3.10/site-packages:/opt/ros/humble/lib/python3.10/site-packages:/opt/ros/humble/local/lib/python3.10/dist-packages'), ('LC_NUMERIC', 'de_DE.UTF-8'), ('LC_PAPER', 'de_DE.UTF-8'), ('COLCON', '1'), ('VTE_VERSION', '6800'), ('CMAKE_PREFIX_PATH', '/home/pawan/yahboomcar_ws_test/yahboomcar_ws/install/test_config:/home/pawan/yahboomcar_ws_test/yahboomcar_ws/install/yahboom_M3Pro_description:/opt/ros/humble')]), 'shell': False}
[0.100018] (-) TimerEvent: {}
[0.200357] (-) TimerEvent: {}
[0.300741] (-) TimerEvent: {}
[0.401109] (-) TimerEvent: {}
[0.501485] (-) TimerEvent: {}
[0.601921] (-) TimerEvent: {}
[0.702385] (-) TimerEvent: {}
[0.772727] (arm_kin) JobProgress: {'identifier': 'arm_kin', 'progress': 'cmake'}
[0.773604] (arm_kin) Command: {'cmd': ['/usr/bin/cmake', '/home/pawan/yahboomcar_ws_test/yahboomcar_ws/src/arm_kin', '-DCMAKE_INSTALL_PREFIX=/home/pawan/yahboomcar_ws_test/yahboomcar_ws/install/arm_kin'], 'cwd': '/home/pawan/yahboomcar_ws_test/yahboomcar_ws/build/arm_kin', 'env': OrderedDict([('LESSOPEN', '| /usr/bin/lesspipe %s'), ('USER', 'pawan'), ('LC_TIME', 'de_DE.UTF-8'), ('XDG_SESSION_TYPE', 'wayland'), ('SHLVL', '1'), ('LD_LIBRARY_PATH', '/usr/lib/x86_64-linux-gnu/gazebo-11/plugins:/opt/ros/humble/opt/rviz_ogre_vendor/lib:/opt/ros/humble/lib/x86_64-linux-gnu:/opt/ros/humble/lib'), ('HOME', '/home/pawan'), ('OLDPWD', '/home/pawan'), ('DESKTOP_SESSION', 'ubuntu'), ('ROS_PYTHON_VERSION', '3'), ('GNOME_SHELL_SESSION_MODE', 'ubuntu'), ('GTK_MODULES', 'gail:atk-bridge'), ('LC_MONETARY', 'de_DE.UTF-8'), ('SYSTEMD_EXEC_PID', '1911'), ('DBUS_SESSION_BUS_ADDRESS', 'unix:path=/run/user/1000/bus'), ('COLORTERM', 'truecolor'), ('IM_CONFIG_PHASE', '1'), ('WAYLAND_DISPLAY', 'wayland-0'), ('COLCON_PREFIX_PATH', '/home/pawan/yahboomcar_ws_test/yahboomcar_ws/install'), ('ROS_DISTRO', 'humble'), ('LOGNAME', 'pawan'), ('_', '/usr/bin/colcon'), ('ROS_VERSION', '2'), ('XDG_SESSION_CLASS', 'user'), ('USERNAME', 'pawan'), ('TERM', 'xterm-256color'), ('GNOME_DESKTOP_SESSION_ID', 'this-is-deprecated'), ('ROS_LOCALHOST_ONLY', '0'), ('PATH', '/opt/ros/humble/bin:/usr/local/sbin:/usr/local/bin:/usr/sbin:/usr/bin:/sbin:/bin:/usr/games:/usr/local/games:/snap/bin:/snap/bin'), ('SESSION_MANAGER', 'local/pawan-LOQ-15IRX10:@/tmp/.ICE-unix/1876,unix/pawan-LOQ-15IRX10:/tmp/.ICE-unix/1876'), ('XDG_MENU_PREFIX', 'gnome-'), ('LC_ADDRESS', 'de_DE.UTF-8'), ('GNOME_TERMINAL_SCREEN', '/org/gnome/Terminal/screen/42b7b4fc_5cda_4550_bcb9_5543ca7d3316'), ('GNOME_SETUP_DISPLAY', ':1'), ('XDG_RUNTIME_DIR', '/run/user/1000'), ('DISPLAY', ':0'), ('LANG', 'en_US.UTF-8'), ('XDG_CURRENT_DESKTOP', 'ubuntu:GNOME'), ('LC_TELEPHONE', 'de_DE.UTF-8'), ('XMODIFIERS', '@im=ibus'), ('XDG_SESSION_DESKTOP', 'ubuntu'), ('XAUTHORITY', '/run/user/1000/.mutter-Xwaylandauth.DQZRR3'), ('LS_COLORS', 'rs=0:di=01;34:ln=01;36:mh=00:pi=40;33:so=01;35:do=01;35:bd=40;33;01:cd=40;33;01:or=40;31;01:mi=00:su=37;41:sg=30;43:ca=30;41:tw=30;42:ow=34;42:st=37;44:ex=01;32:*.tar=01;31:*.tgz=01;31:*.arc=01;31:*.arj=01;31:*.taz=01;31:*.lha=01;31:*.lz4=01;31:*.lzh=01;31:*.lzma=01;31:*.tlz=01;31:*.txz=01;31:*.tzo=01;31:*.t7z=01;31:*.zip=01;31:*.z=01;31:*.dz=01;31:*.gz=01;31:*.lrz=01;31:*.lz=01;31:*.lzo=01;31:*.xz=01;31:*.zst=01;31:*.tzst=01;31:*.bz2=01;31:*.bz=01;31:*.tbz=01;31:*.tbz2=01;31:*.tz=01;31:*.deb=01;31:*.rpm=01;31:*.jar=01;31:*.war=01;31:*.ear=01;31:*.sar=01;31:*.rar=01;31:*.alz=01;31:*.ace=01;31:*.zoo=01;31:*.cpio=01;31:*.7z=01;31:*.rz=01;31:*.cab=01;31:*.wim=01;31:*.swm=01;31:*.dwm=01;31:*.esd=01;31:*.jpg=01;35:*.jpeg=01;35:*.mjpg=01;35:*.mjpeg=01;35:*.gif=01;35:*.bmp=01;35:*.pbm=01;35:*.pgm=01;35:*.ppm=01;35:*.tga=01;35:*.xbm=01;35:*.xpm=01;35:*.tif=01;35:*.tiff=01;35:*.png=01;35:*.svg=01;35:*.svgz=01;35:*.mng=01;35:*.pcx=01;35:*.mov=01;35:*.mpg=01;35:*.mpeg=01;35:*.m2v=01;35:*.mkv=01;35:*.webm=01;35:*.webp=01;35:*.ogm=01;35:*.mp4=01;35:*.m4v=01;35:*.mp4v=01;35:*.vob=01;35:*.qt=01;35:*.nuv=01;35:*.wmv=01;35:*.asf=01;35:*.rm=01;35:*.rmvb=01;35:*.flc=01;35:*.avi=01;35:*.fli=01;35:*.flv=01;35:*.gl=01;35:*.dl=01;35:*.xcf=01;35:*.xwd=01;35:*.yuv=01;35:*.cgm=01;35:*.emf=01;35:*.ogv=01;35:*.ogx=01;35:*.aac=00;36:*.au=00;36:*.flac=00;36:*.m4a=00;36:*.mid=00;36:*.midi=00;36:*.mka=00;36:*.mp3=00;36:*.mpc=00;36:*.ogg=00;36:*.ra=00;36:*.wav=00;36:*.oga=00;36:*.opus=00;36:*.spx=00;36:*.xspf=00;36:'), ('GNOME_TERMINAL_SERVICE', ':1.134'), ('SSH_AGENT_LAUNCHER', 'gnome-keyring'), ('SSH_AUTH_SOCK', '/run/user/1000/keyring/ssh'), ('AMENT_PREFIX_PATH', '/home/pawan/yahboomcar_ws_test/yahboomcar_ws/install/yahboom_M3Pro_description:/home/pawan/yahboomcar_ws_test/yahboomcar_ws/install/test_config:/opt/ros/humble'), ('SHELL', '/bin/bash'), ('LC_NAME', 'de_DE.UTF-8'), ('QT_ACCESSIBILITY', '1'), ('GDMSESSION', 'ubuntu'), ('LESSCLOSE', '/usr/bin/lesspipe %s %s'), ('LC_MEASUREMENT', 'de_DE.UTF-8'), ('LC_IDENTIFICATION', 'de_DE.UTF-8'), ('QT_IM_MODULE', 'ibus'), ('PWD', '/home/pawan/yahboomcar_ws_test/yahboomcar_ws/build/arm_kin'), ('LC_ALL', 'en_US.UTF-8'), ('XDG_CONFIG_DIRS', '/etc/xdg/xdg-ubuntu:/etc/xdg'), ('XDG_DATA_DIRS', '/usr/share/ubuntu:/usr/local/share/:/usr/share/:/var/lib/snapd/desktop'), ('PYTHONPATH', '/home/pawan/yahboomcar_ws_test/yahboomcar_ws/install/yahboom_M3Pro_description/lib/python3.10/site-packages:/opt/ros/humble/lib/python3.10/site-packages:/opt/ros/humble/local/lib/python3.10/dist-packages'), ('LC_NUMERIC', 'de_DE.UTF-8'), ('LC_PAPER', 'de_DE.UTF-8'), ('COLCON', '1'), ('VTE_VERSION', '6800'), ('CMAKE_PREFIX_PATH', '/home/pawan/yahboomcar_ws_test/yahboomcar_ws/install/test_config:/home/pawan/yahboomcar_ws_test/yahboomcar_ws/install/yahboom_M3Pro_description:/opt/ros/humble')]), 'shell': False}
[0.775522] (arm_msgs) JobProgress: {'identifier': 'arm_msgs', 'progress': 'cmake'}
[0.775695] (arm_msgs) JobProgress: {'identifier': 'arm_msgs', 'progress': 'build'}
[0.775747] (arm_msgs) Command: {'cmd': ['/usr/bin/cmake', '--build', '/home/pawan/yahboomcar_ws_test/yahboomcar_ws/build/arm_msgs', '--', '-j20', '-l20'], 'cwd': '/home/pawan/yahboomcar_ws_test/yahboomcar_ws/build/arm_msgs', 'env': OrderedDict([('LESSOPEN', '| /usr/bin/lesspipe %s'), ('USER', 'pawan'), ('LC_TIME', 'de_DE.UTF-8'), ('XDG_SESSION_TYPE', 'wayland'), ('SHLVL', '1'), ('LD_LIBRARY_PATH', '/usr/lib/x86_64-linux-gnu/gazebo-11/plugins:/opt/ros/humble/opt/rviz_ogre_vendor/lib:/opt/ros/humble/lib/x86_64-linux-gnu:/opt/ros/humble/lib'), ('HOME', '/home/pawan'), ('OLDPWD', '/home/pawan'), ('DESKTOP_SESSION', 'ubuntu'), ('ROS_PYTHON_VERSION', '3'), ('GNOME_SHELL_SESSION_MODE', 'ubuntu'), ('GTK_MODULES', 'gail:atk-bridge'), ('LC_MONETARY', 'de_DE.UTF-8'), ('SYSTEMD_EXEC_PID', '1911'), ('DBUS_SESSION_BUS_ADDRESS', 'unix:path=/run/user/1000/bus'), ('COLORTERM', 'truecolor'), ('IM_CONFIG_PHASE', '1'), ('WAYLAND_DISPLAY', 'wayland-0'), ('COLCON_PREFIX_PATH', '/home/pawan/yahboomcar_ws_test/yahboomcar_ws/install'), ('ROS_DISTRO', 'humble'), ('LOGNAME', 'pawan'), ('_', '/usr/bin/colcon'), ('ROS_VERSION', '2'), ('XDG_SESSION_CLASS', 'user'), ('USERNAME', 'pawan'), ('TERM', 'xterm-256color'), ('GNOME_DESKTOP_SESSION_ID', 'this-is-deprecated'), ('ROS_LOCALHOST_ONLY', '0'), ('PATH', '/opt/ros/humble/bin:/usr/local/sbin:/usr/local/bin:/usr/sbin:/usr/bin:/sbin:/bin:/usr/games:/usr/local/games:/snap/bin:/snap/bin'), ('SESSION_MANAGER', 'local/pawan-LOQ-15IRX10:@/tmp/.ICE-unix/1876,unix/pawan-LOQ-15IRX10:/tmp/.ICE-unix/1876'), ('XDG_MENU_PREFIX', 'gnome-'), ('LC_ADDRESS', 'de_DE.UTF-8'), ('GNOME_TERMINAL_SCREEN', '/org/gnome/Terminal/screen/42b7b4fc_5cda_4550_bcb9_5543ca7d3316'), ('GNOME_SETUP_DISPLAY', ':1'), ('XDG_RUNTIME_DIR', '/run/user/1000'), ('DISPLAY', ':0'), ('LANG', 'en_US.UTF-8'), ('XDG_CURRENT_DESKTOP', 'ubuntu:GNOME'), ('LC_TELEPHONE', 'de_DE.UTF-8'), ('XMODIFIERS', '@im=ibus'), ('XDG_SESSION_DESKTOP', 'ubuntu'), ('XAUTHORITY', '/run/user/1000/.mutter-Xwaylandauth.DQZRR3'), ('LS_COLORS', 'rs=0:di=01;34:ln=01;36:mh=00:pi=40;33:so=01;35:do=01;35:bd=40;33;01:cd=40;33;01:or=40;31;01:mi=00:su=37;41:sg=30;43:ca=30;41:tw=30;42:ow=34;42:st=37;44:ex=01;32:*.tar=01;31:*.tgz=01;31:*.arc=01;31:*.arj=01;31:*.taz=01;31:*.lha=01;31:*.lz4=01;31:*.lzh=01;31:*.lzma=01;31:*.tlz=01;31:*.txz=01;31:*.tzo=01;31:*.t7z=01;31:*.zip=01;31:*.z=01;31:*.dz=01;31:*.gz=01;31:*.lrz=01;31:*.lz=01;31:*.lzo=01;31:*.xz=01;31:*.zst=01;31:*.tzst=01;31:*.bz2=01;31:*.bz=01;31:*.tbz=01;31:*.tbz2=01;31:*.tz=01;31:*.deb=01;31:*.rpm=01;31:*.jar=01;31:*.war=01;31:*.ear=01;31:*.sar=01;31:*.rar=01;31:*.alz=01;31:*.ace=01;31:*.zoo=01;31:*.cpio=01;31:*.7z=01;31:*.rz=01;31:*.cab=01;31:*.wim=01;31:*.swm=01;31:*.dwm=01;31:*.esd=01;31:*.jpg=01;35:*.jpeg=01;35:*.mjpg=01;35:*.mjpeg=01;35:*.gif=01;35:*.bmp=01;35:*.pbm=01;35:*.pgm=01;35:*.ppm=01;35:*.tga=01;35:*.xbm=01;35:*.xpm=01;35:*.tif=01;35:*.tiff=01;35:*.png=01;35:*.svg=01;35:*.svgz=01;35:*.mng=01;35:*.pcx=01;35:*.mov=01;35:*.mpg=01;35:*.mpeg=01;35:*.m2v=01;35:*.mkv=01;35:*.webm=01;35:*.webp=01;35:*.ogm=01;35:*.mp4=01;35:*.m4v=01;35:*.mp4v=01;35:*.vob=01;35:*.qt=01;35:*.nuv=01;35:*.wmv=01;35:*.asf=01;35:*.rm=01;35:*.rmvb=01;35:*.flc=01;35:*.avi=01;35:*.fli=01;35:*.flv=01;35:*.gl=01;35:*.dl=01;35:*.xcf=01;35:*.xwd=01;35:*.yuv=01;35:*.cgm=01;35:*.emf=01;35:*.ogv=01;35:*.ogx=01;35:*.aac=00;36:*.au=00;36:*.flac=00;36:*.m4a=00;36:*.mid=00;36:*.midi=00;36:*.mka=00;36:*.mp3=00;36:*.mpc=00;36:*.ogg=00;36:*.ra=00;36:*.wav=00;36:*.oga=00;36:*.opus=00;36:*.spx=00;36:*.xspf=00;36:'), ('GNOME_TERMINAL_SERVICE', ':1.134'), ('SSH_AGENT_LAUNCHER', 'gnome-keyring'), ('SSH_AUTH_SOCK', '/run/user/1000/keyring/ssh'), ('AMENT_PREFIX_PATH', '/home/pawan/yahboomcar_ws_test/yahboomcar_ws/install/yahboom_M3Pro_description:/home/pawan/yahboomcar_ws_test/yahboomcar_ws/install/test_config:/opt/ros/humble'), ('SHELL', '/bin/bash'), ('LC_NAME', 'de_DE.UTF-8'), ('QT_ACCESSIBILITY', '1'), ('GDMSESSION', 'ubuntu'), ('LESSCLOSE', '/usr/bin/lesspipe %s %s'), ('LC_MEASUREMENT', 'de_DE.UTF-8'), ('LC_IDENTIFICATION', 'de_DE.UTF-8'), ('QT_IM_MODULE', 'ibus'), ('PWD', '/home/pawan/yahboomcar_ws_test/yahboomcar_ws/build/arm_msgs'), ('LC_ALL', 'en_US.UTF-8'), ('XDG_CONFIG_DIRS', '/etc/xdg/xdg-ubuntu:/etc/xdg'), ('XDG_DATA_DIRS', '/usr/share/ubuntu:/usr/local/share/:/usr/share/:/var/lib/snapd/desktop'), ('PYTHONPATH', '/home/pawan/yahboomcar_ws_test/yahboomcar_ws/install/yahboom_M3Pro_description/lib/python3.10/site-packages:/opt/ros/humble/lib/python3.10/site-packages:/opt/ros/humble/local/lib/python3.10/dist-packages'), ('LC_NUMERIC', 'de_DE.UTF-8'), ('LC_PAPER', 'de_DE.UTF-8'), ('COLCON', '1'), ('VTE_VERSION', '6800'), ('CMAKE_PREFIX_PATH', '/home/pawan/yahboomcar_ws_test/yahboomcar_ws/install/test_config:/home/pawan/yahboomcar_ws_test/yahboomcar_ws/install/yahboom_M3Pro_description:/opt/ros/humble')]), 'shell': False}
[0.776765] (test_config) JobProgress: {'identifier': 'test_config', 'progress': 'cmake'}
[0.776835] (test_config) JobProgress: {'identifier': 'test_config', 'progress': 'build'}
[0.776846] (test_config) Command: {'cmd': ['/usr/bin/cmake', '--build', '/home/pawan/yahboomcar_ws_test/yahboomcar_ws/build/test_config', '--', '-j20', '-l20'], 'cwd': '/home/pawan/yahboomcar_ws_test/yahboomcar_ws/build/test_config', 'env': OrderedDict([('LESSOPEN', '| /usr/bin/lesspipe %s'), ('USER', 'pawan'), ('LC_TIME', 'de_DE.UTF-8'), ('XDG_SESSION_TYPE', 'wayland'), ('SHLVL', '1'), ('LD_LIBRARY_PATH', '/usr/lib/x86_64-linux-gnu/gazebo-11/plugins:/opt/ros/humble/opt/rviz_ogre_vendor/lib:/opt/ros/humble/lib/x86_64-linux-gnu:/opt/ros/humble/lib'), ('HOME', '/home/pawan'), ('OLDPWD', '/home/pawan'), ('DESKTOP_SESSION', 'ubuntu'), ('ROS_PYTHON_VERSION', '3'), ('GNOME_SHELL_SESSION_MODE', 'ubuntu'), ('GTK_MODULES', 'gail:atk-bridge'), ('LC_MONETARY', 'de_DE.UTF-8'), ('SYSTEMD_EXEC_PID', '1911'), ('DBUS_SESSION_BUS_ADDRESS', 'unix:path=/run/user/1000/bus'), ('COLORTERM', 'truecolor'), ('IM_CONFIG_PHASE', '1'), ('WAYLAND_DISPLAY', 'wayland-0'), ('COLCON_PREFIX_PATH', '/home/pawan/yahboomcar_ws_test/yahboomcar_ws/install'), ('ROS_DISTRO', 'humble'), ('LOGNAME', 'pawan'), ('_', '/usr/bin/colcon'), ('ROS_VERSION', '2'), ('XDG_SESSION_CLASS', 'user'), ('USERNAME', 'pawan'), ('TERM', 'xterm-256color'), ('GNOME_DESKTOP_SESSION_ID', 'this-is-deprecated'), ('ROS_LOCALHOST_ONLY', '0'), ('PATH', '/opt/ros/humble/bin:/usr/local/sbin:/usr/local/bin:/usr/sbin:/usr/bin:/sbin:/bin:/usr/games:/usr/local/games:/snap/bin:/snap/bin'), ('SESSION_MANAGER', 'local/pawan-LOQ-15IRX10:@/tmp/.ICE-unix/1876,unix/pawan-LOQ-15IRX10:/tmp/.ICE-unix/1876'), ('XDG_MENU_PREFIX', 'gnome-'), ('LC_ADDRESS', 'de_DE.UTF-8'), ('GNOME_TERMINAL_SCREEN', '/org/gnome/Terminal/screen/42b7b4fc_5cda_4550_bcb9_5543ca7d3316'), ('GNOME_SETUP_DISPLAY', ':1'), ('XDG_RUNTIME_DIR', '/run/user/1000'), ('DISPLAY', ':0'), ('LANG', 'en_US.UTF-8'), ('XDG_CURRENT_DESKTOP', 'ubuntu:GNOME'), ('LC_TELEPHONE', 'de_DE.UTF-8'), ('XMODIFIERS', '@im=ibus'), ('XDG_SESSION_DESKTOP', 'ubuntu'), ('XAUTHORITY', '/run/user/1000/.mutter-Xwaylandauth.DQZRR3'), ('LS_COLORS', 'rs=0:di=01;34:ln=01;36:mh=00:pi=40;33:so=01;35:do=01;35:bd=40;33;01:cd=40;33;01:or=40;31;01:mi=00:su=37;41:sg=30;43:ca=30;41:tw=30;42:ow=34;42:st=37;44:ex=01;32:*.tar=01;31:*.tgz=01;31:*.arc=01;31:*.arj=01;31:*.taz=01;31:*.lha=01;31:*.lz4=01;31:*.lzh=01;31:*.lzma=01;31:*.tlz=01;31:*.txz=01;31:*.tzo=01;31:*.t7z=01;31:*.zip=01;31:*.z=01;31:*.dz=01;31:*.gz=01;31:*.lrz=01;31:*.lz=01;31:*.lzo=01;31:*.xz=01;31:*.zst=01;31:*.tzst=01;31:*.bz2=01;31:*.bz=01;31:*.tbz=01;31:*.tbz2=01;31:*.tz=01;31:*.deb=01;31:*.rpm=01;31:*.jar=01;31:*.war=01;31:*.ear=01;31:*.sar=01;31:*.rar=01;31:*.alz=01;31:*.ace=01;31:*.zoo=01;31:*.cpio=01;31:*.7z=01;31:*.rz=01;31:*.cab=01;31:*.wim=01;31:*.swm=01;31:*.dwm=01;31:*.esd=01;31:*.jpg=01;35:*.jpeg=01;35:*.mjpg=01;35:*.mjpeg=01;35:*.gif=01;35:*.bmp=01;35:*.pbm=01;35:*.pgm=01;35:*.ppm=01;35:*.tga=01;35:*.xbm=01;35:*.xpm=01;35:*.tif=01;35:*.tiff=01;35:*.png=01;35:*.svg=01;35:*.svgz=01;35:*.mng=01;35:*.pcx=01;35:*.mov=01;35:*.mpg=01;35:*.mpeg=01;35:*.m2v=01;35:*.mkv=01;35:*.webm=01;35:*.webp=01;35:*.ogm=01;35:*.mp4=01;35:*.m4v=01;35:*.mp4v=01;35:*.vob=01;35:*.qt=01;35:*.nuv=01;35:*.wmv=01;35:*.asf=01;35:*.rm=01;35:*.rmvb=01;35:*.flc=01;35:*.avi=01;35:*.fli=01;35:*.flv=01;35:*.gl=01;35:*.dl=01;35:*.xcf=01;35:*.xwd=01;35:*.yuv=01;35:*.cgm=01;35:*.emf=01;35:*.ogv=01;35:*.ogx=01;35:*.aac=00;36:*.au=00;36:*.flac=00;36:*.m4a=00;36:*.mid=00;36:*.midi=00;36:*.mka=00;36:*.mp3=00;36:*.mpc=00;36:*.ogg=00;36:*.ra=00;36:*.wav=00;36:*.oga=00;36:*.opus=00;36:*.spx=00;36:*.xspf=00;36:'), ('GNOME_TERMINAL_SERVICE', ':1.134'), ('SSH_AGENT_LAUNCHER', 'gnome-keyring'), ('SSH_AUTH_SOCK', '/run/user/1000/keyring/ssh'), ('AMENT_PREFIX_PATH', '/home/pawan/yahboomcar_ws_test/yahboomcar_ws/install/yahboom_M3Pro_description:/home/pawan/yahboomcar_ws_test/yahboomcar_ws/install/test_config:/opt/ros/humble'), ('SHELL', '/bin/bash'), ('LC_NAME', 'de_DE.UTF-8'), ('QT_ACCESSIBILITY', '1'), ('GDMSESSION', 'ubuntu'), ('LESSCLOSE', '/usr/bin/lesspipe %s %s'), ('LC_MEASUREMENT', 'de_DE.UTF-8'), ('LC_IDENTIFICATION', 'de_DE.UTF-8'), ('QT_IM_MODULE', 'ibus'), ('PWD', '/home/pawan/yahboomcar_ws_test/yahboomcar_ws/build/test_config'), ('LC_ALL', 'en_US.UTF-8'), ('XDG_CONFIG_DIRS', '/etc/xdg/xdg-ubuntu:/etc/xdg'), ('XDG_DATA_DIRS', '/usr/share/ubuntu:/usr/local/share/:/usr/share/:/var/lib/snapd/desktop'), ('PYTHONPATH', '/home/pawan/yahboomcar_ws_test/yahboomcar_ws/install/yahboom_M3Pro_description/lib/python3.10/site-packages:/opt/ros/humble/lib/python3.10/site-packages:/opt/ros/humble/local/lib/python3.10/dist-packages'), ('LC_NUMERIC', 'de_DE.UTF-8'), ('LC_PAPER', 'de_DE.UTF-8'), ('COLCON', '1'), ('VTE_VERSION', '6800'), ('CMAKE_PREFIX_PATH', '/home/pawan/yahboomcar_ws_test/yahboomcar_ws/install/test_config:/home/pawan/yahboomcar_ws_test/yahboomcar_ws/install/yahboom_M3Pro_description:/opt/ros/humble')]), 'shell': False}
[0.802461] (-) TimerEvent: {}
[0.902811] (-) TimerEvent: {}
[1.003066] (-) TimerEvent: {}
[1.103392] (-) TimerEvent: {}
[1.203739] (-) TimerEvent: {}
[1.300954] (arm_interface) StdoutLine: {'line': b'\x1b[35m\x1b[1mConsolidate compiler generated dependencies of target arm_interface__rosidl_generator_c\x1b[0m\n'}
[1.301563] (arm_interface) StdoutLine: {'line': b'[  1%] Built target arm_interface__rs\n'}
[1.301615] (arm_interface) StdoutLine: {'line': b'[  2%] Built target arm_interface__cpp\n'}
[1.301654] (arm_interface) StdoutLine: {'line': b'[ 13%] Built target arm_interface__rosidl_generator_c\n'}
[1.301689] (arm_interface) StdoutLine: {'line': b'[ 13%] Built target ament_cmake_python_copy_arm_interface\n'}
[1.301723] (arm_interface) StdoutLine: {'line': b'\x1b[35m\x1b[1mConsolidate compiler generated dependencies of target arm_interface__rosidl_typesupport_cpp\x1b[0m\n'}
[1.301759] (arm_interface) StdoutLine: {'line': b'\x1b[35m\x1b[1mConsolidate compiler generated dependencies of target arm_interface__rosidl_typesupport_introspection_cpp\x1b[0m\n'}
[1.301794] (arm_interface) StdoutLine: {'line': b'\x1b[35m\x1b[1mConsolidate compiler generated dependencies of target arm_interface__rosidl_typesupport_c\x1b[0m\n'}
[1.301825] (arm_interface) StdoutLine: {'line': b'\x1b[35m\x1b[1mConsolidate compiler generated dependencies of target arm_interface__rosidl_typesupport_introspection_c\x1b[0m\n'}
[1.301855] (arm_interface) StdoutLine: {'line': b'\x1b[35m\x1b[1mConsolidate compiler generated dependencies of target arm_interface__rosidl_typesupport_fastrtps_cpp\x1b[0m\n'}
[1.301885] (arm_interface) StdoutLine: {'line': b'[ 25%] Built target arm_interface__rosidl_typesupport_c\n'}
[1.302141] (arm_interface) StdoutLine: {'line': b'\x1b[35m\x1b[1mConsolidate compiler generated dependencies of target arm_interface__rosidl_typesupport_fastrtps_c\x1b[0m\n'}
[1.302176] (arm_interface) StdoutLine: {'line': b'[ 36%] Built target arm_interface__rosidl_typesupport_introspection_c\n'}
[1.302210] (arm_interface) StdoutLine: {'line': b'[ 47%] Built target arm_interface__rosidl_typesupport_introspection_cpp\n'}
[1.302242] (arm_interface) StdoutLine: {'line': b'[ 59%] Built target arm_interface__rosidl_typesupport_cpp\n'}
[1.302274] (arm_interface) StdoutLine: {'line': b'[ 70%] Built target arm_interface__rosidl_typesupport_fastrtps_cpp\n'}
[1.302307] (arm_interface) StdoutLine: {'line': b'[ 82%] Built target arm_interface__rosidl_typesupport_fastrtps_c\n'}
[1.302339] (arm_interface) StdoutLine: {'line': b'[ 82%] Built target arm_interface\n'}
[1.302370] (arm_interface) StdoutLine: {'line': b'[ 83%] Built target arm_interface__py\n'}
[1.302400] (arm_interface) StdoutLine: {'line': b'\x1b[35m\x1b[1mConsolidate compiler generated dependencies of target arm_interface__rosidl_generator_py\x1b[0m\n'}
[1.302432] (arm_interface) StdoutLine: {'line': b'[ 93%] Built target arm_interface__rosidl_generator_py\n'}
[1.302464] (arm_interface) StdoutLine: {'line': b'\x1b[35m\x1b[1mConsolidate compiler generated dependencies of target arm_interface__rosidl_typesupport_fastrtps_c__pyext\x1b[0m\n'}
[1.302497] (arm_interface) StdoutLine: {'line': b'\x1b[35m\x1b[1mConsolidate compiler generated dependencies of target arm_interface__rosidl_typesupport_c__pyext\x1b[0m\n'}
[1.302528] (arm_interface) StdoutLine: {'line': b'\x1b[35m\x1b[1mConsolidate compiler generated dependencies of target arm_interface__rosidl_typesupport_introspection_c__pyext\x1b[0m\n'}
[1.302560] (arm_interface) StdoutLine: {'line': b'[ 95%] Built target arm_interface__rosidl_typesupport_fastrtps_c__pyext\n'}
[1.302593] (arm_interface) StdoutLine: {'line': b'[100%] Built target arm_interface__rosidl_typesupport_c__pyext\n'}
[1.302625] (arm_interface) StdoutLine: {'line': b'[100%] Built target arm_interface__rosidl_typesupport_introspection_c__pyext\n'}
[1.302657] (arm_interface) StdoutLine: {'line': b'running egg_info\n'}
[1.302688] (arm_interface) StdoutLine: {'line': b'writing arm_interface.egg-info/PKG-INFO\n'}
[1.302722] (arm_interface) StdoutLine: {'line': b'writing dependency_links to arm_interface.egg-info/dependency_links.txt\n'}
[1.302758] (arm_interface) StdoutLine: {'line': b'writing top-level names to arm_interface.egg-info/top_level.txt\n'}
[1.302791] (arm_interface) StdoutLine: {'line': b"reading manifest file 'arm_interface.egg-info/SOURCES.txt'\n"}
[1.302821] (arm_interface) StdoutLine: {'line': b"writing manifest file 'arm_interface.egg-info/SOURCES.txt'\n"}
[1.302852] (arm_interface) StdoutLine: {'line': b'[100%] Built target ament_cmake_python_build_arm_interface_egg\n'}
[1.302884] (arm_kin) StdoutLine: {'line': b'-- Found ament_cmake: 1.3.14 (/opt/ros/humble/share/ament_cmake/cmake)\n'}
[1.303007] (arm_kin) StdoutLine: {'line': b'-- Found rclcpp: 16.0.19 (/opt/ros/humble/share/rclcpp/cmake)\n'}
[1.303042] (arm_kin) StdoutLine: {'line': b'-- Found rosidl_generator_c: 3.1.8 (/opt/ros/humble/share/rosidl_generator_c/cmake)\n'}
[1.303074] (arm_kin) StdoutLine: {'line': b'-- Found rosidl_adapter: 3.1.8 (/opt/ros/humble/share/rosidl_adapter/cmake)\n'}
[1.303107] (arm_kin) StdoutLine: {'line': b'-- Found rosidl_generator_cpp: 3.1.8 (/opt/ros/humble/share/rosidl_generator_cpp/cmake)\n'}
[1.303139] (arm_kin) StdoutLine: {'line': b'-- Using all available rosidl_typesupport_c: rosidl_typesupport_fastrtps_c;rosidl_typesupport_introspection_c\n'}
[1.303171] (arm_kin) StdoutLine: {'line': b'-- Using all available rosidl_typesupport_cpp: rosidl_typesupport_fastrtps_cpp;rosidl_typesupport_introspection_cpp\n'}
[1.303203] (arm_kin) StdoutLine: {'line': b'-- Found rmw_implementation_cmake: 6.1.2 (/opt/ros/humble/share/rmw_implementation_cmake/cmake)\n'}
[1.303235] (arm_kin) StdoutLine: {'line': b'-- Found rmw_fastrtps_cpp: 6.2.10 (/opt/ros/humble/share/rmw_fastrtps_cpp/cmake)\n'}
[1.303296] (arm_kin) StdoutLine: {'line': b"-- Using RMW implementation 'rmw_fastrtps_cpp' as default\n"}
[1.303330] (arm_kin) StdoutLine: {'line': b'-- Configuring incomplete, errors occurred!\n'}
[1.303363] (arm_kin) StdoutLine: {'line': b'See also "/home/pawan/yahboomcar_ws_test/yahboomcar_ws/build/arm_kin/CMakeFiles/CMakeOutput.log".\n'}
[1.303396] (arm_msgs) StdoutLine: {'line': b'\x1b[35m\x1b[1mConsolidate compiler generated dependencies of target arm_msgs__rosidl_generator_c\x1b[0m\n'}
[1.303519] (arm_msgs) StdoutLine: {'line': b'[  2%] Built target arm_msgs__cpp\n'}
[1.303556] (arm_msgs) StdoutLine: {'line': b'[ 12%] Built target arm_msgs__rosidl_generator_c\n'}
[1.303589] (arm_msgs) StdoutLine: {'line': b'[ 15%] Built target arm_msgs__rs\n'}
[1.303621] (arm_msgs) StdoutLine: {'line': b'[ 15%] Built target ament_cmake_python_copy_arm_msgs\n'}
[1.303653] (arm_msgs) StdoutLine: {'line': b'\x1b[35m\x1b[1mConsolidate compiler generated dependencies of target arm_msgs__rosidl_typesupport_fastrtps_cpp\x1b[0m\n'}
[1.303684] (arm_msgs) StdoutLine: {'line': b'\x1b[35m\x1b[1mConsolidate compiler generated dependencies of target arm_msgs__rosidl_typesupport_fastrtps_c\x1b[0m\n'}
[1.303714] (arm_msgs) StdoutLine: {'line': b'\x1b[35m\x1b[1mConsolidate compiler generated dependencies of target arm_msgs__rosidl_typesupport_introspection_cpp\x1b[0m\n'}
[1.303745] (-) TimerEvent: {}
[1.303964] (arm_msgs) StdoutLine: {'line': b'\x1b[35m\x1b[1mConsolidate compiler generated dependencies of target arm_msgs__rosidl_typesupport_cpp\x1b[0m\n'}
[1.304017] (arm_msgs) StdoutLine: {'line': b'\x1b[35m\x1b[1mConsolidate compiler generated dependencies of target arm_msgs__rosidl_typesupport_introspection_c\x1b[0m\n'}
[1.304053] (arm_msgs) StdoutLine: {'line': b'\x1b[35m\x1b[1mConsolidate compiler generated dependencies of target arm_msgs__rosidl_typesupport_c\x1b[0m\n'}
[1.304086] (arm_msgs) StdoutLine: {'line': b'[ 25%] Built target arm_msgs__rosidl_typesupport_fastrtps_cpp\n'}
[1.304121] (arm_msgs) StdoutLine: {'line': b'[ 35%] Built target arm_msgs__rosidl_typesupport_fastrtps_c\n'}
[1.304156] (arm_msgs) StdoutLine: {'line': b'[ 45%] Built target arm_msgs__rosidl_typesupport_c\n'}
[1.304189] (arm_msgs) StdoutLine: {'line': b'[ 55%] Built target arm_msgs__rosidl_typesupport_introspection_c\n'}
[1.304222] (arm_msgs) StdoutLine: {'line': b'[ 65%] Built target arm_msgs__rosidl_typesupport_introspection_cpp\n'}
[1.304254] (arm_msgs) StdoutLine: {'line': b'[ 75%] Built target arm_msgs__rosidl_typesupport_cpp\n'}
[1.304284] (arm_msgs) StdoutLine: {'line': b'[ 75%] Built target arm_msgs\n'}
[1.304317] (arm_msgs) StdoutLine: {'line': b'[ 77%] Built target arm_msgs__py\n'}
[1.304348] (arm_msgs) StdoutLine: {'line': b'\x1b[35m\x1b[1mConsolidate compiler generated dependencies of target arm_msgs__rosidl_generator_py\x1b[0m\n'}
[1.304380] (arm_msgs) StdoutLine: {'line': b'[ 85%] Built target arm_msgs__rosidl_generator_py\n'}
[1.304412] (arm_msgs) StdoutLine: {'line': b'\x1b[35m\x1b[1mConsolidate compiler generated dependencies of target arm_msgs__rosidl_typesupport_c__pyext\x1b[0m\n'}
[1.304444] (arm_msgs) StdoutLine: {'line': b'\x1b[35m\x1b[1mConsolidate compiler generated dependencies of target arm_msgs__rosidl_typesupport_introspection_c__pyext\x1b[0m\n'}
[1.304477] (arm_msgs) StdoutLine: {'line': b'\x1b[35m\x1b[1mConsolidate compiler generated dependencies of target arm_msgs__rosidl_typesupport_fastrtps_c__pyext\x1b[0m\n'}
[1.304509] (arm_msgs) StdoutLine: {'line': b'[100%] Built target arm_msgs__rosidl_typesupport_fastrtps_c__pyext\n'}
[1.304540] (arm_msgs) StdoutLine: {'line': b'[100%] Built target arm_msgs__rosidl_typesupport_introspection_c__pyext\n'}
[1.304572] (arm_msgs) StdoutLine: {'line': b'[100%] Built target arm_msgs__rosidl_typesupport_c__pyext\n'}
[1.304603] (arm_msgs) StdoutLine: {'line': b'running egg_info\n'}
[1.304634] (arm_msgs) StdoutLine: {'line': b'writing arm_msgs.egg-info/PKG-INFO\n'}
[1.304666] (arm_msgs) StdoutLine: {'line': b'writing dependency_links to arm_msgs.egg-info/dependency_links.txt\n'}
[1.304714] (arm_msgs) StdoutLine: {'line': b'writing top-level names to arm_msgs.egg-info/top_level.txt\n'}
[1.304746] (arm_msgs) StdoutLine: {'line': b"reading manifest file 'arm_msgs.egg-info/SOURCES.txt'\n"}
[1.304784] (arm_msgs) StdoutLine: {'line': b"writing manifest file 'arm_msgs.egg-info/SOURCES.txt'\n"}
[1.304816] (arm_msgs) StdoutLine: {'line': b'[100%] Built target ament_cmake_python_build_arm_msgs_egg\n'}
[1.304849] (arm_kin) StderrLine: {'line': b'\x1b[31mCMake Error at CMakeLists.txt:13 (find_package):\n'}
[1.304934] (arm_kin) StderrLine: {'line': b'  By not providing "Findarm_interface.cmake" in CMAKE_MODULE_PATH this\n'}
[1.304969] (arm_kin) StderrLine: {'line': b'  project has asked CMake to find a package configuration file provided by\n'}
[1.305001] (arm_kin) StderrLine: {'line': b'  "arm_interface", but CMake did not find one.\n'}
[1.305031] (arm_kin) StderrLine: {'line': b'\n'}
[1.305062] (arm_kin) StderrLine: {'line': b'  Could not find a package configuration file provided by "arm_interface"\n'}
[1.305092] (arm_kin) StderrLine: {'line': b'  with any of the following names:\n'}
[1.305123] (arm_kin) StderrLine: {'line': b'\n'}
[1.305152] (arm_kin) StderrLine: {'line': b'    arm_interfaceConfig.cmake\n'}
[1.305180] (arm_kin) StderrLine: {'line': b'    arm_interface-config.cmake\n'}
[1.305209] (arm_kin) StderrLine: {'line': b'\n'}
[1.305238] (arm_kin) StderrLine: {'line': b'  Add the installation prefix of "arm_interface" to CMAKE_PREFIX_PATH or set\n'}
[1.305268] (arm_kin) StderrLine: {'line': b'  "arm_interface_DIR" to a directory containing one of the above files.  If\n'}
[1.305299] (arm_kin) StderrLine: {'line': b'  "arm_interface" provides a separate development package or SDK, be sure it\n'}
[1.305327] (arm_kin) StderrLine: {'line': b'  has been installed.\n'}
[1.305356] (arm_kin) StderrLine: {'line': b'\n'}
[1.305386] (arm_kin) StderrLine: {'line': b'\x1b[0m\n'}
[1.305416] (yahboomcar_msgs) JobProgress: {'identifier': 'yahboomcar_msgs', 'progress': 'cmake'}
[1.305585] (yahboomcar_msgs) JobProgress: {'identifier': 'yahboomcar_msgs', 'progress': 'build'}
[1.305722] (yahboomcar_msgs) Command: {'cmd': ['/usr/bin/cmake', '--build', '/home/pawan/yahboomcar_ws_test/yahboomcar_ws/build/yahboomcar_msgs', '--', '-j20', '-l20'], 'cwd': '/home/pawan/yahboomcar_ws_test/yahboomcar_ws/build/yahboomcar_msgs', 'env': OrderedDict([('LESSOPEN', '| /usr/bin/lesspipe %s'), ('USER', 'pawan'), ('LC_TIME', 'de_DE.UTF-8'), ('XDG_SESSION_TYPE', 'wayland'), ('SHLVL', '1'), ('LD_LIBRARY_PATH', '/usr/lib/x86_64-linux-gnu/gazebo-11/plugins:/opt/ros/humble/opt/rviz_ogre_vendor/lib:/opt/ros/humble/lib/x86_64-linux-gnu:/opt/ros/humble/lib'), ('HOME', '/home/pawan'), ('OLDPWD', '/home/pawan'), ('DESKTOP_SESSION', 'ubuntu'), ('ROS_PYTHON_VERSION', '3'), ('GNOME_SHELL_SESSION_MODE', 'ubuntu'), ('GTK_MODULES', 'gail:atk-bridge'), ('LC_MONETARY', 'de_DE.UTF-8'), ('SYSTEMD_EXEC_PID', '1911'), ('DBUS_SESSION_BUS_ADDRESS', 'unix:path=/run/user/1000/bus'), ('COLORTERM', 'truecolor'), ('IM_CONFIG_PHASE', '1'), ('WAYLAND_DISPLAY', 'wayland-0'), ('COLCON_PREFIX_PATH', '/home/pawan/yahboomcar_ws_test/yahboomcar_ws/install'), ('ROS_DISTRO', 'humble'), ('LOGNAME', 'pawan'), ('_', '/usr/bin/colcon'), ('ROS_VERSION', '2'), ('XDG_SESSION_CLASS', 'user'), ('USERNAME', 'pawan'), ('TERM', 'xterm-256color'), ('GNOME_DESKTOP_SESSION_ID', 'this-is-deprecated'), ('ROS_LOCALHOST_ONLY', '0'), ('PATH', '/opt/ros/humble/bin:/usr/local/sbin:/usr/local/bin:/usr/sbin:/usr/bin:/sbin:/bin:/usr/games:/usr/local/games:/snap/bin:/snap/bin'), ('SESSION_MANAGER', 'local/pawan-LOQ-15IRX10:@/tmp/.ICE-unix/1876,unix/pawan-LOQ-15IRX10:/tmp/.ICE-unix/1876'), ('XDG_MENU_PREFIX', 'gnome-'), ('LC_ADDRESS', 'de_DE.UTF-8'), ('GNOME_TERMINAL_SCREEN', '/org/gnome/Terminal/screen/42b7b4fc_5cda_4550_bcb9_5543ca7d3316'), ('GNOME_SETUP_DISPLAY', ':1'), ('XDG_RUNTIME_DIR', '/run/user/1000'), ('DISPLAY', ':0'), ('LANG', 'en_US.UTF-8'), ('XDG_CURRENT_DESKTOP', 'ubuntu:GNOME'), ('LC_TELEPHONE', 'de_DE.UTF-8'), ('XMODIFIERS', '@im=ibus'), ('XDG_SESSION_DESKTOP', 'ubuntu'), ('XAUTHORITY', '/run/user/1000/.mutter-Xwaylandauth.DQZRR3'), ('LS_COLORS', 'rs=0:di=01;34:ln=01;36:mh=00:pi=40;33:so=01;35:do=01;35:bd=40;33;01:cd=40;33;01:or=40;31;01:mi=00:su=37;41:sg=30;43:ca=30;41:tw=30;42:ow=34;42:st=37;44:ex=01;32:*.tar=01;31:*.tgz=01;31:*.arc=01;31:*.arj=01;31:*.taz=01;31:*.lha=01;31:*.lz4=01;31:*.lzh=01;31:*.lzma=01;31:*.tlz=01;31:*.txz=01;31:*.tzo=01;31:*.t7z=01;31:*.zip=01;31:*.z=01;31:*.dz=01;31:*.gz=01;31:*.lrz=01;31:*.lz=01;31:*.lzo=01;31:*.xz=01;31:*.zst=01;31:*.tzst=01;31:*.bz2=01;31:*.bz=01;31:*.tbz=01;31:*.tbz2=01;31:*.tz=01;31:*.deb=01;31:*.rpm=01;31:*.jar=01;31:*.war=01;31:*.ear=01;31:*.sar=01;31:*.rar=01;31:*.alz=01;31:*.ace=01;31:*.zoo=01;31:*.cpio=01;31:*.7z=01;31:*.rz=01;31:*.cab=01;31:*.wim=01;31:*.swm=01;31:*.dwm=01;31:*.esd=01;31:*.jpg=01;35:*.jpeg=01;35:*.mjpg=01;35:*.mjpeg=01;35:*.gif=01;35:*.bmp=01;35:*.pbm=01;35:*.pgm=01;35:*.ppm=01;35:*.tga=01;35:*.xbm=01;35:*.xpm=01;35:*.tif=01;35:*.tiff=01;35:*.png=01;35:*.svg=01;35:*.svgz=01;35:*.mng=01;35:*.pcx=01;35:*.mov=01;35:*.mpg=01;35:*.mpeg=01;35:*.m2v=01;35:*.mkv=01;35:*.webm=01;35:*.webp=01;35:*.ogm=01;35:*.mp4=01;35:*.m4v=01;35:*.mp4v=01;35:*.vob=01;35:*.qt=01;35:*.nuv=01;35:*.wmv=01;35:*.asf=01;35:*.rm=01;35:*.rmvb=01;35:*.flc=01;35:*.avi=01;35:*.fli=01;35:*.flv=01;35:*.gl=01;35:*.dl=01;35:*.xcf=01;35:*.xwd=01;35:*.yuv=01;35:*.cgm=01;35:*.emf=01;35:*.ogv=01;35:*.ogx=01;35:*.aac=00;36:*.au=00;36:*.flac=00;36:*.m4a=00;36:*.mid=00;36:*.midi=00;36:*.mka=00;36:*.mp3=00;36:*.mpc=00;36:*.ogg=00;36:*.ra=00;36:*.wav=00;36:*.oga=00;36:*.opus=00;36:*.spx=00;36:*.xspf=00;36:'), ('GNOME_TERMINAL_SERVICE', ':1.134'), ('SSH_AGENT_LAUNCHER', 'gnome-keyring'), ('SSH_AUTH_SOCK', '/run/user/1000/keyring/ssh'), ('AMENT_PREFIX_PATH', '/home/pawan/yahboomcar_ws_test/yahboomcar_ws/install/yahboom_M3Pro_description:/home/pawan/yahboomcar_ws_test/yahboomcar_ws/install/test_config:/opt/ros/humble'), ('SHELL', '/bin/bash'), ('LC_NAME', 'de_DE.UTF-8'), ('QT_ACCESSIBILITY', '1'), ('GDMSESSION', 'ubuntu'), ('LESSCLOSE', '/usr/bin/lesspipe %s %s'), ('LC_MEASUREMENT', 'de_DE.UTF-8'), ('LC_IDENTIFICATION', 'de_DE.UTF-8'), ('QT_IM_MODULE', 'ibus'), ('PWD', '/home/pawan/yahboomcar_ws_test/yahboomcar_ws/build/yahboomcar_msgs'), ('LC_ALL', 'en_US.UTF-8'), ('XDG_CONFIG_DIRS', '/etc/xdg/xdg-ubuntu:/etc/xdg'), ('XDG_DATA_DIRS', '/usr/share/ubuntu:/usr/local/share/:/usr/share/:/var/lib/snapd/desktop'), ('PYTHONPATH', '/home/pawan/yahboomcar_ws_test/yahboomcar_ws/install/yahboom_M3Pro_description/lib/python3.10/site-packages:/opt/ros/humble/lib/python3.10/site-packages:/opt/ros/humble/local/lib/python3.10/dist-packages'), ('LC_NUMERIC', 'de_DE.UTF-8'), ('LC_PAPER', 'de_DE.UTF-8'), ('COLCON', '1'), ('VTE_VERSION', '6800'), ('CMAKE_PREFIX_PATH', '/home/pawan/yahboomcar_ws_test/yahboomcar_ws/install/test_config:/home/pawan/yahboomcar_ws_test/yahboomcar_ws/install/yahboom_M3Pro_description:/opt/ros/humble')]), 'shell': False}
[1.308542] (arm_interface) CommandEnded: {'returncode': 0}
[1.309222] (arm_interface) JobProgress: {'identifier': 'arm_interface', 'progress': 'install'}
[1.317021] (arm_interface) Command: {'cmd': ['/usr/bin/cmake', '--install', '/home/pawan/yahboomcar_ws_test/yahboomcar_ws/build/arm_interface'], 'cwd': '/home/pawan/yahboomcar_ws_test/yahboomcar_ws/build/arm_interface', 'env': OrderedDict([('LESSOPEN', '| /usr/bin/lesspipe %s'), ('USER', 'pawan'), ('LC_TIME', 'de_DE.UTF-8'), ('XDG_SESSION_TYPE', 'wayland'), ('SHLVL', '1'), ('LD_LIBRARY_PATH', '/usr/lib/x86_64-linux-gnu/gazebo-11/plugins:/opt/ros/humble/opt/rviz_ogre_vendor/lib:/opt/ros/humble/lib/x86_64-linux-gnu:/opt/ros/humble/lib'), ('HOME', '/home/pawan'), ('OLDPWD', '/home/pawan'), ('DESKTOP_SESSION', 'ubuntu'), ('ROS_PYTHON_VERSION', '3'), ('GNOME_SHELL_SESSION_MODE', 'ubuntu'), ('GTK_MODULES', 'gail:atk-bridge'), ('LC_MONETARY', 'de_DE.UTF-8'), ('SYSTEMD_EXEC_PID', '1911'), ('DBUS_SESSION_BUS_ADDRESS', 'unix:path=/run/user/1000/bus'), ('COLORTERM', 'truecolor'), ('IM_CONFIG_PHASE', '1'), ('WAYLAND_DISPLAY', 'wayland-0'), ('COLCON_PREFIX_PATH', '/home/pawan/yahboomcar_ws_test/yahboomcar_ws/install'), ('ROS_DISTRO', 'humble'), ('LOGNAME', 'pawan'), ('_', '/usr/bin/colcon'), ('ROS_VERSION', '2'), ('XDG_SESSION_CLASS', 'user'), ('USERNAME', 'pawan'), ('TERM', 'xterm-256color'), ('GNOME_DESKTOP_SESSION_ID', 'this-is-deprecated'), ('ROS_LOCALHOST_ONLY', '0'), ('PATH', '/opt/ros/humble/bin:/usr/local/sbin:/usr/local/bin:/usr/sbin:/usr/bin:/sbin:/bin:/usr/games:/usr/local/games:/snap/bin:/snap/bin'), ('SESSION_MANAGER', 'local/pawan-LOQ-15IRX10:@/tmp/.ICE-unix/1876,unix/pawan-LOQ-15IRX10:/tmp/.ICE-unix/1876'), ('XDG_MENU_PREFIX', 'gnome-'), ('LC_ADDRESS', 'de_DE.UTF-8'), ('GNOME_TERMINAL_SCREEN', '/org/gnome/Terminal/screen/42b7b4fc_5cda_4550_bcb9_5543ca7d3316'), ('GNOME_SETUP_DISPLAY', ':1'), ('XDG_RUNTIME_DIR', '/run/user/1000'), ('DISPLAY', ':0'), ('LANG', 'en_US.UTF-8'), ('XDG_CURRENT_DESKTOP', 'ubuntu:GNOME'), ('LC_TELEPHONE', 'de_DE.UTF-8'), ('XMODIFIERS', '@im=ibus'), ('XDG_SESSION_DESKTOP', 'ubuntu'), ('XAUTHORITY', '/run/user/1000/.mutter-Xwaylandauth.DQZRR3'), ('LS_COLORS', 'rs=0:di=01;34:ln=01;36:mh=00:pi=40;33:so=01;35:do=01;35:bd=40;33;01:cd=40;33;01:or=40;31;01:mi=00:su=37;41:sg=30;43:ca=30;41:tw=30;42:ow=34;42:st=37;44:ex=01;32:*.tar=01;31:*.tgz=01;31:*.arc=01;31:*.arj=01;31:*.taz=01;31:*.lha=01;31:*.lz4=01;31:*.lzh=01;31:*.lzma=01;31:*.tlz=01;31:*.txz=01;31:*.tzo=01;31:*.t7z=01;31:*.zip=01;31:*.z=01;31:*.dz=01;31:*.gz=01;31:*.lrz=01;31:*.lz=01;31:*.lzo=01;31:*.xz=01;31:*.zst=01;31:*.tzst=01;31:*.bz2=01;31:*.bz=01;31:*.tbz=01;31:*.tbz2=01;31:*.tz=01;31:*.deb=01;31:*.rpm=01;31:*.jar=01;31:*.war=01;31:*.ear=01;31:*.sar=01;31:*.rar=01;31:*.alz=01;31:*.ace=01;31:*.zoo=01;31:*.cpio=01;31:*.7z=01;31:*.rz=01;31:*.cab=01;31:*.wim=01;31:*.swm=01;31:*.dwm=01;31:*.esd=01;31:*.jpg=01;35:*.jpeg=01;35:*.mjpg=01;35:*.mjpeg=01;35:*.gif=01;35:*.bmp=01;35:*.pbm=01;35:*.pgm=01;35:*.ppm=01;35:*.tga=01;35:*.xbm=01;35:*.xpm=01;35:*.tif=01;35:*.tiff=01;35:*.png=01;35:*.svg=01;35:*.svgz=01;35:*.mng=01;35:*.pcx=01;35:*.mov=01;35:*.mpg=01;35:*.mpeg=01;35:*.m2v=01;35:*.mkv=01;35:*.webm=01;35:*.webp=01;35:*.ogm=01;35:*.mp4=01;35:*.m4v=01;35:*.mp4v=01;35:*.vob=01;35:*.qt=01;35:*.nuv=01;35:*.wmv=01;35:*.asf=01;35:*.rm=01;35:*.rmvb=01;35:*.flc=01;35:*.avi=01;35:*.fli=01;35:*.flv=01;35:*.gl=01;35:*.dl=01;35:*.xcf=01;35:*.xwd=01;35:*.yuv=01;35:*.cgm=01;35:*.emf=01;35:*.ogv=01;35:*.ogx=01;35:*.aac=00;36:*.au=00;36:*.flac=00;36:*.m4a=00;36:*.mid=00;36:*.midi=00;36:*.mka=00;36:*.mp3=00;36:*.mpc=00;36:*.ogg=00;36:*.ra=00;36:*.wav=00;36:*.oga=00;36:*.opus=00;36:*.spx=00;36:*.xspf=00;36:'), ('GNOME_TERMINAL_SERVICE', ':1.134'), ('SSH_AGENT_LAUNCHER', 'gnome-keyring'), ('SSH_AUTH_SOCK', '/run/user/1000/keyring/ssh'), ('AMENT_PREFIX_PATH', '/home/pawan/yahboomcar_ws_test/yahboomcar_ws/install/yahboom_M3Pro_description:/home/pawan/yahboomcar_ws_test/yahboomcar_ws/install/test_config:/opt/ros/humble'), ('SHELL', '/bin/bash'), ('LC_NAME', 'de_DE.UTF-8'), ('QT_ACCESSIBILITY', '1'), ('GDMSESSION', 'ubuntu'), ('LESSCLOSE', '/usr/bin/lesspipe %s %s'), ('LC_MEASUREMENT', 'de_DE.UTF-8'), ('LC_IDENTIFICATION', 'de_DE.UTF-8'), ('QT_IM_MODULE', 'ibus'), ('PWD', '/home/pawan/yahboomcar_ws_test/yahboomcar_ws/build/arm_interface'), ('LC_ALL', 'en_US.UTF-8'), ('XDG_CONFIG_DIRS', '/etc/xdg/xdg-ubuntu:/etc/xdg'), ('XDG_DATA_DIRS', '/usr/share/ubuntu:/usr/local/share/:/usr/share/:/var/lib/snapd/desktop'), ('PYTHONPATH', '/home/pawan/yahboomcar_ws_test/yahboomcar_ws/install/yahboom_M3Pro_description/lib/python3.10/site-packages:/opt/ros/humble/lib/python3.10/site-packages:/opt/ros/humble/local/lib/python3.10/dist-packages'), ('LC_NUMERIC', 'de_DE.UTF-8'), ('LC_PAPER', 'de_DE.UTF-8'), ('COLCON', '1'), ('VTE_VERSION', '6800'), ('CMAKE_PREFIX_PATH', '/home/pawan/yahboomcar_ws_test/yahboomcar_ws/install/test_config:/home/pawan/yahboomcar_ws_test/yahboomcar_ws/install/yahboom_M3Pro_description:/opt/ros/humble')]), 'shell': False}
[1.318076] (arm_msgs) CommandEnded: {'returncode': 0}
[1.318763] (arm_msgs) JobProgress: {'identifier': 'arm_msgs', 'progress': 'install'}
[1.319079] (arm_msgs) Command: {'cmd': ['/usr/bin/cmake', '--install', '/home/pawan/yahboomcar_ws_test/yahboomcar_ws/build/arm_msgs'], 'cwd': '/home/pawan/yahboomcar_ws_test/yahboomcar_ws/build/arm_msgs', 'env': OrderedDict([('LESSOPEN', '| /usr/bin/lesspipe %s'), ('USER', 'pawan'), ('LC_TIME', 'de_DE.UTF-8'), ('XDG_SESSION_TYPE', 'wayland'), ('SHLVL', '1'), ('LD_LIBRARY_PATH', '/usr/lib/x86_64-linux-gnu/gazebo-11/plugins:/opt/ros/humble/opt/rviz_ogre_vendor/lib:/opt/ros/humble/lib/x86_64-linux-gnu:/opt/ros/humble/lib'), ('HOME', '/home/pawan'), ('OLDPWD', '/home/pawan'), ('DESKTOP_SESSION', 'ubuntu'), ('ROS_PYTHON_VERSION', '3'), ('GNOME_SHELL_SESSION_MODE', 'ubuntu'), ('GTK_MODULES', 'gail:atk-bridge'), ('LC_MONETARY', 'de_DE.UTF-8'), ('SYSTEMD_EXEC_PID', '1911'), ('DBUS_SESSION_BUS_ADDRESS', 'unix:path=/run/user/1000/bus'), ('COLORTERM', 'truecolor'), ('IM_CONFIG_PHASE', '1'), ('WAYLAND_DISPLAY', 'wayland-0'), ('COLCON_PREFIX_PATH', '/home/pawan/yahboomcar_ws_test/yahboomcar_ws/install'), ('ROS_DISTRO', 'humble'), ('LOGNAME', 'pawan'), ('_', '/usr/bin/colcon'), ('ROS_VERSION', '2'), ('XDG_SESSION_CLASS', 'user'), ('USERNAME', 'pawan'), ('TERM', 'xterm-256color'), ('GNOME_DESKTOP_SESSION_ID', 'this-is-deprecated'), ('ROS_LOCALHOST_ONLY', '0'), ('PATH', '/opt/ros/humble/bin:/usr/local/sbin:/usr/local/bin:/usr/sbin:/usr/bin:/sbin:/bin:/usr/games:/usr/local/games:/snap/bin:/snap/bin'), ('SESSION_MANAGER', 'local/pawan-LOQ-15IRX10:@/tmp/.ICE-unix/1876,unix/pawan-LOQ-15IRX10:/tmp/.ICE-unix/1876'), ('XDG_MENU_PREFIX', 'gnome-'), ('LC_ADDRESS', 'de_DE.UTF-8'), ('GNOME_TERMINAL_SCREEN', '/org/gnome/Terminal/screen/42b7b4fc_5cda_4550_bcb9_5543ca7d3316'), ('GNOME_SETUP_DISPLAY', ':1'), ('XDG_RUNTIME_DIR', '/run/user/1000'), ('DISPLAY', ':0'), ('LANG', 'en_US.UTF-8'), ('XDG_CURRENT_DESKTOP', 'ubuntu:GNOME'), ('LC_TELEPHONE', 'de_DE.UTF-8'), ('XMODIFIERS', '@im=ibus'), ('XDG_SESSION_DESKTOP', 'ubuntu'), ('XAUTHORITY', '/run/user/1000/.mutter-Xwaylandauth.DQZRR3'), ('LS_COLORS', 'rs=0:di=01;34:ln=01;36:mh=00:pi=40;33:so=01;35:do=01;35:bd=40;33;01:cd=40;33;01:or=40;31;01:mi=00:su=37;41:sg=30;43:ca=30;41:tw=30;42:ow=34;42:st=37;44:ex=01;32:*.tar=01;31:*.tgz=01;31:*.arc=01;31:*.arj=01;31:*.taz=01;31:*.lha=01;31:*.lz4=01;31:*.lzh=01;31:*.lzma=01;31:*.tlz=01;31:*.txz=01;31:*.tzo=01;31:*.t7z=01;31:*.zip=01;31:*.z=01;31:*.dz=01;31:*.gz=01;31:*.lrz=01;31:*.lz=01;31:*.lzo=01;31:*.xz=01;31:*.zst=01;31:*.tzst=01;31:*.bz2=01;31:*.bz=01;31:*.tbz=01;31:*.tbz2=01;31:*.tz=01;31:*.deb=01;31:*.rpm=01;31:*.jar=01;31:*.war=01;31:*.ear=01;31:*.sar=01;31:*.rar=01;31:*.alz=01;31:*.ace=01;31:*.zoo=01;31:*.cpio=01;31:*.7z=01;31:*.rz=01;31:*.cab=01;31:*.wim=01;31:*.swm=01;31:*.dwm=01;31:*.esd=01;31:*.jpg=01;35:*.jpeg=01;35:*.mjpg=01;35:*.mjpeg=01;35:*.gif=01;35:*.bmp=01;35:*.pbm=01;35:*.pgm=01;35:*.ppm=01;35:*.tga=01;35:*.xbm=01;35:*.xpm=01;35:*.tif=01;35:*.tiff=01;35:*.png=01;35:*.svg=01;35:*.svgz=01;35:*.mng=01;35:*.pcx=01;35:*.mov=01;35:*.mpg=01;35:*.mpeg=01;35:*.m2v=01;35:*.mkv=01;35:*.webm=01;35:*.webp=01;35:*.ogm=01;35:*.mp4=01;35:*.m4v=01;35:*.mp4v=01;35:*.vob=01;35:*.qt=01;35:*.nuv=01;35:*.wmv=01;35:*.asf=01;35:*.rm=01;35:*.rmvb=01;35:*.flc=01;35:*.avi=01;35:*.fli=01;35:*.flv=01;35:*.gl=01;35:*.dl=01;35:*.xcf=01;35:*.xwd=01;35:*.yuv=01;35:*.cgm=01;35:*.emf=01;35:*.ogv=01;35:*.ogx=01;35:*.aac=00;36:*.au=00;36:*.flac=00;36:*.m4a=00;36:*.mid=00;36:*.midi=00;36:*.mka=00;36:*.mp3=00;36:*.mpc=00;36:*.ogg=00;36:*.ra=00;36:*.wav=00;36:*.oga=00;36:*.opus=00;36:*.spx=00;36:*.xspf=00;36:'), ('GNOME_TERMINAL_SERVICE', ':1.134'), ('SSH_AGENT_LAUNCHER', 'gnome-keyring'), ('SSH_AUTH_SOCK', '/run/user/1000/keyring/ssh'), ('AMENT_PREFIX_PATH', '/home/pawan/yahboomcar_ws_test/yahboomcar_ws/install/yahboom_M3Pro_description:/home/pawan/yahboomcar_ws_test/yahboomcar_ws/install/test_config:/opt/ros/humble'), ('SHELL', '/bin/bash'), ('LC_NAME', 'de_DE.UTF-8'), ('QT_ACCESSIBILITY', '1'), ('GDMSESSION', 'ubuntu'), ('LESSCLOSE', '/usr/bin/lesspipe %s %s'), ('LC_MEASUREMENT', 'de_DE.UTF-8'), ('LC_IDENTIFICATION', 'de_DE.UTF-8'), ('QT_IM_MODULE', 'ibus'), ('PWD', '/home/pawan/yahboomcar_ws_test/yahboomcar_ws/build/arm_msgs'), ('LC_ALL', 'en_US.UTF-8'), ('XDG_CONFIG_DIRS', '/etc/xdg/xdg-ubuntu:/etc/xdg'), ('XDG_DATA_DIRS', '/usr/share/ubuntu:/usr/local/share/:/usr/share/:/var/lib/snapd/desktop'), ('PYTHONPATH', '/home/pawan/yahboomcar_ws_test/yahboomcar_ws/install/yahboom_M3Pro_description/lib/python3.10/site-packages:/opt/ros/humble/lib/python3.10/site-packages:/opt/ros/humble/local/lib/python3.10/dist-packages'), ('LC_NUMERIC', 'de_DE.UTF-8'), ('LC_PAPER', 'de_DE.UTF-8'), ('COLCON', '1'), ('VTE_VERSION', '6800'), ('CMAKE_PREFIX_PATH', '/home/pawan/yahboomcar_ws_test/yahboomcar_ws/install/test_config:/home/pawan/yahboomcar_ws_test/yahboomcar_ws/install/yahboom_M3Pro_description:/opt/ros/humble')]), 'shell': False}
[1.320035] (test_config) CommandEnded: {'returncode': 0}
[1.320516] (test_config) JobProgress: {'identifier': 'test_config', 'progress': 'install'}
[1.320794] (test_config) Command: {'cmd': ['/usr/bin/cmake', '--install', '/home/pawan/yahboomcar_ws_test/yahboomcar_ws/build/test_config'], 'cwd': '/home/pawan/yahboomcar_ws_test/yahboomcar_ws/build/test_config', 'env': OrderedDict([('LESSOPEN', '| /usr/bin/lesspipe %s'), ('USER', 'pawan'), ('LC_TIME', 'de_DE.UTF-8'), ('XDG_SESSION_TYPE', 'wayland'), ('SHLVL', '1'), ('LD_LIBRARY_PATH', '/usr/lib/x86_64-linux-gnu/gazebo-11/plugins:/opt/ros/humble/opt/rviz_ogre_vendor/lib:/opt/ros/humble/lib/x86_64-linux-gnu:/opt/ros/humble/lib'), ('HOME', '/home/pawan'), ('OLDPWD', '/home/pawan'), ('DESKTOP_SESSION', 'ubuntu'), ('ROS_PYTHON_VERSION', '3'), ('GNOME_SHELL_SESSION_MODE', 'ubuntu'), ('GTK_MODULES', 'gail:atk-bridge'), ('LC_MONETARY', 'de_DE.UTF-8'), ('SYSTEMD_EXEC_PID', '1911'), ('DBUS_SESSION_BUS_ADDRESS', 'unix:path=/run/user/1000/bus'), ('COLORTERM', 'truecolor'), ('IM_CONFIG_PHASE', '1'), ('WAYLAND_DISPLAY', 'wayland-0'), ('COLCON_PREFIX_PATH', '/home/pawan/yahboomcar_ws_test/yahboomcar_ws/install'), ('ROS_DISTRO', 'humble'), ('LOGNAME', 'pawan'), ('_', '/usr/bin/colcon'), ('ROS_VERSION', '2'), ('XDG_SESSION_CLASS', 'user'), ('USERNAME', 'pawan'), ('TERM', 'xterm-256color'), ('GNOME_DESKTOP_SESSION_ID', 'this-is-deprecated'), ('ROS_LOCALHOST_ONLY', '0'), ('PATH', '/opt/ros/humble/bin:/usr/local/sbin:/usr/local/bin:/usr/sbin:/usr/bin:/sbin:/bin:/usr/games:/usr/local/games:/snap/bin:/snap/bin'), ('SESSION_MANAGER', 'local/pawan-LOQ-15IRX10:@/tmp/.ICE-unix/1876,unix/pawan-LOQ-15IRX10:/tmp/.ICE-unix/1876'), ('XDG_MENU_PREFIX', 'gnome-'), ('LC_ADDRESS', 'de_DE.UTF-8'), ('GNOME_TERMINAL_SCREEN', '/org/gnome/Terminal/screen/42b7b4fc_5cda_4550_bcb9_5543ca7d3316'), ('GNOME_SETUP_DISPLAY', ':1'), ('XDG_RUNTIME_DIR', '/run/user/1000'), ('DISPLAY', ':0'), ('LANG', 'en_US.UTF-8'), ('XDG_CURRENT_DESKTOP', 'ubuntu:GNOME'), ('LC_TELEPHONE', 'de_DE.UTF-8'), ('XMODIFIERS', '@im=ibus'), ('XDG_SESSION_DESKTOP', 'ubuntu'), ('XAUTHORITY', '/run/user/1000/.mutter-Xwaylandauth.DQZRR3'), ('LS_COLORS', 'rs=0:di=01;34:ln=01;36:mh=00:pi=40;33:so=01;35:do=01;35:bd=40;33;01:cd=40;33;01:or=40;31;01:mi=00:su=37;41:sg=30;43:ca=30;41:tw=30;42:ow=34;42:st=37;44:ex=01;32:*.tar=01;31:*.tgz=01;31:*.arc=01;31:*.arj=01;31:*.taz=01;31:*.lha=01;31:*.lz4=01;31:*.lzh=01;31:*.lzma=01;31:*.tlz=01;31:*.txz=01;31:*.tzo=01;31:*.t7z=01;31:*.zip=01;31:*.z=01;31:*.dz=01;31:*.gz=01;31:*.lrz=01;31:*.lz=01;31:*.lzo=01;31:*.xz=01;31:*.zst=01;31:*.tzst=01;31:*.bz2=01;31:*.bz=01;31:*.tbz=01;31:*.tbz2=01;31:*.tz=01;31:*.deb=01;31:*.rpm=01;31:*.jar=01;31:*.war=01;31:*.ear=01;31:*.sar=01;31:*.rar=01;31:*.alz=01;31:*.ace=01;31:*.zoo=01;31:*.cpio=01;31:*.7z=01;31:*.rz=01;31:*.cab=01;31:*.wim=01;31:*.swm=01;31:*.dwm=01;31:*.esd=01;31:*.jpg=01;35:*.jpeg=01;35:*.mjpg=01;35:*.mjpeg=01;35:*.gif=01;35:*.bmp=01;35:*.pbm=01;35:*.pgm=01;35:*.ppm=01;35:*.tga=01;35:*.xbm=01;35:*.xpm=01;35:*.tif=01;35:*.tiff=01;35:*.png=01;35:*.svg=01;35:*.svgz=01;35:*.mng=01;35:*.pcx=01;35:*.mov=01;35:*.mpg=01;35:*.mpeg=01;35:*.m2v=01;35:*.mkv=01;35:*.webm=01;35:*.webp=01;35:*.ogm=01;35:*.mp4=01;35:*.m4v=01;35:*.mp4v=01;35:*.vob=01;35:*.qt=01;35:*.nuv=01;35:*.wmv=01;35:*.asf=01;35:*.rm=01;35:*.rmvb=01;35:*.flc=01;35:*.avi=01;35:*.fli=01;35:*.flv=01;35:*.gl=01;35:*.dl=01;35:*.xcf=01;35:*.xwd=01;35:*.yuv=01;35:*.cgm=01;35:*.emf=01;35:*.ogv=01;35:*.ogx=01;35:*.aac=00;36:*.au=00;36:*.flac=00;36:*.m4a=00;36:*.mid=00;36:*.midi=00;36:*.mka=00;36:*.mp3=00;36:*.mpc=00;36:*.ogg=00;36:*.ra=00;36:*.wav=00;36:*.oga=00;36:*.opus=00;36:*.spx=00;36:*.xspf=00;36:'), ('GNOME_TERMINAL_SERVICE', ':1.134'), ('SSH_AGENT_LAUNCHER', 'gnome-keyring'), ('SSH_AUTH_SOCK', '/run/user/1000/keyring/ssh'), ('AMENT_PREFIX_PATH', '/home/pawan/yahboomcar_ws_test/yahboomcar_ws/install/yahboom_M3Pro_description:/home/pawan/yahboomcar_ws_test/yahboomcar_ws/install/test_config:/opt/ros/humble'), ('SHELL', '/bin/bash'), ('LC_NAME', 'de_DE.UTF-8'), ('QT_ACCESSIBILITY', '1'), ('GDMSESSION', 'ubuntu'), ('LESSCLOSE', '/usr/bin/lesspipe %s %s'), ('LC_MEASUREMENT', 'de_DE.UTF-8'), ('LC_IDENTIFICATION', 'de_DE.UTF-8'), ('QT_IM_MODULE', 'ibus'), ('PWD', '/home/pawan/yahboomcar_ws_test/yahboomcar_ws/build/test_config'), ('LC_ALL', 'en_US.UTF-8'), ('XDG_CONFIG_DIRS', '/etc/xdg/xdg-ubuntu:/etc/xdg'), ('XDG_DATA_DIRS', '/usr/share/ubuntu:/usr/local/share/:/usr/share/:/var/lib/snapd/desktop'), ('PYTHONPATH', '/home/pawan/yahboomcar_ws_test/yahboomcar_ws/install/yahboom_M3Pro_description/lib/python3.10/site-packages:/opt/ros/humble/lib/python3.10/site-packages:/opt/ros/humble/local/lib/python3.10/dist-packages'), ('LC_NUMERIC', 'de_DE.UTF-8'), ('LC_PAPER', 'de_DE.UTF-8'), ('COLCON', '1'), ('VTE_VERSION', '6800'), ('CMAKE_PREFIX_PATH', '/home/pawan/yahboomcar_ws_test/yahboomcar_ws/install/test_config:/home/pawan/yahboomcar_ws_test/yahboomcar_ws/install/yahboom_M3Pro_description:/opt/ros/humble')]), 'shell': False}
[1.321593] (arm_kin) CommandEnded: {'returncode': 1}
[1.325420] (arm_interface) StdoutLine: {'line': b'-- Install configuration: ""\n'}
[1.325942] (arm_interface) StdoutLine: {'line': b'-- Installing: /home/pawan/yahboomcar_ws_test/yahboomcar_ws/install/arm_interface/share/ament_index/resource_index/rosidl_interfaces/arm_interface\n'}
[1.326094] (arm_interface) StdoutLine: {'line': b'-- Installing: /home/pawan/yahboomcar_ws_test/yahboomcar_ws/install/arm_interface/include/arm_interface/arm_interface\n'}
[1.326271] (arm_interface) StdoutLine: {'line': b'-- Installing: /home/pawan/yahboomcar_ws_test/yahboomcar_ws/install/arm_interface/include/arm_interface/arm_interface/msg\n'}
[1.326554] (arm_interface) StdoutLine: {'line': b'-- Installing: /home/pawan/yahboomcar_ws_test/yahboomcar_ws/install/arm_interface/include/arm_interface/arm_interface/msg/center_xy.h\n'}
[1.326875] (arm_interface) StdoutLine: {'line': b'-- Installing: /home/pawan/yahboomcar_ws_test/yahboomcar_ws/install/arm_interface/include/arm_interface/arm_interface/msg/target_xy_roll.h\n'}
[1.327276] (arm_interface) StdoutLine: {'line': b'-- Installing: /home/pawan/yahboomcar_ws_test/yahboomcar_ws/install/arm_interface/include/arm_interface/arm_interface/msg/position.h\n'}
[1.327635] (arm_interface) StdoutLine: {'line': b'-- Installing: /home/pawan/yahboomcar_ws_test/yahboomcar_ws/install/arm_interface/include/arm_interface/arm_interface/msg/detail\n'}
[1.327696] (arm_interface) StdoutLine: {'line': b'-- Installing: /home/pawan/yahboomcar_ws_test/yahboomcar_ws/install/arm_interface/include/arm_interface/arm_interface/msg/detail/cur_joints__functions.h\n'}
[1.327756] (arm_interface) StdoutLine: {'line': b'-- Installing: /home/pawan/yahboomcar_ws_test/yahboomcar_ws/install/arm_interface/include/arm_interface/arm_interface/msg/detail/yolov5_detect__functions.h\n'}
[1.328190] (arm_interface) StdoutLine: {'line': b'-- Installing: /home/pawan/yahboomcar_ws_test/yahboomcar_ws/install/arm_interface/include/arm_interface/arm_interface/msg/detail/shape_info__functions.c\n'}
[1.329520] (arm_interface) StdoutLine: {'line': b'-- Installing: /home/pawan/yahboomcar_ws_test/yahboomcar_ws/install/arm_interface/include/arm_interface/arm_interface/msg/detail/april_tag_info__functions.h\n'}
[1.330003] (arm_interface) StdoutLine: {'line': b'-- Installing: /home/pawan/yahboomcar_ws_test/yahboomcar_ws/install/arm_interface/include/arm_interface/arm_interface/msg/detail/arm_joint__type_support.h\n'}
[1.330346] (arm_interface) StdoutLine: {'line': b'-- Installing: /home/pawan/yahboomcar_ws_test/yahboomcar_ws/install/arm_interface/include/arm_interface/arm_interface/msg/detail/april_tag_info__functions.c\n'}
[1.330450] (arm_interface) StdoutLine: {'line': b'-- Installing: /home/pawan/yahboomcar_ws_test/yahboomcar_ws/install/arm_interface/include/arm_interface/arm_interface/msg/detail/center_xy__struct.h\n'}
[1.330493] (arm_interface) StdoutLine: {'line': b'-- Installing: /home/pawan/yahboomcar_ws_test/yahboomcar_ws/install/arm_interface/include/arm_interface/arm_interface/msg/detail/arm_joint__functions.h\n'}
[1.330532] (arm_interface) StdoutLine: {'line': b'-- Installing: /home/pawan/yahboomcar_ws_test/yahboomcar_ws/install/arm_interface/include/arm_interface/arm_interface/msg/detail/shape_info__functions.h\n'}
[1.330571] (arm_interface) StdoutLine: {'line': b'-- Installing: /home/pawan/yahboomcar_ws_test/yahboomcar_ws/install/arm_interface/include/arm_interface/arm_interface/msg/detail/position__type_support.h\n'}
[1.330609] (arm_interface) StdoutLine: {'line': b'-- Installing: /home/pawan/yahboomcar_ws_test/yahboomcar_ws/install/arm_interface/include/arm_interface/arm_interface/msg/detail/position__functions.h\n'}
[1.330646] (arm_interface) StdoutLine: {'line': b'-- Installing: /home/pawan/yahboomcar_ws_test/yahboomcar_ws/install/arm_interface/include/arm_interface/arm_interface/msg/detail/cur_joints__functions.c\n'}
[1.330682] (arm_interface) StdoutLine: {'line': b'-- Installing: /home/pawan/yahboomcar_ws_test/yahboomcar_ws/install/arm_interface/include/arm_interface/arm_interface/msg/detail/shape_info__struct.h\n'}
[1.330717] (arm_msgs) StdoutLine: {'line': b'-- Install configuration: ""\n'}
[1.330805] (arm_msgs) StdoutLine: {'line': b'-- Installing: /home/pawan/yahboomcar_ws_test/yahboomcar_ws/install/arm_msgs/share/ament_index/resource_index/rosidl_interfaces/arm_msgs\n'}
[1.330852] (arm_interface) StdoutLine: {'line': b'-- Installing: /home/pawan/yahboomcar_ws_test/yahboomcar_ws/install/arm_interface/include/arm_interface/arm_interface/msg/detail/yolov5_detect__functions.c\n'}
[1.331329] (arm_msgs) StdoutLine: {'line': b'-- Installing: /home/pawan/yahboomcar_ws_test/yahboomcar_ws/install/arm_msgs/include/arm_msgs/arm_msgs\n'}
[1.332138] (arm_interface) StdoutLine: {'line': b'-- Installing: /home/pawan/yahboomcar_ws_test/yahboomcar_ws/install/arm_interface/include/arm_interface/arm_interface/msg/detail/center_xy__type_support.h\n'}
[1.332500] (arm_msgs) StdoutLine: {'line': b'-- Installing: /home/pawan/yahboomcar_ws_test/yahboomcar_ws/install/arm_msgs/include/arm_msgs/arm_msgs/msg\n'}
[1.332786] (arm_interface) StdoutLine: {'line': b'-- Installing: /home/pawan/yahboomcar_ws_test/yahboomcar_ws/install/arm_interface/include/arm_interface/arm_interface/msg/detail/cur_joints__type_support.h\n'}
[1.333231] (arm_msgs) StdoutLine: {'line': b'-- Installing: /home/pawan/yahboomcar_ws_test/yahboomcar_ws/install/arm_msgs/include/arm_msgs/arm_msgs/msg/detail\n'}
[1.333408] (test_config) StdoutLine: {'line': b'-- Install configuration: ""\n'}
[1.334514] (arm_interface) StdoutLine: {'line': b'-- Installing: /home/pawan/yahboomcar_ws_test/yahboomcar_ws/install/arm_interface/include/arm_interface/arm_interface/msg/detail/cur_joints__struct.h\n'}
[1.334869] (arm_interface) StdoutLine: {'line': b'-- Installing: /home/pawan/yahboomcar_ws_test/yahboomcar_ws/install/arm_interface/include/arm_interface/arm_interface/msg/detail/target_xy_roll__functions.h\n'}
[1.335037] (arm_interface) StdoutLine: {'line': b'-- Installing: /home/pawan/yahboomcar_ws_test/yahboomcar_ws/install/arm_interface/include/arm_interface/arm_interface/msg/detail/position__struct.h\n'}
[1.335304] (arm_interface) StdoutLine: {'line': b'-- Installing: /home/pawan/yahboomcar_ws_test/yahboomcar_ws/install/arm_interface/include/arm_interface/arm_interface/msg/detail/center_xy__functions.h\n'}
[1.335588] (arm_interface) StdoutLine: {'line': b'-- Installing: /home/pawan/yahboomcar_ws_test/yahboomcar_ws/install/arm_interface/include/arm_interface/arm_interface/msg/detail/shape_info__type_support.h\n'}
[1.336129] (arm_interface) StdoutLine: {'line': b'-- Installing: /home/pawan/yahboomcar_ws_test/yahboomcar_ws/install/arm_interface/include/arm_interface/arm_interface/msg/detail/arm_joint__functions.c\n'}
[1.336947] (test_config) StdoutLine: {'line': b'-- Up-to-date: /home/pawan/yahboomcar_ws_test/yahboomcar_ws/install/test_config/share/ament_index/resource_index/package_run_dependencies/test_config\n'}
[1.337717] (test_config) StdoutLine: {'line': b'-- Up-to-date: /home/pawan/yahboomcar_ws_test/yahboomcar_ws/install/test_config/share/ament_index/resource_index/parent_prefix_path/test_config\n'}
[1.338132] (test_config) StdoutLine: {'line': b'-- Up-to-date: /home/pawan/yahboomcar_ws_test/yahboomcar_ws/install/test_config/share/test_config/environment/ament_prefix_path.sh\n'}
[1.338253] (test_config) StdoutLine: {'line': b'-- Up-to-date: /home/pawan/yahboomcar_ws_test/yahboomcar_ws/install/test_config/share/test_config/environment/ament_prefix_path.dsv\n'}
[1.338370] (arm_msgs) StdoutLine: {'line': b'-- Installing: /home/pawan/yahboomcar_ws_test/yahboomcar_ws/install/arm_msgs/include/arm_msgs/arm_msgs/msg/detail/arm_joint__type_support.h\n'}
[1.338780] (arm_msgs) StdoutLine: {'line': b'-- Installing: /home/pawan/yahboomcar_ws_test/yahboomcar_ws/install/arm_msgs/include/arm_msgs/arm_msgs/msg/detail/arm_joints__type_support.h\n'}
[1.339054] (arm_msgs) StdoutLine: {'line': b'-- Installing: /home/pawan/yahboomcar_ws_test/yahboomcar_ws/install/arm_msgs/include/arm_msgs/arm_msgs/msg/detail/arm_joint__functions.h\n'}
[1.339665] (arm_msgs) StdoutLine: {'line': b'-- Installing: /home/pawan/yahboomcar_ws_test/yahboomcar_ws/install/arm_msgs/include/arm_msgs/arm_msgs/msg/detail/arm_joints__struct.h\n'}
[1.340263] (arm_msgs) StdoutLine: {'line': b'-- Installing: /home/pawan/yahboomcar_ws_test/yahboomcar_ws/install/arm_msgs/include/arm_msgs/arm_msgs/msg/detail/arm_joint__functions.c\n'}
[1.340363] (arm_msgs) StdoutLine: {'line': b'-- Installing: /home/pawan/yahboomcar_ws_test/yahboomcar_ws/install/arm_msgs/include/arm_msgs/arm_msgs/msg/detail/arm_joints__functions.h\n'}
[1.340422] (arm_msgs) StdoutLine: {'line': b'-- Installing: /home/pawan/yahboomcar_ws_test/yahboomcar_ws/install/arm_msgs/include/arm_msgs/arm_msgs/msg/detail/arm_joint__struct.h\n'}
[1.340469] (arm_interface) StdoutLine: {'line': b'-- Installing: /home/pawan/yahboomcar_ws_test/yahboomcar_ws/install/arm_interface/include/arm_interface/arm_interface/msg/detail/target_xy_roll__struct.h\n'}
[1.340856] (test_config) StdoutLine: {'line': b'-- Up-to-date: /home/pawan/yahboomcar_ws_test/yahboomcar_ws/install/test_config/share/test_config/environment/path.sh\n'}
[1.342155] (test_config) StdoutLine: {'line': b'-- Up-to-date: /home/pawan/yahboomcar_ws_test/yahboomcar_ws/install/test_config/share/test_config/environment/path.dsv\n'}
[1.342645] (test_config) StdoutLine: {'line': b'-- Up-to-date: /home/pawan/yahboomcar_ws_test/yahboomcar_ws/install/test_config/share/test_config/local_setup.bash\n'}
[1.343153] (test_config) StdoutLine: {'line': b'-- Up-to-date: /home/pawan/yahboomcar_ws_test/yahboomcar_ws/install/test_config/share/test_config/local_setup.sh\n'}
[1.343681] (test_config) StdoutLine: {'line': b'-- Up-to-date: /home/pawan/yahboomcar_ws_test/yahboomcar_ws/install/test_config/share/test_config/local_setup.zsh\n'}
[1.345131] (arm_msgs) StdoutLine: {'line': b'-- Installing: /home/pawan/yahboomcar_ws_test/yahboomcar_ws/install/arm_msgs/include/arm_msgs/arm_msgs/msg/detail/arm_joints__functions.c\n'}
[1.345448] (arm_interface) StdoutLine: {'line': b'-- Installing: /home/pawan/yahboomcar_ws_test/yahboomcar_ws/install/arm_interface/include/arm_interface/arm_interface/msg/detail/center_xy__functions.c\n'}
[1.345695] (test_config) StdoutLine: {'line': b'-- Up-to-date: /home/pawan/yahboomcar_ws_test/yahboomcar_ws/install/test_config/share/test_config/local_setup.dsv\n'}
[1.345951] (test_config) StdoutLine: {'line': b'-- Up-to-date: /home/pawan/yahboomcar_ws_test/yahboomcar_ws/install/test_config/share/test_config/package.dsv\n'}
[1.346183] (arm_interface) StdoutLine: {'line': b'-- Installing: /home/pawan/yahboomcar_ws_test/yahboomcar_ws/install/arm_interface/include/arm_interface/arm_interface/msg/detail/position__functions.c\n'}
[1.346633] (arm_interface) StdoutLine: {'line': b'-- Installing: /home/pawan/yahboomcar_ws_test/yahboomcar_ws/install/arm_interface/include/arm_interface/arm_interface/msg/detail/yolov5_detect__struct.h\n'}
[1.347104] (arm_msgs) StdoutLine: {'line': b'-- Installing: /home/pawan/yahboomcar_ws_test/yahboomcar_ws/install/arm_msgs/include/arm_msgs/arm_msgs/msg/arm_joints.h\n'}
[1.347440] (arm_msgs) StdoutLine: {'line': b'-- Installing: /home/pawan/yahboomcar_ws_test/yahboomcar_ws/install/arm_msgs/include/arm_msgs/arm_msgs/msg/rosidl_generator_c__visibility_control.h\n'}
[1.347856] (arm_msgs) StdoutLine: {'line': b'-- Installing: /home/pawan/yahboomcar_ws_test/yahboomcar_ws/install/arm_msgs/include/arm_msgs/arm_msgs/msg/arm_joint.h\n'}
[1.348294] (test_config) StdoutLine: {'line': b'-- Up-to-date: /home/pawan/yahboomcar_ws_test/yahboomcar_ws/install/test_config/share/ament_index/resource_index/packages/test_config\n'}
[1.348883] (test_config) StdoutLine: {'line': b'-- Up-to-date: /home/pawan/yahboomcar_ws_test/yahboomcar_ws/install/test_config/share/test_config/cmake/test_configConfig.cmake\n'}
[1.349327] (test_config) StdoutLine: {'line': b'-- Up-to-date: /home/pawan/yahboomcar_ws_test/yahboomcar_ws/install/test_config/share/test_config/cmake/test_configConfig-version.cmake\n'}
[1.351217] (test_config) StdoutLine: {'line': b'-- Up-to-date: /home/pawan/yahboomcar_ws_test/yahboomcar_ws/install/test_config/share/test_config/package.xml\n'}
[1.355048] (test_config) StdoutLine: {'line': b'-- Up-to-date: /home/pawan/yahboomcar_ws_test/yahboomcar_ws/install/test_config/share/test_config/launch\n'}
[1.355130] (test_config) StdoutLine: {'line': b'-- Up-to-date: /home/pawan/yahboomcar_ws_test/yahboomcar_ws/install/test_config/share/test_config/launch/demo.launch.py\n'}
[1.355192] (test_config) StdoutLine: {'line': b'-- Up-to-date: /home/pawan/yahboomcar_ws_test/yahboomcar_ws/install/test_config/share/test_config/launch/moveit_rviz.launch.py\n'}
[1.355248] (arm_interface) StdoutLine: {'line': b'-- Installing: /home/pawan/yahboomcar_ws_test/yahboomcar_ws/install/arm_interface/include/arm_interface/arm_interface/msg/detail/yolov5_detect__type_support.h\n'}
[1.355309] (arm_interface) StdoutLine: {'line': b'-- Installing: /home/pawan/yahboomcar_ws_test/yahboomcar_ws/install/arm_interface/include/arm_interface/arm_interface/msg/detail/arm_joint__struct.h\n'}
[1.355359] (arm_interface) StdoutLine: {'line': b'-- Installing: /home/pawan/yahboomcar_ws_test/yahboomcar_ws/install/arm_interface/include/arm_interface/arm_interface/msg/detail/target_xy_roll__type_support.h\n'}
[1.355414] (arm_msgs) StdoutLine: {'line': b'-- Installing: /home/pawan/yahboomcar_ws_test/yahboomcar_ws/install/arm_msgs/share/arm_msgs/environment/library_path.sh\n'}
[1.355472] (arm_msgs) StdoutLine: {'line': b'-- Installing: /home/pawan/yahboomcar_ws_test/yahboomcar_ws/install/arm_msgs/share/arm_msgs/environment/library_path.dsv\n'}
[1.355524] (test_config) StdoutLine: {'line': b'-- Up-to-date: /home/pawan/yahboomcar_ws_test/yahboomcar_ws/install/test_config/share/test_config/launch/.ipynb_checkpoints\n'}
[1.355574] (test_config) StdoutLine: {'line': b'-- Up-to-date: /home/pawan/yahboomcar_ws_test/yahboomcar_ws/install/test_config/share/test_config/launch/.ipynb_checkpoints/demo.launch-checkpoint.py\n'}
[1.355624] (arm_interface) StdoutLine: {'line': b'-- Installing: /home/pawan/yahboomcar_ws_test/yahboomcar_ws/install/arm_interface/include/arm_interface/arm_interface/msg/detail/target_xy_roll__functions.c\n'}
[1.355673] (arm_interface) StdoutLine: {'line': b'-- Installing: /home/pawan/yahboomcar_ws_test/yahboomcar_ws/install/arm_interface/include/arm_interface/arm_interface/msg/detail/april_tag_info__struct.h\n'}
[1.355738] (arm_interface) StdoutLine: {'line': b'-- Installing: /home/pawan/yahboomcar_ws_test/yahboomcar_ws/install/arm_interface/include/arm_interface/arm_interface/msg/detail/april_tag_info__type_support.h\n'}
[1.355853] (arm_interface) StdoutLine: {'line': b'-- Installing: /home/pawan/yahboomcar_ws_test/yahboomcar_ws/install/arm_interface/include/arm_interface/arm_interface/msg/cur_joints.h\n'}
[1.355915] (arm_interface) StdoutLine: {'line': b'-- Installing: /home/pawan/yahboomcar_ws_test/yahboomcar_ws/install/arm_interface/include/arm_interface/arm_interface/msg/shape_info.h\n'}
[1.355972] (arm_interface) StdoutLine: {'line': b'-- Installing: /home/pawan/yahboomcar_ws_test/yahboomcar_ws/install/arm_interface/include/arm_interface/arm_interface/msg/yolov5_detect.h\n'}
[1.356029] (arm_msgs) StdoutLine: {'line': b'-- Installing: /home/pawan/yahboomcar_ws_test/yahboomcar_ws/install/arm_msgs/lib/libarm_msgs__rosidl_generator_c.so\n'}
[1.356085] (arm_msgs) StdoutLine: {'line': b'-- Set runtime path of "/home/pawan/yahboomcar_ws_test/yahboomcar_ws/install/arm_msgs/lib/libarm_msgs__rosidl_generator_c.so" to ""\n'}
[1.356135] (arm_interface) StdoutLine: {'line': b'-- Installing: /home/pawan/yahboomcar_ws_test/yahboomcar_ws/install/arm_interface/include/arm_interface/arm_interface/msg/rosidl_generator_c__visibility_control.h\n'}
[1.356185] (arm_msgs) StdoutLine: {'line': b'-- Up-to-date: /home/pawan/yahboomcar_ws_test/yahboomcar_ws/install/arm_msgs/include/arm_msgs/arm_msgs\n'}
[1.356238] (test_config) StdoutLine: {'line': b'-- Up-to-date: /home/pawan/yahboomcar_ws_test/yahboomcar_ws/install/test_config/share/test_config/launch/warehouse_db.launch.py\n'}
[1.356292] (test_config) StdoutLine: {'line': b'-- Up-to-date: /home/pawan/yahboomcar_ws_test/yahboomcar_ws/install/test_config/share/test_config/launch/rsp.launch.py\n'}
[1.356340] (test_config) StdoutLine: {'line': b'-- Up-to-date: /home/pawan/yahboomcar_ws_test/yahboomcar_ws/install/test_config/share/test_config/launch/spawn_controllers.launch.py\n'}
[1.356398] (test_config) StdoutLine: {'line': b'-- Up-to-date: /home/pawan/yahboomcar_ws_test/yahboomcar_ws/install/test_config/share/test_config/launch/move_group.launch.py\n'}
[1.356450] (test_config) StdoutLine: {'line': b'-- Up-to-date: /home/pawan/yahboomcar_ws_test/yahboomcar_ws/install/test_config/share/test_config/launch/setup_assistant.launch.py\n'}
[1.356501] (test_config) StdoutLine: {'line': b'-- Up-to-date: /home/pawan/yahboomcar_ws_test/yahboomcar_ws/install/test_config/share/test_config/launch/static_virtual_joint_tfs.launch.py\n'}
[1.356555] (test_config) StdoutLine: {'line': b'-- Up-to-date: /home/pawan/yahboomcar_ws_test/yahboomcar_ws/install/test_config/share/test_config/config\n'}
[1.356605] (test_config) StdoutLine: {'line': b'-- Up-to-date: /home/pawan/yahboomcar_ws_test/yahboomcar_ws/install/test_config/share/test_config/config/sensors_3d.yaml\n'}
[1.356656] (test_config) StdoutLine: {'line': b'-- Up-to-date: /home/pawan/yahboomcar_ws_test/yahboomcar_ws/install/test_config/share/test_config/config/moveit_controllers.yaml\n'}
[1.356706] (test_config) StdoutLine: {'line': b'-- Up-to-date: /home/pawan/yahboomcar_ws_test/yahboomcar_ws/install/test_config/share/test_config/config/.ipynb_checkpoints\n'}
[1.356920] (test_config) StdoutLine: {'line': b'-- Up-to-date: /home/pawan/yahboomcar_ws_test/yahboomcar_ws/install/test_config/share/test_config/config/.ipynb_checkpoints/joint_limits-checkpoint.yaml\n'}
[1.357334] (test_config) StdoutLine: {'line': b'-- Up-to-date: /home/pawan/yahboomcar_ws_test/yahboomcar_ws/install/test_config/share/test_config/config/dofbot_pro_descripton.ros2_control.xacro\n'}
[1.357425] (test_config) StdoutLine: {'line': b'-- Up-to-date: /home/pawan/yahboomcar_ws_test/yahboomcar_ws/install/test_config/share/test_config/config/pilz_cartesian_limits.yaml\n'}
[1.357867] (test_config) StdoutLine: {'line': b'-- Up-to-date: /home/pawan/yahboomcar_ws_test/yahboomcar_ws/install/test_config/share/test_config/config/dofbot_pro_descripton.urdf.xacro\n'}
[1.358135] (test_config) StdoutLine: {'line': b'-- Up-to-date: /home/pawan/yahboomcar_ws_test/yahboomcar_ws/install/test_config/share/test_config/config/kinematics.yaml\n'}
[1.358202] (test_config) StdoutLine: {'line': b'-- Up-to-date: /home/pawan/yahboomcar_ws_test/yahboomcar_ws/install/test_config/share/test_config/config/dofbot_pro_descripton.srdf\n'}
[1.358282] (test_config) StdoutLine: {'line': b'-- Up-to-date: /home/pawan/yahboomcar_ws_test/yahboomcar_ws/install/test_config/share/test_config/config/moveit.rviz\n'}
[1.358337] (test_config) StdoutLine: {'line': b'-- Up-to-date: /home/pawan/yahboomcar_ws_test/yahboomcar_ws/install/test_config/share/test_config/config/initial_positions.yaml\n'}
[1.358394] (test_config) StdoutLine: {'line': b'-- Up-to-date: /home/pawan/yahboomcar_ws_test/yahboomcar_ws/install/test_config/share/test_config/config/ros2_controllers.yaml\n'}
[1.358449] (test_config) StdoutLine: {'line': b'-- Up-to-date: /home/pawan/yahboomcar_ws_test/yahboomcar_ws/install/test_config/share/test_config/config/joint_limits.yaml\n'}
[1.358503] (test_config) StdoutLine: {'line': b'-- Up-to-date: /home/pawan/yahboomcar_ws_test/yahboomcar_ws/install/test_config/share/test_config/.setup_assistant\n'}
[1.358557] (arm_msgs) StdoutLine: {'line': b'-- Up-to-date: /home/pawan/yahboomcar_ws_test/yahboomcar_ws/install/arm_msgs/include/arm_msgs/arm_msgs/msg\n'}
[1.359171] (arm_msgs) StdoutLine: {'line': b'-- Installing: /home/pawan/yahboomcar_ws_test/yahboomcar_ws/install/arm_msgs/include/arm_msgs/arm_msgs/msg/rosidl_typesupport_fastrtps_c__visibility_control.h\n'}
[1.359280] (arm_interface) StdoutLine: {'line': b'-- Installing: /home/pawan/yahboomcar_ws_test/yahboomcar_ws/install/arm_interface/include/arm_interface/arm_interface/msg/arm_joint.h\n'}
[1.359368] (arm_msgs) StdoutLine: {'line': b'-- Up-to-date: /home/pawan/yahboomcar_ws_test/yahboomcar_ws/install/arm_msgs/include/arm_msgs/arm_msgs/msg/detail\n'}
[1.359439] (arm_msgs) StdoutLine: {'line': b'-- Installing: /home/pawan/yahboomcar_ws_test/yahboomcar_ws/install/arm_msgs/include/arm_msgs/arm_msgs/msg/detail/arm_joints__rosidl_typesupport_fastrtps_c.h\n'}
[1.359507] (arm_interface) StdoutLine: {'line': b'-- Installing: /home/pawan/yahboomcar_ws_test/yahboomcar_ws/install/arm_interface/include/arm_interface/arm_interface/msg/april_tag_info.h\n'}
[1.359577] (arm_interface) StdoutLine: {'line': b'-- Installing: /home/pawan/yahboomcar_ws_test/yahboomcar_ws/install/arm_interface/include/arm_interface/arm_interface/srv\n'}
[1.359646] (arm_interface) StdoutLine: {'line': b'-- Installing: /home/pawan/yahboomcar_ws_test/yahboomcar_ws/install/arm_interface/include/arm_interface/arm_interface/srv/detail\n'}
[1.359715] (arm_interface) StdoutLine: {'line': b'-- Installing: /home/pawan/yahboomcar_ws_test/yahboomcar_ws/install/arm_interface/include/arm_interface/arm_interface/srv/detail/arm_kinemarics__functions.h\n'}
[1.359799] (arm_msgs) StdoutLine: {'line': b'-- Installing: /home/pawan/yahboomcar_ws_test/yahboomcar_ws/install/arm_msgs/include/arm_msgs/arm_msgs/msg/detail/arm_joint__rosidl_typesupport_fastrtps_c.h\n'}
[1.359876] (arm_msgs) StdoutLine: {'line': b'-- Installing: /home/pawan/yahboomcar_ws_test/yahboomcar_ws/install/arm_msgs/lib/libarm_msgs__rosidl_typesupport_fastrtps_c.so\n'}
[1.359945] (arm_interface) StdoutLine: {'line': b'-- Installing: /home/pawan/yahboomcar_ws_test/yahboomcar_ws/install/arm_interface/include/arm_interface/arm_interface/srv/detail/arm_kinemarics__struct.h\n'}
[1.360017] (arm_interface) StdoutLine: {'line': b'-- Installing: /home/pawan/yahboomcar_ws_test/yahboomcar_ws/install/arm_interface/include/arm_interface/arm_interface/srv/detail/arm_kinemarics__functions.c\n'}
[1.360086] (arm_interface) StdoutLine: {'line': b'-- Installing: /home/pawan/yahboomcar_ws_test/yahboomcar_ws/install/arm_interface/include/arm_interface/arm_interface/srv/detail/arm_kinemarics__type_support.h\n'}
[1.360152] (arm_interface) StdoutLine: {'line': b'-- Installing: /home/pawan/yahboomcar_ws_test/yahboomcar_ws/install/arm_interface/include/arm_interface/arm_interface/srv/arm_kinemarics.h\n'}
[1.360220] (arm_msgs) StdoutLine: {'line': b'-- Set runtime path of "/home/pawan/yahboomcar_ws_test/yahboomcar_ws/install/arm_msgs/lib/libarm_msgs__rosidl_typesupport_fastrtps_c.so" to ""\n'}
[1.360290] (arm_msgs) StdoutLine: {'line': b'-- Up-to-date: /home/pawan/yahboomcar_ws_test/yahboomcar_ws/install/arm_msgs/include/arm_msgs/arm_msgs\n'}
[1.360371] (arm_msgs) StdoutLine: {'line': b'-- Up-to-date: /home/pawan/yahboomcar_ws_test/yahboomcar_ws/install/arm_msgs/include/arm_msgs/arm_msgs/msg\n'}
[1.360439] (arm_msgs) StdoutLine: {'line': b'-- Installing: /home/pawan/yahboomcar_ws_test/yahboomcar_ws/install/arm_msgs/include/arm_msgs/arm_msgs/msg/rosidl_typesupport_introspection_c__visibility_control.h\n'}
[1.360506] (arm_msgs) StdoutLine: {'line': b'-- Up-to-date: /home/pawan/yahboomcar_ws_test/yahboomcar_ws/install/arm_msgs/include/arm_msgs/arm_msgs/msg/detail\n'}
[1.360574] (arm_interface) StdoutLine: {'line': b'-- Installing: /home/pawan/yahboomcar_ws_test/yahboomcar_ws/install/arm_interface/share/arm_interface/environment/library_path.sh\n'}
[1.360648] (arm_msgs) StdoutLine: {'line': b'-- Installing: /home/pawan/yahboomcar_ws_test/yahboomcar_ws/install/arm_msgs/include/arm_msgs/arm_msgs/msg/detail/arm_joint__rosidl_typesupport_introspection_c.h\n'}
[1.360715] (arm_interface) StdoutLine: {'line': b'-- Installing: /home/pawan/yahboomcar_ws_test/yahboomcar_ws/install/arm_interface/share/arm_interface/environment/library_path.dsv\n'}
[1.360799] (arm_msgs) StdoutLine: {'line': b'-- Installing: /home/pawan/yahboomcar_ws_test/yahboomcar_ws/install/arm_msgs/include/arm_msgs/arm_msgs/msg/detail/arm_joint__type_support.c\n'}
[1.360876] (arm_msgs) StdoutLine: {'line': b'-- Installing: /home/pawan/yahboomcar_ws_test/yahboomcar_ws/install/arm_msgs/include/arm_msgs/arm_msgs/msg/detail/arm_joints__type_support.c\n'}
[1.360943] (arm_interface) StdoutLine: {'line': b'-- Installing: /home/pawan/yahboomcar_ws_test/yahboomcar_ws/install/arm_interface/lib/libarm_interface__rosidl_generator_c.so\n'}
[1.361012] (arm_msgs) StdoutLine: {'line': b'-- Installing: /home/pawan/yahboomcar_ws_test/yahboomcar_ws/install/arm_msgs/include/arm_msgs/arm_msgs/msg/detail/arm_joints__rosidl_typesupport_introspection_c.h\n'}
[1.361078] (arm_msgs) StdoutLine: {'line': b'-- Installing: /home/pawan/yahboomcar_ws_test/yahboomcar_ws/install/arm_msgs/lib/libarm_msgs__rosidl_typesupport_introspection_c.so\n'}
[1.361143] (arm_msgs) StdoutLine: {'line': b'-- Set runtime path of "/home/pawan/yahboomcar_ws_test/yahboomcar_ws/install/arm_msgs/lib/libarm_msgs__rosidl_typesupport_introspection_c.so" to ""\n'}
[1.361209] (arm_interface) StdoutLine: {'line': b'-- Set runtime path of "/home/pawan/yahboomcar_ws_test/yahboomcar_ws/install/arm_interface/lib/libarm_interface__rosidl_generator_c.so" to ""\n'}
[1.361656] (arm_msgs) StdoutLine: {'line': b'-- Installing: /home/pawan/yahboomcar_ws_test/yahboomcar_ws/install/arm_msgs/lib/libarm_msgs__rosidl_typesupport_c.so\n'}
[1.361721] (arm_interface) StdoutLine: {'line': b'-- Up-to-date: /home/pawan/yahboomcar_ws_test/yahboomcar_ws/install/arm_interface/include/arm_interface/arm_interface\n'}
[1.362455] (arm_interface) StdoutLine: {'line': b'-- Up-to-date: /home/pawan/yahboomcar_ws_test/yahboomcar_ws/install/arm_interface/include/arm_interface/arm_interface/msg\n'}
[1.362564] (arm_interface) StdoutLine: {'line': b'-- Installing: /home/pawan/yahboomcar_ws_test/yahboomcar_ws/install/arm_interface/include/arm_interface/arm_interface/msg/rosidl_typesupport_fastrtps_c__visibility_control.h\n'}
[1.362621] (arm_interface) StdoutLine: {'line': b'-- Up-to-date: /home/pawan/yahboomcar_ws_test/yahboomcar_ws/install/arm_interface/include/arm_interface/arm_interface/msg/detail\n'}
[1.362673] (arm_interface) StdoutLine: {'line': b'-- Installing: /home/pawan/yahboomcar_ws_test/yahboomcar_ws/install/arm_interface/include/arm_interface/arm_interface/msg/detail/position__rosidl_typesupport_fastrtps_c.h\n'}
[1.362725] (arm_msgs) StdoutLine: {'line': b'-- Set runtime path of "/home/pawan/yahboomcar_ws_test/yahboomcar_ws/install/arm_msgs/lib/libarm_msgs__rosidl_typesupport_c.so" to ""\n'}
[1.362801] (arm_msgs) StdoutLine: {'line': b'-- Up-to-date: /home/pawan/yahboomcar_ws_test/yahboomcar_ws/install/arm_msgs/include/arm_msgs/arm_msgs\n'}
[1.362854] (arm_msgs) StdoutLine: {'line': b'-- Up-to-date: /home/pawan/yahboomcar_ws_test/yahboomcar_ws/install/arm_msgs/include/arm_msgs/arm_msgs/msg\n'}
[1.362919] (arm_interface) StdoutLine: {'line': b'-- Installing: /home/pawan/yahboomcar_ws_test/yahboomcar_ws/install/arm_interface/include/arm_interface/arm_interface/msg/detail/center_xy__rosidl_typesupport_fastrtps_c.h\n'}
[1.362971] (arm_interface) StdoutLine: {'line': b'-- Installing: /home/pawan/yahboomcar_ws_test/yahboomcar_ws/install/arm_interface/include/arm_interface/arm_interface/msg/detail/april_tag_info__rosidl_typesupport_fastrtps_c.h\n'}
[1.363019] (arm_msgs) StdoutLine: {'line': b'-- Installing: /home/pawan/yahboomcar_ws_test/yahboomcar_ws/install/arm_msgs/include/arm_msgs/arm_msgs/msg/rosidl_generator_cpp__visibility_control.hpp\n'}
[1.363068] (arm_msgs) StdoutLine: {'line': b'-- Up-to-date: /home/pawan/yahboomcar_ws_test/yahboomcar_ws/install/arm_msgs/include/arm_msgs/arm_msgs/msg/detail\n'}
[1.363116] (arm_interface) StdoutLine: {'line': b'-- Installing: /home/pawan/yahboomcar_ws_test/yahboomcar_ws/install/arm_interface/include/arm_interface/arm_interface/msg/detail/yolov5_detect__rosidl_typesupport_fastrtps_c.h\n'}
[1.363163] (arm_interface) StdoutLine: {'line': b'-- Installing: /home/pawan/yahboomcar_ws_test/yahboomcar_ws/install/arm_interface/include/arm_interface/arm_interface/msg/detail/arm_joint__rosidl_typesupport_fastrtps_c.h\n'}
[1.363210] (arm_interface) StdoutLine: {'line': b'-- Installing: /home/pawan/yahboomcar_ws_test/yahboomcar_ws/install/arm_interface/include/arm_interface/arm_interface/msg/detail/target_xy_roll__rosidl_typesupport_fastrtps_c.h\n'}
[1.363269] (arm_interface) StdoutLine: {'line': b'-- Installing: /home/pawan/yahboomcar_ws_test/yahboomcar_ws/install/arm_interface/include/arm_interface/arm_interface/msg/detail/shape_info__rosidl_typesupport_fastrtps_c.h\n'}
[1.363317] (arm_interface) StdoutLine: {'line': b'-- Installing: /home/pawan/yahboomcar_ws_test/yahboomcar_ws/install/arm_interface/include/arm_interface/arm_interface/msg/detail/cur_joints__rosidl_typesupport_fastrtps_c.h\n'}
[1.363366] (arm_msgs) StdoutLine: {'line': b'-- Installing: /home/pawan/yahboomcar_ws_test/yahboomcar_ws/install/arm_msgs/include/arm_msgs/arm_msgs/msg/detail/arm_joint__builder.hpp\n'}
[1.363412] (arm_msgs) StdoutLine: {'line': b'-- Installing: /home/pawan/yahboomcar_ws_test/yahboomcar_ws/install/arm_msgs/include/arm_msgs/arm_msgs/msg/detail/arm_joint__traits.hpp\n'}
[1.363464] (arm_msgs) StdoutLine: {'line': b'-- Installing: /home/pawan/yahboomcar_ws_test/yahboomcar_ws/install/arm_msgs/include/arm_msgs/arm_msgs/msg/detail/arm_joints__struct.hpp\n'}
[1.363509] (arm_msgs) StdoutLine: {'line': b'-- Installing: /home/pawan/yahboomcar_ws_test/yahboomcar_ws/install/arm_msgs/include/arm_msgs/arm_msgs/msg/detail/arm_joint__struct.hpp\n'}
[1.363555] (arm_msgs) StdoutLine: {'line': b'-- Installing: /home/pawan/yahboomcar_ws_test/yahboomcar_ws/install/arm_msgs/include/arm_msgs/arm_msgs/msg/detail/arm_joints__builder.hpp\n'}
[1.363601] (arm_interface) StdoutLine: {'line': b'-- Up-to-date: /home/pawan/yahboomcar_ws_test/yahboomcar_ws/install/arm_interface/include/arm_interface/arm_interface/srv\n'}
[1.363646] (arm_interface) StdoutLine: {'line': b'-- Up-to-date: /home/pawan/yahboomcar_ws_test/yahboomcar_ws/install/arm_interface/include/arm_interface/arm_interface/srv/detail\n'}
[1.363693] (arm_interface) StdoutLine: {'line': b'-- Installing: /home/pawan/yahboomcar_ws_test/yahboomcar_ws/install/arm_interface/include/arm_interface/arm_interface/srv/detail/arm_kinemarics__rosidl_typesupport_fastrtps_c.h\n'}
[1.363739] (arm_msgs) StdoutLine: {'line': b'-- Installing: /home/pawan/yahboomcar_ws_test/yahboomcar_ws/install/arm_msgs/include/arm_msgs/arm_msgs/msg/detail/arm_joints__traits.hpp\n'}
[1.363795] (arm_msgs) StdoutLine: {'line': b'-- Installing: /home/pawan/yahboomcar_ws_test/yahboomcar_ws/install/arm_msgs/include/arm_msgs/arm_msgs/msg/detail/arm_joints__type_support.hpp\n'}
[1.363842] (arm_msgs) StdoutLine: {'line': b'-- Installing: /home/pawan/yahboomcar_ws_test/yahboomcar_ws/install/arm_msgs/include/arm_msgs/arm_msgs/msg/detail/arm_joint__type_support.hpp\n'}
[1.363896] (arm_msgs) StdoutLine: {'line': b'-- Installing: /home/pawan/yahboomcar_ws_test/yahboomcar_ws/install/arm_msgs/include/arm_msgs/arm_msgs/msg/arm_joints.hpp\n'}
[1.363941] (arm_interface) StdoutLine: {'line': b'-- Installing: /home/pawan/yahboomcar_ws_test/yahboomcar_ws/install/arm_interface/lib/libarm_interface__rosidl_typesupport_fastrtps_c.so\n'}
[1.363994] (arm_msgs) StdoutLine: {'line': b'-- Installing: /home/pawan/yahboomcar_ws_test/yahboomcar_ws/install/arm_msgs/include/arm_msgs/arm_msgs/msg/arm_joint.hpp\n'}
[1.364042] (arm_msgs) StdoutLine: {'line': b'-- Up-to-date: /home/pawan/yahboomcar_ws_test/yahboomcar_ws/install/arm_msgs/include/arm_msgs/arm_msgs\n'}
[1.364089] (arm_msgs) StdoutLine: {'line': b'-- Up-to-date: /home/pawan/yahboomcar_ws_test/yahboomcar_ws/install/arm_msgs/include/arm_msgs/arm_msgs/msg\n'}
[1.364139] (arm_msgs) StdoutLine: {'line': b'-- Up-to-date: /home/pawan/yahboomcar_ws_test/yahboomcar_ws/install/arm_msgs/include/arm_msgs/arm_msgs/msg/detail\n'}
[1.364187] (arm_msgs) StdoutLine: {'line': b'-- Installing: /home/pawan/yahboomcar_ws_test/yahboomcar_ws/install/arm_msgs/include/arm_msgs/arm_msgs/msg/detail/arm_joint__rosidl_typesupport_fastrtps_cpp.hpp\n'}
[1.364233] (arm_msgs) StdoutLine: {'line': b'-- Installing: /home/pawan/yahboomcar_ws_test/yahboomcar_ws/install/arm_msgs/include/arm_msgs/arm_msgs/msg/detail/dds_fastrtps\n'}
[1.364279] (arm_interface) StdoutLine: {'line': b'-- Set runtime path of "/home/pawan/yahboomcar_ws_test/yahboomcar_ws/install/arm_interface/lib/libarm_interface__rosidl_typesupport_fastrtps_c.so" to ""\n'}
[1.364323] (arm_interface) StdoutLine: {'line': b'-- Up-to-date: /home/pawan/yahboomcar_ws_test/yahboomcar_ws/install/arm_interface/include/arm_interface/arm_interface\n'}
[1.364366] (arm_interface) StdoutLine: {'line': b'-- Up-to-date: /home/pawan/yahboomcar_ws_test/yahboomcar_ws/install/arm_interface/include/arm_interface/arm_interface/msg\n'}
[1.364414] (arm_interface) StdoutLine: {'line': b'-- Installing: /home/pawan/yahboomcar_ws_test/yahboomcar_ws/install/arm_interface/include/arm_interface/arm_interface/msg/rosidl_generator_cpp__visibility_control.hpp\n'}
[1.364460] (arm_msgs) StdoutLine: {'line': b'-- Installing: /home/pawan/yahboomcar_ws_test/yahboomcar_ws/install/arm_msgs/include/arm_msgs/arm_msgs/msg/detail/arm_joints__rosidl_typesupport_fastrtps_cpp.hpp\n'}
[1.364506] (arm_interface) StdoutLine: {'line': b'-- Installing: /home/pawan/yahboomcar_ws_test/yahboomcar_ws/install/arm_interface/include/arm_interface/arm_interface/msg/april_tag_info.hpp\n'}
[1.364552] (arm_msgs) StdoutLine: {'line': b'-- Installing: /home/pawan/yahboomcar_ws_test/yahboomcar_ws/install/arm_msgs/include/arm_msgs/arm_msgs/msg/rosidl_typesupport_fastrtps_cpp__visibility_control.h\n'}
[1.364596] (arm_msgs) StdoutLine: {'line': b'-- Installing: /home/pawan/yahboomcar_ws_test/yahboomcar_ws/install/arm_msgs/lib/libarm_msgs__rosidl_typesupport_fastrtps_cpp.so\n'}
[1.364640] (arm_interface) StdoutLine: {'line': b'-- Installing: /home/pawan/yahboomcar_ws_test/yahboomcar_ws/install/arm_interface/include/arm_interface/arm_interface/msg/shape_info.hpp\n'}
[1.364687] (arm_interface) StdoutLine: {'line': b'-- Up-to-date: /home/pawan/yahboomcar_ws_test/yahboomcar_ws/install/arm_interface/include/arm_interface/arm_interface/msg/detail\n'}
[1.364731] (arm_interface) StdoutLine: {'line': b'-- Installing: /home/pawan/yahboomcar_ws_test/yahboomcar_ws/install/arm_interface/include/arm_interface/arm_interface/msg/detail/april_tag_info__struct.hpp\n'}
[1.364787] (arm_interface) StdoutLine: {'line': b'-- Installing: /home/pawan/yahboomcar_ws_test/yahboomcar_ws/install/arm_interface/include/arm_interface/arm_interface/msg/detail/yolov5_detect__builder.hpp\n'}
[1.364835] (arm_interface) StdoutLine: {'line': b'-- Installing: /home/pawan/yahboomcar_ws_test/yahboomcar_ws/install/arm_interface/include/arm_interface/arm_interface/msg/detail/yolov5_detect__type_support.hpp\n'}
[1.364883] (arm_msgs) StdoutLine: {'line': b'-- Set runtime path of "/home/pawan/yahboomcar_ws_test/yahboomcar_ws/install/arm_msgs/lib/libarm_msgs__rosidl_typesupport_fastrtps_cpp.so" to ""\n'}
[1.364949] (arm_interface) StdoutLine: {'line': b'-- Installing: /home/pawan/yahboomcar_ws_test/yahboomcar_ws/install/arm_interface/include/arm_interface/arm_interface/msg/detail/center_xy__type_support.hpp\n'}
[1.365006] (arm_msgs) StdoutLine: {'line': b'-- Up-to-date: /home/pawan/yahboomcar_ws_test/yahboomcar_ws/install/arm_msgs/include/arm_msgs/arm_msgs\n'}
[1.365060] (arm_msgs) StdoutLine: {'line': b'-- Up-to-date: /home/pawan/yahboomcar_ws_test/yahboomcar_ws/install/arm_msgs/include/arm_msgs/arm_msgs/msg\n'}
[1.365109] (arm_msgs) StdoutLine: {'line': b'-- Up-to-date: /home/pawan/yahboomcar_ws_test/yahboomcar_ws/install/arm_msgs/include/arm_msgs/arm_msgs/msg/detail\n'}
[1.365157] (arm_msgs) StdoutLine: {'line': b'-- Installing: /home/pawan/yahboomcar_ws_test/yahboomcar_ws/install/arm_msgs/include/arm_msgs/arm_msgs/msg/detail/arm_joints__type_support.cpp\n'}
[1.365201] (arm_msgs) StdoutLine: {'line': b'-- Installing: /home/pawan/yahboomcar_ws_test/yahboomcar_ws/install/arm_msgs/include/arm_msgs/arm_msgs/msg/detail/arm_joint__type_support.cpp\n'}
[1.365249] (arm_interface) StdoutLine: {'line': b'-- Installing: /home/pawan/yahboomcar_ws_test/yahboomcar_ws/install/arm_interface/include/arm_interface/arm_interface/msg/detail/shape_info__type_support.hpp\n'}
[1.365296] (arm_interface) StdoutLine: {'line': b'-- Installing: /home/pawan/yahboomcar_ws_test/yahboomcar_ws/install/arm_interface/include/arm_interface/arm_interface/msg/detail/cur_joints__traits.hpp\n'}
[1.365343] (arm_interface) StdoutLine: {'line': b'-- Installing: /home/pawan/yahboomcar_ws_test/yahboomcar_ws/install/arm_interface/include/arm_interface/arm_interface/msg/detail/arm_joint__builder.hpp\n'}
[1.365389] (arm_interface) StdoutLine: {'line': b'-- Installing: /home/pawan/yahboomcar_ws_test/yahboomcar_ws/install/arm_interface/include/arm_interface/arm_interface/msg/detail/shape_info__builder.hpp\n'}
[1.365433] (arm_msgs) StdoutLine: {'line': b'-- Installing: /home/pawan/yahboomcar_ws_test/yahboomcar_ws/install/arm_msgs/include/arm_msgs/arm_msgs/msg/detail/arm_joints__rosidl_typesupport_introspection_cpp.hpp\n'}
[1.365480] (arm_msgs) StdoutLine: {'line': b'-- Installing: /home/pawan/yahboomcar_ws_test/yahboomcar_ws/install/arm_msgs/include/arm_msgs/arm_msgs/msg/detail/arm_joint__rosidl_typesupport_introspection_cpp.hpp\n'}
[1.365524] (arm_interface) StdoutLine: {'line': b'-- Installing: /home/pawan/yahboomcar_ws_test/yahboomcar_ws/install/arm_interface/include/arm_interface/arm_interface/msg/detail/yolov5_detect__struct.hpp\n'}
[1.365569] (arm_msgs) StdoutLine: {'line': b'-- Installing: /home/pawan/yahboomcar_ws_test/yahboomcar_ws/install/arm_msgs/lib/libarm_msgs__rosidl_typesupport_introspection_cpp.so\n'}
[1.365616] (arm_msgs) StdoutLine: {'line': b'-- Set runtime path of "/home/pawan/yahboomcar_ws_test/yahboomcar_ws/install/arm_msgs/lib/libarm_msgs__rosidl_typesupport_introspection_cpp.so" to ""\n'}
[1.365667] (arm_msgs) StdoutLine: {'line': b'-- Installing: /home/pawan/yahboomcar_ws_test/yahboomcar_ws/install/arm_msgs/lib/libarm_msgs__rosidl_typesupport_cpp.so\n'}
[1.365721] (arm_interface) StdoutLine: {'line': b'-- Installing: /home/pawan/yahboomcar_ws_test/yahboomcar_ws/install/arm_interface/include/arm_interface/arm_interface/msg/detail/position__type_support.hpp\n'}
[1.365958] (arm_interface) StdoutLine: {'line': b'-- Installing: /home/pawan/yahboomcar_ws_test/yahboomcar_ws/install/arm_interface/include/arm_interface/arm_interface/msg/detail/yolov5_detect__traits.hpp\n'}
[1.366018] (arm_interface) StdoutLine: {'line': b'-- Installing: /home/pawan/yahboomcar_ws_test/yahboomcar_ws/install/arm_interface/include/arm_interface/arm_interface/msg/detail/cur_joints__type_support.hpp\n'}
[1.366064] (arm_interface) StdoutLine: {'line': b'-- Installing: /home/pawan/yahboomcar_ws_test/yahboomcar_ws/install/arm_interface/include/arm_interface/arm_interface/msg/detail/position__struct.hpp\n'}
[1.366120] (arm_interface) StdoutLine: {'line': b'-- Installing: /home/pawan/yahboomcar_ws_test/yahboomcar_ws/install/arm_interface/include/arm_interface/arm_interface/msg/detail/arm_joint__traits.hpp\n'}
[1.366193] (arm_interface) StdoutLine: {'line': b'-- Installing: /home/pawan/yahboomcar_ws_test/yahboomcar_ws/install/arm_interface/include/arm_interface/arm_interface/msg/detail/target_xy_roll__traits.hpp\n'}
[1.366247] (arm_interface) StdoutLine: {'line': b'-- Installing: /home/pawan/yahboomcar_ws_test/yahboomcar_ws/install/arm_interface/include/arm_interface/arm_interface/msg/detail/april_tag_info__builder.hpp\n'}
[1.366301] (arm_msgs) StdoutLine: {'line': b'-- Set runtime path of "/home/pawan/yahboomcar_ws_test/yahboomcar_ws/install/arm_msgs/lib/libarm_msgs__rosidl_typesupport_cpp.so" to ""\n'}
[1.366355] (arm_msgs) StdoutLine: {'line': b'-- Installing: /home/pawan/yahboomcar_ws_test/yahboomcar_ws/install/arm_msgs/share/arm_msgs/environment/pythonpath.sh\n'}
[1.366402] (arm_interface) StdoutLine: {'line': b'-- Installing: /home/pawan/yahboomcar_ws_test/yahboomcar_ws/install/arm_interface/include/arm_interface/arm_interface/msg/detail/center_xy__struct.hpp\n'}
[1.366448] (arm_interface) StdoutLine: {'line': b'-- Installing: /home/pawan/yahboomcar_ws_test/yahboomcar_ws/install/arm_interface/include/arm_interface/arm_interface/msg/detail/target_xy_roll__builder.hpp\n'}
[1.366495] (arm_interface) StdoutLine: {'line': b'-- Installing: /home/pawan/yahboomcar_ws_test/yahboomcar_ws/install/arm_interface/include/arm_interface/arm_interface/msg/detail/cur_joints__struct.hpp\n'}
[1.366542] (arm_interface) StdoutLine: {'line': b'-- Installing: /home/pawan/yahboomcar_ws_test/yahboomcar_ws/install/arm_interface/include/arm_interface/arm_interface/msg/detail/shape_info__struct.hpp\n'}
[1.366591] (arm_interface) StdoutLine: {'line': b'-- Installing: /home/pawan/yahboomcar_ws_test/yahboomcar_ws/install/arm_interface/include/arm_interface/arm_interface/msg/detail/cur_joints__builder.hpp\n'}
[1.366640] (arm_interface) StdoutLine: {'line': b'-- Installing: /home/pawan/yahboomcar_ws_test/yahboomcar_ws/install/arm_interface/include/arm_interface/arm_interface/msg/detail/target_xy_roll__type_support.hpp\n'}
[1.366687] (arm_interface) StdoutLine: {'line': b'-- Installing: /home/pawan/yahboomcar_ws_test/yahboomcar_ws/install/arm_interface/include/arm_interface/arm_interface/msg/detail/center_xy__traits.hpp\n'}
[1.366731] (arm_interface) StdoutLine: {'line': b'-- Installing: /home/pawan/yahboomcar_ws_test/yahboomcar_ws/install/arm_interface/include/arm_interface/arm_interface/msg/detail/arm_joint__struct.hpp\n'}
[1.366834] (arm_interface) StdoutLine: {'line': b'-- Installing: /home/pawan/yahboomcar_ws_test/yahboomcar_ws/install/arm_interface/include/arm_interface/arm_interface/msg/detail/shape_info__traits.hpp\n'}
[1.366904] (arm_interface) StdoutLine: {'line': b'-- Installing: /home/pawan/yahboomcar_ws_test/yahboomcar_ws/install/arm_interface/include/arm_interface/arm_interface/msg/detail/center_xy__builder.hpp\n'}
[1.367068] (arm_interface) StdoutLine: {'line': b'-- Installing: /home/pawan/yahboomcar_ws_test/yahboomcar_ws/install/arm_interface/include/arm_interface/arm_interface/msg/detail/target_xy_roll__struct.hpp\n'}
[1.367204] (arm_interface) StdoutLine: {'line': b'-- Installing: /home/pawan/yahboomcar_ws_test/yahboomcar_ws/install/arm_interface/include/arm_interface/arm_interface/msg/detail/position__builder.hpp\n'}
[1.367260] (arm_interface) StdoutLine: {'line': b'-- Installing: /home/pawan/yahboomcar_ws_test/yahboomcar_ws/install/arm_interface/include/arm_interface/arm_interface/msg/detail/april_tag_info__type_support.hpp\n'}
[1.367311] (arm_msgs) StdoutLine: {'line': b'-- Installing: /home/pawan/yahboomcar_ws_test/yahboomcar_ws/install/arm_msgs/share/arm_msgs/environment/pythonpath.dsv\n'}
[1.367727] (arm_msgs) StdoutLine: {'line': b'-- Installing: /home/pawan/yahboomcar_ws_test/yahboomcar_ws/install/arm_msgs/local/lib/python3.10/dist-packages/arm_msgs-0.0.0-py3.10.egg-info\n'}
[1.367878] (arm_msgs) StdoutLine: {'line': b'-- Installing: /home/pawan/yahboomcar_ws_test/yahboomcar_ws/install/arm_msgs/local/lib/python3.10/dist-packages/arm_msgs-0.0.0-py3.10.egg-info/dependency_links.txt\n'}
[1.367938] (arm_msgs) StdoutLine: {'line': b'-- Installing: /home/pawan/yahboomcar_ws_test/yahboomcar_ws/install/arm_msgs/local/lib/python3.10/dist-packages/arm_msgs-0.0.0-py3.10.egg-info/SOURCES.txt\n'}
[1.367986] (arm_msgs) StdoutLine: {'line': b'-- Installing: /home/pawan/yahboomcar_ws_test/yahboomcar_ws/install/arm_msgs/local/lib/python3.10/dist-packages/arm_msgs-0.0.0-py3.10.egg-info/PKG-INFO\n'}
[1.368030] (arm_msgs) StdoutLine: {'line': b'-- Installing: /home/pawan/yahboomcar_ws_test/yahboomcar_ws/install/arm_msgs/local/lib/python3.10/dist-packages/arm_msgs-0.0.0-py3.10.egg-info/top_level.txt\n'}
[1.368074] (arm_msgs) StdoutLine: {'line': b'-- Installing: /home/pawan/yahboomcar_ws_test/yahboomcar_ws/install/arm_msgs/local/lib/python3.10/dist-packages/arm_msgs\n'}
[1.368117] (arm_msgs) StdoutLine: {'line': b'-- Installing: /home/pawan/yahboomcar_ws_test/yahboomcar_ws/install/arm_msgs/local/lib/python3.10/dist-packages/arm_msgs/_arm_msgs_s.ep.rosidl_typesupport_c.c\n'}
[1.368164] (arm_msgs) StdoutLine: {'line': b'-- Installing: /home/pawan/yahboomcar_ws_test/yahboomcar_ws/install/arm_msgs/local/lib/python3.10/dist-packages/arm_msgs/_arm_msgs_s.ep.rosidl_typesupport_fastrtps_c.c\n'}
[1.368211] (arm_msgs) StdoutLine: {'line': b'-- Installing: /home/pawan/yahboomcar_ws_test/yahboomcar_ws/install/arm_msgs/local/lib/python3.10/dist-packages/arm_msgs/__init__.py\n'}
[1.368256] (arm_msgs) StdoutLine: {'line': b'-- Installing: /home/pawan/yahboomcar_ws_test/yahboomcar_ws/install/arm_msgs/local/lib/python3.10/dist-packages/arm_msgs/msg\n'}
[1.368304] (arm_msgs) StdoutLine: {'line': b'-- Installing: /home/pawan/yahboomcar_ws_test/yahboomcar_ws/install/arm_msgs/local/lib/python3.10/dist-packages/arm_msgs/msg/_arm_joints_s.c\n'}
[1.368348] (arm_msgs) StdoutLine: {'line': b'-- Installing: /home/pawan/yahboomcar_ws_test/yahboomcar_ws/install/arm_msgs/local/lib/python3.10/dist-packages/arm_msgs/msg/__init__.py\n'}
[1.368393] (arm_msgs) StdoutLine: {'line': b'-- Installing: /home/pawan/yahboomcar_ws_test/yahboomcar_ws/install/arm_msgs/local/lib/python3.10/dist-packages/arm_msgs/msg/_arm_joints.py\n'}
[1.368442] (arm_interface) StdoutLine: {'line': b'-- Installing: /home/pawan/yahboomcar_ws_test/yahboomcar_ws/install/arm_interface/include/arm_interface/arm_interface/msg/detail/april_tag_info__traits.hpp\n'}
[1.368498] (arm_interface) StdoutLine: {'line': b'-- Installing: /home/pawan/yahboomcar_ws_test/yahboomcar_ws/install/arm_interface/include/arm_interface/arm_interface/msg/detail/position__traits.hpp\n'}
[1.368549] (arm_interface) StdoutLine: {'line': b'-- Installing: /home/pawan/yahboomcar_ws_test/yahboomcar_ws/install/arm_interface/include/arm_interface/arm_interface/msg/detail/arm_joint__type_support.hpp\n'}
[1.368598] (arm_msgs) StdoutLine: {'line': b'-- Installing: /home/pawan/yahboomcar_ws_test/yahboomcar_ws/install/arm_msgs/local/lib/python3.10/dist-packages/arm_msgs/msg/_arm_joint.py\n'}
[1.368646] (arm_interface) StdoutLine: {'line': b'-- Installing: /home/pawan/yahboomcar_ws_test/yahboomcar_ws/install/arm_interface/include/arm_interface/arm_interface/msg/cur_joints.hpp\n'}
[1.368692] (arm_interface) StdoutLine: {'line': b'-- Installing: /home/pawan/yahboomcar_ws_test/yahboomcar_ws/install/arm_interface/include/arm_interface/arm_interface/msg/arm_joint.hpp\n'}
[1.368740] (arm_interface) StdoutLine: {'line': b'-- Installing: /home/pawan/yahboomcar_ws_test/yahboomcar_ws/install/arm_interface/include/arm_interface/arm_interface/msg/center_xy.hpp\n'}
[1.368796] (arm_interface) StdoutLine: {'line': b'-- Installing: /home/pawan/yahboomcar_ws_test/yahboomcar_ws/install/arm_interface/include/arm_interface/arm_interface/msg/target_xy_roll.hpp\n'}
[1.368843] (arm_interface) StdoutLine: {'line': b'-- Installing: /home/pawan/yahboomcar_ws_test/yahboomcar_ws/install/arm_interface/include/arm_interface/arm_interface/msg/position.hpp\n'}
[1.368886] (arm_interface) StdoutLine: {'line': b'-- Installing: /home/pawan/yahboomcar_ws_test/yahboomcar_ws/install/arm_interface/include/arm_interface/arm_interface/msg/yolov5_detect.hpp\n'}
[1.368938] (arm_msgs) StdoutLine: {'line': b'-- Installing: /home/pawan/yahboomcar_ws_test/yahboomcar_ws/install/arm_msgs/local/lib/python3.10/dist-packages/arm_msgs/msg/_arm_joint_s.c\n'}
[1.368992] (arm_msgs) StdoutLine: {'line': b'-- Installing: /home/pawan/yahboomcar_ws_test/yahboomcar_ws/install/arm_msgs/local/lib/python3.10/dist-packages/arm_msgs/arm_msgs_s__rosidl_typesupport_fastrtps_c.cpython-310-x86_64-linux-gnu.so\n'}
[1.369039] (arm_msgs) StdoutLine: {'line': b'-- Installing: /home/pawan/yahboomcar_ws_test/yahboomcar_ws/install/arm_msgs/local/lib/python3.10/dist-packages/arm_msgs/arm_msgs_s__rosidl_typesupport_introspection_c.cpython-310-x86_64-linux-gnu.so\n'}
[1.369086] (arm_msgs) StdoutLine: {'line': b'-- Installing: /home/pawan/yahboomcar_ws_test/yahboomcar_ws/install/arm_msgs/local/lib/python3.10/dist-packages/arm_msgs/arm_msgs_s__rosidl_typesupport_c.cpython-310-x86_64-linux-gnu.so\n'}
[1.369134] (arm_msgs) StdoutLine: {'line': b'-- Installing: /home/pawan/yahboomcar_ws_test/yahboomcar_ws/install/arm_msgs/local/lib/python3.10/dist-packages/arm_msgs/_arm_msgs_s.ep.rosidl_typesupport_introspection_c.c\n'}
[1.369179] (arm_msgs) StdoutLine: {'line': b'-- Installing: /home/pawan/yahboomcar_ws_test/yahboomcar_ws/install/arm_msgs/local/lib/python3.10/dist-packages/arm_msgs/libarm_msgs__rosidl_generator_py.so\n'}
[1.369223] (arm_interface) StdoutLine: {'line': b'-- Up-to-date: /home/pawan/yahboomcar_ws_test/yahboomcar_ws/install/arm_interface/include/arm_interface/arm_interface/srv\n'}
[1.369269] (arm_interface) StdoutLine: {'line': b'-- Up-to-date: /home/pawan/yahboomcar_ws_test/yahboomcar_ws/install/arm_interface/include/arm_interface/arm_interface/srv/detail\n'}
[1.369313] (arm_interface) StdoutLine: {'line': b'-- Installing: /home/pawan/yahboomcar_ws_test/yahboomcar_ws/install/arm_interface/include/arm_interface/arm_interface/srv/detail/arm_kinemarics__type_support.hpp\n'}
[1.369360] (arm_interface) StdoutLine: {'line': b'-- Installing: /home/pawan/yahboomcar_ws_test/yahboomcar_ws/install/arm_interface/include/arm_interface/arm_interface/srv/detail/arm_kinemarics__traits.hpp\n'}
[1.369417] (arm_interface) StdoutLine: {'line': b'-- Installing: /home/pawan/yahboomcar_ws_test/yahboomcar_ws/install/arm_interface/include/arm_interface/arm_interface/srv/detail/arm_kinemarics__builder.hpp\n'}
[1.369462] (arm_interface) StdoutLine: {'line': b'-- Installing: /home/pawan/yahboomcar_ws_test/yahboomcar_ws/install/arm_interface/include/arm_interface/arm_interface/srv/detail/arm_kinemarics__struct.hpp\n'}
[1.369506] (yahboomcar_msgs) StdoutLine: {'line': b'\x1b[35m\x1b[1mConsolidate compiler generated dependencies of target yahboomcar_msgs__rosidl_generator_c\x1b[0m\n'}
[1.369573] (arm_interface) StdoutLine: {'line': b'-- Installing: /home/pawan/yahboomcar_ws_test/yahboomcar_ws/install/arm_interface/include/arm_interface/arm_interface/srv/arm_kinemarics.hpp\n'}
[1.369621] (arm_interface) StdoutLine: {'line': b'-- Up-to-date: /home/pawan/yahboomcar_ws_test/yahboomcar_ws/install/arm_interface/include/arm_interface/arm_interface\n'}
[1.369669] (arm_interface) StdoutLine: {'line': b'-- Up-to-date: /home/pawan/yahboomcar_ws_test/yahboomcar_ws/install/arm_interface/include/arm_interface/arm_interface/msg\n'}
[1.369713] (arm_interface) StdoutLine: {'line': b'-- Up-to-date: /home/pawan/yahboomcar_ws_test/yahboomcar_ws/install/arm_interface/include/arm_interface/arm_interface/msg/detail\n'}
[1.369760] (arm_interface) StdoutLine: {'line': b'-- Installing: /home/pawan/yahboomcar_ws_test/yahboomcar_ws/install/arm_interface/include/arm_interface/arm_interface/msg/detail/april_tag_info__rosidl_typesupport_fastrtps_cpp.hpp\n'}
[1.369809] (arm_interface) StdoutLine: {'line': b'-- Installing: /home/pawan/yahboomcar_ws_test/yahboomcar_ws/install/arm_interface/include/arm_interface/arm_interface/msg/detail/arm_joint__rosidl_typesupport_fastrtps_cpp.hpp\n'}
[1.369854] (arm_interface) StdoutLine: {'line': b'-- Installing: /home/pawan/yahboomcar_ws_test/yahboomcar_ws/install/arm_interface/include/arm_interface/arm_interface/msg/detail/target_xy_roll__rosidl_typesupport_fastrtps_cpp.hpp\n'}
[1.369900] (arm_interface) StdoutLine: {'line': b'-- Installing: /home/pawan/yahboomcar_ws_test/yahboomcar_ws/install/arm_interface/include/arm_interface/arm_interface/msg/detail/position__rosidl_typesupport_fastrtps_cpp.hpp\n'}
[1.369944] (arm_interface) StdoutLine: {'line': b'-- Installing: /home/pawan/yahboomcar_ws_test/yahboomcar_ws/install/arm_interface/include/arm_interface/arm_interface/msg/detail/shape_info__rosidl_typesupport_fastrtps_cpp.hpp\n'}
[1.369983] (arm_interface) StdoutLine: {'line': b'-- Installing: /home/pawan/yahboomcar_ws_test/yahboomcar_ws/install/arm_interface/include/arm_interface/arm_interface/msg/detail/cur_joints__rosidl_typesupport_fastrtps_cpp.hpp\n'}
[1.370027] (arm_interface) StdoutLine: {'line': b'-- Installing: /home/pawan/yahboomcar_ws_test/yahboomcar_ws/install/arm_interface/include/arm_interface/arm_interface/msg/detail/dds_fastrtps\n'}
[1.370072] (arm_interface) StdoutLine: {'line': b'-- Installing: /home/pawan/yahboomcar_ws_test/yahboomcar_ws/install/arm_interface/include/arm_interface/arm_interface/msg/detail/center_xy__rosidl_typesupport_fastrtps_cpp.hpp\n'}
[1.370114] (arm_interface) StdoutLine: {'line': b'-- Installing: /home/pawan/yahboomcar_ws_test/yahboomcar_ws/install/arm_interface/include/arm_interface/arm_interface/msg/detail/yolov5_detect__rosidl_typesupport_fastrtps_cpp.hpp\n'}
[1.370156] (arm_interface) StdoutLine: {'line': b'-- Installing: /home/pawan/yahboomcar_ws_test/yahboomcar_ws/install/arm_interface/include/arm_interface/arm_interface/msg/rosidl_typesupport_fastrtps_cpp__visibility_control.h\n'}
[1.370196] (arm_interface) StdoutLine: {'line': b'-- Up-to-date: /home/pawan/yahboomcar_ws_test/yahboomcar_ws/install/arm_interface/include/arm_interface/arm_interface/srv\n'}
[1.370238] (arm_interface) StdoutLine: {'line': b'-- Up-to-date: /home/pawan/yahboomcar_ws_test/yahboomcar_ws/install/arm_interface/include/arm_interface/arm_interface/srv/detail\n'}
[1.370279] (arm_interface) StdoutLine: {'line': b'-- Installing: /home/pawan/yahboomcar_ws_test/yahboomcar_ws/install/arm_interface/include/arm_interface/arm_interface/srv/detail/dds_fastrtps\n'}
[1.370319] (arm_interface) StdoutLine: {'line': b'-- Installing: /home/pawan/yahboomcar_ws_test/yahboomcar_ws/install/arm_interface/include/arm_interface/arm_interface/srv/detail/arm_kinemarics__rosidl_typesupport_fastrtps_cpp.hpp\n'}
[1.370358] (arm_interface) StdoutLine: {'line': b'-- Installing: /home/pawan/yahboomcar_ws_test/yahboomcar_ws/install/arm_interface/lib/libarm_interface__rosidl_typesupport_fastrtps_cpp.so\n'}
[1.370398] (arm_interface) StdoutLine: {'line': b'-- Set runtime path of "/home/pawan/yahboomcar_ws_test/yahboomcar_ws/install/arm_interface/lib/libarm_interface__rosidl_typesupport_fastrtps_cpp.so" to ""\n'}
[1.370438] (arm_interface) StdoutLine: {'line': b'-- Up-to-date: /home/pawan/yahboomcar_ws_test/yahboomcar_ws/install/arm_interface/include/arm_interface/arm_interface\n'}
[1.370481] (arm_interface) StdoutLine: {'line': b'-- Up-to-date: /home/pawan/yahboomcar_ws_test/yahboomcar_ws/install/arm_interface/include/arm_interface/arm_interface/msg\n'}
[1.370525] (arm_interface) StdoutLine: {'line': b'-- Installing: /home/pawan/yahboomcar_ws_test/yahboomcar_ws/install/arm_interface/include/arm_interface/arm_interface/msg/rosidl_typesupport_introspection_c__visibility_control.h\n'}
[1.370567] (arm_interface) StdoutLine: {'line': b'-- Up-to-date: /home/pawan/yahboomcar_ws_test/yahboomcar_ws/install/arm_interface/include/arm_interface/arm_interface/msg/detail\n'}
[1.370610] (arm_interface) StdoutLine: {'line': b'-- Installing: /home/pawan/yahboomcar_ws_test/yahboomcar_ws/install/arm_interface/include/arm_interface/arm_interface/msg/detail/position__rosidl_typesupport_introspection_c.h\n'}
[1.370666] (arm_interface) StdoutLine: {'line': b'-- Installing: /home/pawan/yahboomcar_ws_test/yahboomcar_ws/install/arm_interface/include/arm_interface/arm_interface/msg/detail/target_xy_roll__type_support.c\n'}
[1.370722] (arm_interface) StdoutLine: {'line': b'-- Installing: /home/pawan/yahboomcar_ws_test/yahboomcar_ws/install/arm_interface/include/arm_interface/arm_interface/msg/detail/target_xy_roll__rosidl_typesupport_introspection_c.h\n'}
[1.370781] (arm_interface) StdoutLine: {'line': b'-- Installing: /home/pawan/yahboomcar_ws_test/yahboomcar_ws/install/arm_interface/include/arm_interface/arm_interface/msg/detail/cur_joints__type_support.c\n'}
[1.370833] (arm_interface) StdoutLine: {'line': b'-- Installing: /home/pawan/yahboomcar_ws_test/yahboomcar_ws/install/arm_interface/include/arm_interface/arm_interface/msg/detail/yolov5_detect__type_support.c\n'}
[1.370884] (arm_interface) StdoutLine: {'line': b'-- Installing: /home/pawan/yahboomcar_ws_test/yahboomcar_ws/install/arm_interface/include/arm_interface/arm_interface/msg/detail/shape_info__type_support.c\n'}
[1.370934] (arm_interface) StdoutLine: {'line': b'-- Installing: /home/pawan/yahboomcar_ws_test/yahboomcar_ws/install/arm_interface/include/arm_interface/arm_interface/msg/detail/arm_joint__rosidl_typesupport_introspection_c.h\n'}
[1.370982] (arm_interface) StdoutLine: {'line': b'-- Installing: /home/pawan/yahboomcar_ws_test/yahboomcar_ws/install/arm_interface/include/arm_interface/arm_interface/msg/detail/yolov5_detect__rosidl_typesupport_introspection_c.h\n'}
[1.371032] (arm_interface) StdoutLine: {'line': b'-- Installing: /home/pawan/yahboomcar_ws_test/yahboomcar_ws/install/arm_interface/include/arm_interface/arm_interface/msg/detail/cur_joints__rosidl_typesupport_introspection_c.h\n'}
[1.371085] (arm_interface) StdoutLine: {'line': b'-- Installing: /home/pawan/yahboomcar_ws_test/yahboomcar_ws/install/arm_interface/include/arm_interface/arm_interface/msg/detail/shape_info__rosidl_typesupport_introspection_c.h\n'}
[1.371327] (arm_interface) StdoutLine: {'line': b'-- Installing: /home/pawan/yahboomcar_ws_test/yahboomcar_ws/install/arm_interface/include/arm_interface/arm_interface/msg/detail/center_xy__rosidl_typesupport_introspection_c.h\n'}
[1.371382] (arm_interface) StdoutLine: {'line': b'-- Installing: /home/pawan/yahboomcar_ws_test/yahboomcar_ws/install/arm_interface/include/arm_interface/arm_interface/msg/detail/center_xy__type_support.c\n'}
[1.371433] (arm_interface) StdoutLine: {'line': b'-- Installing: /home/pawan/yahboomcar_ws_test/yahboomcar_ws/install/arm_interface/include/arm_interface/arm_interface/msg/detail/april_tag_info__rosidl_typesupport_introspection_c.h\n'}
[1.371480] (arm_interface) StdoutLine: {'line': b'-- Installing: /home/pawan/yahboomcar_ws_test/yahboomcar_ws/install/arm_interface/include/arm_interface/arm_interface/msg/detail/arm_joint__type_support.c\n'}
[1.371528] (arm_interface) StdoutLine: {'line': b'-- Installing: /home/pawan/yahboomcar_ws_test/yahboomcar_ws/install/arm_interface/include/arm_interface/arm_interface/msg/detail/april_tag_info__type_support.c\n'}
[1.371579] (arm_interface) StdoutLine: {'line': b'-- Installing: /home/pawan/yahboomcar_ws_test/yahboomcar_ws/install/arm_interface/include/arm_interface/arm_interface/msg/detail/position__type_support.c\n'}
[1.371633] (arm_interface) StdoutLine: {'line': b'-- Up-to-date: /home/pawan/yahboomcar_ws_test/yahboomcar_ws/install/arm_interface/include/arm_interface/arm_interface/srv\n'}
[1.371691] (arm_interface) StdoutLine: {'line': b'-- Up-to-date: /home/pawan/yahboomcar_ws_test/yahboomcar_ws/install/arm_interface/include/arm_interface/arm_interface/srv/detail\n'}
[1.371744] (arm_interface) StdoutLine: {'line': b'-- Installing: /home/pawan/yahboomcar_ws_test/yahboomcar_ws/install/arm_interface/include/arm_interface/arm_interface/srv/detail/arm_kinemarics__rosidl_typesupport_introspection_c.h\n'}
[1.372095] (arm_interface) StdoutLine: {'line': b'-- Installing: /home/pawan/yahboomcar_ws_test/yahboomcar_ws/install/arm_interface/include/arm_interface/arm_interface/srv/detail/arm_kinemarics__type_support.c\n'}
[1.372164] (arm_interface) StdoutLine: {'line': b'-- Installing: /home/pawan/yahboomcar_ws_test/yahboomcar_ws/install/arm_interface/lib/libarm_interface__rosidl_typesupport_introspection_c.so\n'}
[1.372260] (arm_interface) StdoutLine: {'line': b'-- Set runtime path of "/home/pawan/yahboomcar_ws_test/yahboomcar_ws/install/arm_interface/lib/libarm_interface__rosidl_typesupport_introspection_c.so" to ""\n'}
[1.372320] (arm_interface) StdoutLine: {'line': b'-- Installing: /home/pawan/yahboomcar_ws_test/yahboomcar_ws/install/arm_interface/lib/libarm_interface__rosidl_typesupport_c.so\n'}
[1.372375] (arm_interface) StdoutLine: {'line': b'-- Set runtime path of "/home/pawan/yahboomcar_ws_test/yahboomcar_ws/install/arm_interface/lib/libarm_interface__rosidl_typesupport_c.so" to ""\n'}
[1.372428] (arm_interface) StdoutLine: {'line': b'-- Up-to-date: /home/pawan/yahboomcar_ws_test/yahboomcar_ws/install/arm_interface/include/arm_interface/arm_interface\n'}
[1.372479] (arm_interface) StdoutLine: {'line': b'-- Up-to-date: /home/pawan/yahboomcar_ws_test/yahboomcar_ws/install/arm_interface/include/arm_interface/arm_interface/msg\n'}
[1.372532] (arm_interface) StdoutLine: {'line': b'-- Up-to-date: /home/pawan/yahboomcar_ws_test/yahboomcar_ws/install/arm_interface/include/arm_interface/arm_interface/msg/detail\n'}
[1.372709] (arm_interface) StdoutLine: {'line': b'-- Installing: /home/pawan/yahboomcar_ws_test/yahboomcar_ws/install/arm_interface/include/arm_interface/arm_interface/msg/detail/arm_joint__type_support.cpp\n'}
[1.373156] (arm_interface) StdoutLine: {'line': b'-- Installing: /home/pawan/yahboomcar_ws_test/yahboomcar_ws/install/arm_interface/include/arm_interface/arm_interface/msg/detail/shape_info__rosidl_typesupport_introspection_cpp.hpp\n'}
[1.373240] (arm_interface) StdoutLine: {'line': b'-- Installing: /home/pawan/yahboomcar_ws_test/yahboomcar_ws/install/arm_interface/include/arm_interface/arm_interface/msg/detail/april_tag_info__type_support.cpp\n'}
[1.373289] (arm_interface) StdoutLine: {'line': b'-- Installing: /home/pawan/yahboomcar_ws_test/yahboomcar_ws/install/arm_interface/include/arm_interface/arm_interface/msg/detail/yolov5_detect__type_support.cpp\n'}
[1.373332] (arm_interface) StdoutLine: {'line': b'-- Installing: /home/pawan/yahboomcar_ws_test/yahboomcar_ws/install/arm_interface/include/arm_interface/arm_interface/msg/detail/cur_joints__type_support.cpp\n'}
[1.373372] (arm_interface) StdoutLine: {'line': b'-- Installing: /home/pawan/yahboomcar_ws_test/yahboomcar_ws/install/arm_interface/include/arm_interface/arm_interface/msg/detail/position__rosidl_typesupport_introspection_cpp.hpp\n'}
[1.373411] (arm_interface) StdoutLine: {'line': b'-- Installing: /home/pawan/yahboomcar_ws_test/yahboomcar_ws/install/arm_interface/include/arm_interface/arm_interface/msg/detail/center_xy__rosidl_typesupport_introspection_cpp.hpp\n'}
[1.373458] (arm_interface) StdoutLine: {'line': b'-- Installing: /home/pawan/yahboomcar_ws_test/yahboomcar_ws/install/arm_interface/include/arm_interface/arm_interface/msg/detail/position__type_support.cpp\n'}
[1.373500] (arm_interface) StdoutLine: {'line': b'-- Installing: /home/pawan/yahboomcar_ws_test/yahboomcar_ws/install/arm_interface/include/arm_interface/arm_interface/msg/detail/cur_joints__rosidl_typesupport_introspection_cpp.hpp\n'}
[1.373541] (arm_interface) StdoutLine: {'line': b'-- Installing: /home/pawan/yahboomcar_ws_test/yahboomcar_ws/install/arm_interface/include/arm_interface/arm_interface/msg/detail/center_xy__type_support.cpp\n'}
[1.373582] (arm_interface) StdoutLine: {'line': b'-- Installing: /home/pawan/yahboomcar_ws_test/yahboomcar_ws/install/arm_interface/include/arm_interface/arm_interface/msg/detail/shape_info__type_support.cpp\n'}
[1.373621] (arm_interface) StdoutLine: {'line': b'-- Installing: /home/pawan/yahboomcar_ws_test/yahboomcar_ws/install/arm_interface/include/arm_interface/arm_interface/msg/detail/target_xy_roll__type_support.cpp\n'}
[1.373659] (arm_interface) StdoutLine: {'line': b'-- Installing: /home/pawan/yahboomcar_ws_test/yahboomcar_ws/install/arm_interface/include/arm_interface/arm_interface/msg/detail/yolov5_detect__rosidl_typesupport_introspection_cpp.hpp\n'}
[1.373697] (arm_interface) StdoutLine: {'line': b'-- Installing: /home/pawan/yahboomcar_ws_test/yahboomcar_ws/install/arm_interface/include/arm_interface/arm_interface/msg/detail/target_xy_roll__rosidl_typesupport_introspection_cpp.hpp\n'}
[1.373741] (arm_interface) StdoutLine: {'line': b'-- Installing: /home/pawan/yahboomcar_ws_test/yahboomcar_ws/install/arm_interface/include/arm_interface/arm_interface/msg/detail/arm_joint__rosidl_typesupport_introspection_cpp.hpp\n'}
[1.373790] (arm_interface) StdoutLine: {'line': b'-- Installing: /home/pawan/yahboomcar_ws_test/yahboomcar_ws/install/arm_interface/include/arm_interface/arm_interface/msg/detail/april_tag_info__rosidl_typesupport_introspection_cpp.hpp\n'}
[1.373829] (arm_interface) StdoutLine: {'line': b'-- Up-to-date: /home/pawan/yahboomcar_ws_test/yahboomcar_ws/install/arm_interface/include/arm_interface/arm_interface/srv\n'}
[1.373865] (arm_interface) StdoutLine: {'line': b'-- Up-to-date: /home/pawan/yahboomcar_ws_test/yahboomcar_ws/install/arm_interface/include/arm_interface/arm_interface/srv/detail\n'}
[1.373902] (arm_interface) StdoutLine: {'line': b'-- Installing: /home/pawan/yahboomcar_ws_test/yahboomcar_ws/install/arm_interface/include/arm_interface/arm_interface/srv/detail/arm_kinemarics__type_support.cpp\n'}
[1.373942] (arm_interface) StdoutLine: {'line': b'-- Installing: /home/pawan/yahboomcar_ws_test/yahboomcar_ws/install/arm_interface/include/arm_interface/arm_interface/srv/detail/arm_kinemarics__rosidl_typesupport_introspection_cpp.hpp\n'}
[1.373972] (arm_interface) StdoutLine: {'line': b'-- Installing: /home/pawan/yahboomcar_ws_test/yahboomcar_ws/install/arm_interface/lib/libarm_interface__rosidl_typesupport_introspection_cpp.so\n'}
[1.374000] (arm_interface) StdoutLine: {'line': b'-- Set runtime path of "/home/pawan/yahboomcar_ws_test/yahboomcar_ws/install/arm_interface/lib/libarm_interface__rosidl_typesupport_introspection_cpp.so" to ""\n'}
[1.374027] (arm_interface) StdoutLine: {'line': b'-- Installing: /home/pawan/yahboomcar_ws_test/yahboomcar_ws/install/arm_interface/lib/libarm_interface__rosidl_typesupport_cpp.so\n'}
[1.374062] (arm_interface) StdoutLine: {'line': b'-- Set runtime path of "/home/pawan/yahboomcar_ws_test/yahboomcar_ws/install/arm_interface/lib/libarm_interface__rosidl_typesupport_cpp.so" to ""\n'}
[1.374101] (arm_interface) StdoutLine: {'line': b'-- Installing: /home/pawan/yahboomcar_ws_test/yahboomcar_ws/install/arm_interface/share/arm_interface/environment/pythonpath.sh\n'}
[1.374152] (arm_interface) StdoutLine: {'line': b'-- Installing: /home/pawan/yahboomcar_ws_test/yahboomcar_ws/install/arm_interface/share/arm_interface/environment/pythonpath.dsv\n'}
[1.374187] (arm_interface) StdoutLine: {'line': b'-- Installing: /home/pawan/yahboomcar_ws_test/yahboomcar_ws/install/arm_interface/local/lib/python3.10/dist-packages/arm_interface-0.0.0-py3.10.egg-info\n'}
[1.374223] (arm_interface) StdoutLine: {'line': b'-- Installing: /home/pawan/yahboomcar_ws_test/yahboomcar_ws/install/arm_interface/local/lib/python3.10/dist-packages/arm_interface-0.0.0-py3.10.egg-info/dependency_links.txt\n'}
[1.374265] (arm_interface) StdoutLine: {'line': b'-- Installing: /home/pawan/yahboomcar_ws_test/yahboomcar_ws/install/arm_interface/local/lib/python3.10/dist-packages/arm_interface-0.0.0-py3.10.egg-info/SOURCES.txt\n'}
[1.374309] (yahboomcar_msgs) StdoutLine: {'line': b'[  1%] Built target yahboomcar_msgs__rs\n'}
[1.374409] (yahboomcar_msgs) StdoutLine: {'line': b'[ 12%] Built target yahboomcar_msgs__rosidl_generator_c\n'}
[1.374463] (arm_interface) StdoutLine: {'line': b'-- Installing: /home/pawan/yahboomcar_ws_test/yahboomcar_ws/install/arm_interface/local/lib/python3.10/dist-packages/arm_interface-0.0.0-py3.10.egg-info/PKG-INFO\n'}
[1.374509] (arm_interface) StdoutLine: {'line': b'-- Installing: /home/pawan/yahboomcar_ws_test/yahboomcar_ws/install/arm_interface/local/lib/python3.10/dist-packages/arm_interface-0.0.0-py3.10.egg-info/top_level.txt\n'}
[1.374557] (arm_interface) StdoutLine: {'line': b'-- Installing: /home/pawan/yahboomcar_ws_test/yahboomcar_ws/install/arm_interface/local/lib/python3.10/dist-packages/arm_interface\n'}
[1.374605] (arm_interface) StdoutLine: {'line': b'-- Installing: /home/pawan/yahboomcar_ws_test/yahboomcar_ws/install/arm_interface/local/lib/python3.10/dist-packages/arm_interface/__init__.py\n'}
[1.374650] (arm_interface) StdoutLine: {'line': b'-- Installing: /home/pawan/yahboomcar_ws_test/yahboomcar_ws/install/arm_interface/local/lib/python3.10/dist-packages/arm_interface/_arm_interface_s.ep.rosidl_typesupport_fastrtps_c.c\n'}
[1.374695] (arm_interface) StdoutLine: {'line': b'-- Installing: /home/pawan/yahboomcar_ws_test/yahboomcar_ws/install/arm_interface/local/lib/python3.10/dist-packages/arm_interface/arm_interface_s__rosidl_typesupport_introspection_c.cpython-310-x86_64-linux-gnu.so\n'}
[1.374741] (arm_interface) StdoutLine: {'line': b'-- Installing: /home/pawan/yahboomcar_ws_test/yahboomcar_ws/install/arm_interface/local/lib/python3.10/dist-packages/arm_interface/libarm_interface__rosidl_generator_py.so\n'}
[1.374796] (arm_interface) StdoutLine: {'line': b'-- Installing: /home/pawan/yahboomcar_ws_test/yahboomcar_ws/install/arm_interface/local/lib/python3.10/dist-packages/arm_interface/msg\n'}
[1.374841] (arm_interface) StdoutLine: {'line': b'-- Installing: /home/pawan/yahboomcar_ws_test/yahboomcar_ws/install/arm_interface/local/lib/python3.10/dist-packages/arm_interface/msg/__init__.py\n'}
[1.374884] (arm_interface) StdoutLine: {'line': b'-- Installing: /home/pawan/yahboomcar_ws_test/yahboomcar_ws/install/arm_interface/local/lib/python3.10/dist-packages/arm_interface/msg/_april_tag_info_s.c\n'}
[1.374929] (arm_interface) StdoutLine: {'line': b'-- Installing: /home/pawan/yahboomcar_ws_test/yahboomcar_ws/install/arm_interface/local/lib/python3.10/dist-packages/arm_interface/msg/_center_xy_s.c\n'}
[1.374974] (arm_interface) StdoutLine: {'line': b'-- Installing: /home/pawan/yahboomcar_ws_test/yahboomcar_ws/install/arm_interface/local/lib/python3.10/dist-packages/arm_interface/msg/_target_xy_roll.py\n'}
[1.375018] (arm_interface) StdoutLine: {'line': b'-- Installing: /home/pawan/yahboomcar_ws_test/yahboomcar_ws/install/arm_interface/local/lib/python3.10/dist-packages/arm_interface/msg/_cur_joints.py\n'}
[1.375062] (arm_interface) StdoutLine: {'line': b'-- Installing: /home/pawan/yahboomcar_ws_test/yahboomcar_ws/install/arm_interface/local/lib/python3.10/dist-packages/arm_interface/msg/_shape_info_s.c\n'}
[1.375105] (arm_interface) StdoutLine: {'line': b'-- Installing: /home/pawan/yahboomcar_ws_test/yahboomcar_ws/install/arm_interface/local/lib/python3.10/dist-packages/arm_interface/msg/_april_tag_info.py\n'}
[1.375148] (arm_interface) StdoutLine: {'line': b'-- Installing: /home/pawan/yahboomcar_ws_test/yahboomcar_ws/install/arm_interface/local/lib/python3.10/dist-packages/arm_interface/msg/_position_s.c\n'}
[1.375191] (arm_interface) StdoutLine: {'line': b'-- Installing: /home/pawan/yahboomcar_ws_test/yahboomcar_ws/install/arm_interface/local/lib/python3.10/dist-packages/arm_interface/msg/_shape_info.py\n'}
[1.375236] (yahboomcar_msgs) StdoutLine: {'line': b'[ 14%] Built target yahboomcar_msgs__cpp\n'}
[1.375290] (arm_interface) StdoutLine: {'line': b'-- Installing: /home/pawan/yahboomcar_ws_test/yahboomcar_ws/install/arm_interface/local/lib/python3.10/dist-packages/arm_interface/msg/_yolov5_detect_s.c\n'}
[1.375337] (arm_interface) StdoutLine: {'line': b'-- Installing: /home/pawan/yahboomcar_ws_test/yahboomcar_ws/install/arm_interface/local/lib/python3.10/dist-packages/arm_interface/msg/_yolov5_detect.py\n'}
[1.375383] (arm_interface) StdoutLine: {'line': b'-- Installing: /home/pawan/yahboomcar_ws_test/yahboomcar_ws/install/arm_interface/local/lib/python3.10/dist-packages/arm_interface/msg/_cur_joints_s.c\n'}
[1.375426] (arm_interface) StdoutLine: {'line': b'-- Installing: /home/pawan/yahboomcar_ws_test/yahboomcar_ws/install/arm_interface/local/lib/python3.10/dist-packages/arm_interface/msg/_target_xy_roll_s.c\n'}
[1.375500] (arm_interface) StdoutLine: {'line': b'-- Installing: /home/pawan/yahboomcar_ws_test/yahboomcar_ws/install/arm_interface/local/lib/python3.10/dist-packages/arm_interface/msg/_position.py\n'}
[1.375558] (arm_interface) StdoutLine: {'line': b'-- Installing: /home/pawan/yahboomcar_ws_test/yahboomcar_ws/install/arm_interface/local/lib/python3.10/dist-packages/arm_interface/msg/_arm_joint.py\n'}
[1.375602] (arm_interface) StdoutLine: {'line': b'-- Installing: /home/pawan/yahboomcar_ws_test/yahboomcar_ws/install/arm_interface/local/lib/python3.10/dist-packages/arm_interface/msg/_center_xy.py\n'}
[1.375646] (arm_interface) StdoutLine: {'line': b'-- Installing: /home/pawan/yahboomcar_ws_test/yahboomcar_ws/install/arm_interface/local/lib/python3.10/dist-packages/arm_interface/msg/_arm_joint_s.c\n'}
[1.375693] (arm_interface) StdoutLine: {'line': b'-- Installing: /home/pawan/yahboomcar_ws_test/yahboomcar_ws/install/arm_interface/local/lib/python3.10/dist-packages/arm_interface/_arm_interface_s.ep.rosidl_typesupport_c.c\n'}
[1.375737] (arm_interface) StdoutLine: {'line': b'-- Installing: /home/pawan/yahboomcar_ws_test/yahboomcar_ws/install/arm_interface/local/lib/python3.10/dist-packages/arm_interface/arm_interface_s__rosidl_typesupport_c.cpython-310-x86_64-linux-gnu.so\n'}
[1.375794] (arm_interface) StdoutLine: {'line': b'-- Installing: /home/pawan/yahboomcar_ws_test/yahboomcar_ws/install/arm_interface/local/lib/python3.10/dist-packages/arm_interface/srv\n'}
[1.375840] (arm_interface) StdoutLine: {'line': b'-- Installing: /home/pawan/yahboomcar_ws_test/yahboomcar_ws/install/arm_interface/local/lib/python3.10/dist-packages/arm_interface/srv/__init__.py\n'}
[1.375883] (arm_interface) StdoutLine: {'line': b'-- Installing: /home/pawan/yahboomcar_ws_test/yahboomcar_ws/install/arm_interface/local/lib/python3.10/dist-packages/arm_interface/srv/_arm_kinemarics.py\n'}
[1.375927] (arm_interface) StdoutLine: {'line': b'-- Installing: /home/pawan/yahboomcar_ws_test/yahboomcar_ws/install/arm_interface/local/lib/python3.10/dist-packages/arm_interface/srv/_arm_kinemarics_s.c\n'}
[1.375970] (arm_interface) StdoutLine: {'line': b'-- Installing: /home/pawan/yahboomcar_ws_test/yahboomcar_ws/install/arm_interface/local/lib/python3.10/dist-packages/arm_interface/arm_interface_s__rosidl_typesupport_fastrtps_c.cpython-310-x86_64-linux-gnu.so\n'}
[1.376014] (arm_interface) StdoutLine: {'line': b'-- Installing: /home/pawan/yahboomcar_ws_test/yahboomcar_ws/install/arm_interface/local/lib/python3.10/dist-packages/arm_interface/_arm_interface_s.ep.rosidl_typesupport_introspection_c.c\n'}
[1.376060] (yahboomcar_msgs) StdoutLine: {'line': b'[ 14%] Built target ament_cmake_python_copy_yahboomcar_msgs\n'}
[1.376111] (yahboomcar_msgs) StdoutLine: {'line': b'\x1b[35m\x1b[1mConsolidate compiler generated dependencies of target yahboomcar_msgs__rosidl_typesupport_introspection_c\x1b[0m\n'}
[1.376158] (yahboomcar_msgs) StdoutLine: {'line': b'\x1b[35m\x1b[1mConsolidate compiler generated dependencies of target yahboomcar_msgs__rosidl_typesupport_introspection_cpp\x1b[0m\n'}
[1.376204] (yahboomcar_msgs) StdoutLine: {'line': b'\x1b[35m\x1b[1mConsolidate compiler generated dependencies of target yahboomcar_msgs__rosidl_typesupport_cpp\x1b[0m\n'}
[1.376249] (yahboomcar_msgs) StdoutLine: {'line': b'\x1b[35m\x1b[1mConsolidate compiler generated dependencies of target yahboomcar_msgs__rosidl_typesupport_fastrtps_cpp\x1b[0m\n'}
[1.376294] (yahboomcar_msgs) StdoutLine: {'line': b'\x1b[35m\x1b[1mConsolidate compiler generated dependencies of target yahboomcar_msgs__rosidl_typesupport_fastrtps_c\x1b[0m\n'}
[1.376341] (yahboomcar_msgs) StdoutLine: {'line': b'\x1b[35m\x1b[1mConsolidate compiler generated dependencies of target yahboomcar_msgs__rosidl_typesupport_c\x1b[0m\n'}
[1.376386] (yahboomcar_msgs) StdoutLine: {'line': b'[ 25%] Built target yahboomcar_msgs__rosidl_typesupport_introspection_c\n'}
[1.376440] (yahboomcar_msgs) StdoutLine: {'line': b'[ 35%] Built target yahboomcar_msgs__rosidl_typesupport_introspection_cpp\n'}
[1.376488] (yahboomcar_msgs) StdoutLine: {'line': b'[ 46%] Built target yahboomcar_msgs__rosidl_typesupport_cpp\n'}
[1.376535] (arm_kin) JobEnded: {'identifier': 'arm_kin', 'rc': 1}
[1.376911] (test_config) JobEnded: {'identifier': 'test_config', 'rc': 'SIGINT'}
[1.377145] (yahboomcar_msgs) StdoutLine: {'line': b'[ 57%] Built target yahboomcar_msgs__rosidl_typesupport_fastrtps_cpp\n'}
[1.377217] (yahboomcar_msgs) StdoutLine: {'line': b'[ 68%] Built target yahboomcar_msgs__rosidl_typesupport_c\n'}
[1.379526] (yahboomcar_msgs) StdoutLine: {'line': b'[ 79%] Built target yahboomcar_msgs__rosidl_typesupport_fastrtps_c\n'}
[1.383296] (arm_msgs) StdoutLine: {'line': b"Listing '/home/pawan/yahboomcar_ws_test/yahboomcar_ws/install/arm_msgs/local/lib/python3.10/dist-packages/arm_msgs'...\n"}
[1.383444] (arm_msgs) StdoutLine: {'line': b"Compiling '/home/pawan/yahboomcar_ws_test/yahboomcar_ws/install/arm_msgs/local/lib/python3.10/dist-packages/arm_msgs/__init__.py'...\n"}
[1.383505] (arm_msgs) StdoutLine: {'line': b"Listing '/home/pawan/yahboomcar_ws_test/yahboomcar_ws/install/arm_msgs/local/lib/python3.10/dist-packages/arm_msgs/msg'...\n"}
[1.383554] (arm_msgs) StdoutLine: {'line': b"Compiling '/home/pawan/yahboomcar_ws_test/yahboomcar_ws/install/arm_msgs/local/lib/python3.10/dist-packages/arm_msgs/msg/__init__.py'...\n"}
[1.383599] (arm_msgs) StdoutLine: {'line': b"Compiling '/home/pawan/yahboomcar_ws_test/yahboomcar_ws/install/arm_msgs/local/lib/python3.10/dist-packages/arm_msgs/msg/_arm_joint.py'...\n"}
[1.383643] (arm_msgs) StdoutLine: {'line': b"Compiling '/home/pawan/yahboomcar_ws_test/yahboomcar_ws/install/arm_msgs/local/lib/python3.10/dist-packages/arm_msgs/msg/_arm_joints.py'...\n"}
[1.387820] (arm_msgs) StdoutLine: {'line': b'-- Installing: /home/pawan/yahboomcar_ws_test/yahboomcar_ws/install/arm_msgs/local/lib/python3.10/dist-packages/arm_msgs/arm_msgs_s__rosidl_typesupport_fastrtps_c.cpython-310-x86_64-linux-gnu.so\n'}
[1.388017] (arm_msgs) StdoutLine: {'line': b'-- Set runtime path of "/home/pawan/yahboomcar_ws_test/yahboomcar_ws/install/arm_msgs/local/lib/python3.10/dist-packages/arm_msgs/arm_msgs_s__rosidl_typesupport_fastrtps_c.cpython-310-x86_64-linux-gnu.so" to ""\n'}
[1.388155] (arm_msgs) StdoutLine: {'line': b'-- Installing: /home/pawan/yahboomcar_ws_test/yahboomcar_ws/install/arm_msgs/local/lib/python3.10/dist-packages/arm_msgs/arm_msgs_s__rosidl_typesupport_introspection_c.cpython-310-x86_64-linux-gnu.so\n'}
[1.388393] (arm_msgs) StdoutLine: {'line': b'-- Set runtime path of "/home/pawan/yahboomcar_ws_test/yahboomcar_ws/install/arm_msgs/local/lib/python3.10/dist-packages/arm_msgs/arm_msgs_s__rosidl_typesupport_introspection_c.cpython-310-x86_64-linux-gnu.so" to ""\n'}
[1.388513] (arm_msgs) StdoutLine: {'line': b'-- Installing: /home/pawan/yahboomcar_ws_test/yahboomcar_ws/install/arm_msgs/local/lib/python3.10/dist-packages/arm_msgs/arm_msgs_s__rosidl_typesupport_c.cpython-310-x86_64-linux-gnu.so\n'}
[1.388739] (arm_msgs) StdoutLine: {'line': b'-- Set runtime path of "/home/pawan/yahboomcar_ws_test/yahboomcar_ws/install/arm_msgs/local/lib/python3.10/dist-packages/arm_msgs/arm_msgs_s__rosidl_typesupport_c.cpython-310-x86_64-linux-gnu.so" to ""\n'}
[1.388834] (arm_msgs) StdoutLine: {'line': b'-- Installing: /home/pawan/yahboomcar_ws_test/yahboomcar_ws/install/arm_msgs/lib/libarm_msgs__rosidl_generator_py.so\n'}
[1.389065] (arm_msgs) StdoutLine: {'line': b'-- Set runtime path of "/home/pawan/yahboomcar_ws_test/yahboomcar_ws/install/arm_msgs/lib/libarm_msgs__rosidl_generator_py.so" to ""\n'}
[1.389151] (arm_msgs) StdoutLine: {'line': b'-- Installing: /home/pawan/yahboomcar_ws_test/yahboomcar_ws/install/arm_msgs/share/ament_index/resource_index/rust_packages/arm_msgs\n'}
[1.389236] (arm_msgs) StdoutLine: {'line': b'-- Installing: /home/pawan/yahboomcar_ws_test/yahboomcar_ws/install/arm_msgs/share/arm_msgs/rust\n'}
[1.389298] (arm_msgs) StdoutLine: {'line': b'-- Installing: /home/pawan/yahboomcar_ws_test/yahboomcar_ws/install/arm_msgs/share/arm_msgs/rust/Cargo.toml\n'}
[1.389364] (arm_msgs) StdoutLine: {'line': b'-- Installing: /home/pawan/yahboomcar_ws_test/yahboomcar_ws/install/arm_msgs/share/arm_msgs/rust/src\n'}
[1.389424] (arm_msgs) StdoutLine: {'line': b'-- Installing: /home/pawan/yahboomcar_ws_test/yahboomcar_ws/install/arm_msgs/share/arm_msgs/rust/src/msg\n'}
[1.389498] (arm_msgs) StdoutLine: {'line': b'-- Installing: /home/pawan/yahboomcar_ws_test/yahboomcar_ws/install/arm_msgs/share/arm_msgs/rust/src/msg/rmw.rs\n'}
[1.389562] (arm_msgs) StdoutLine: {'line': b'-- Installing: /home/pawan/yahboomcar_ws_test/yahboomcar_ws/install/arm_msgs/share/arm_msgs/rust/src/msg.rs\n'}
[1.389630] (arm_msgs) StdoutLine: {'line': b'-- Installing: /home/pawan/yahboomcar_ws_test/yahboomcar_ws/install/arm_msgs/share/arm_msgs/rust/src/lib.rs\n'}
[1.389711] (arm_msgs) StdoutLine: {'line': b'-- Installing: /home/pawan/yahboomcar_ws_test/yahboomcar_ws/install/arm_msgs/share/arm_msgs/rust/build.rs\n'}
[1.389780] (arm_msgs) StdoutLine: {'line': b'-- Installing: /home/pawan/yahboomcar_ws_test/yahboomcar_ws/install/arm_msgs/share/arm_msgs/msg/ArmJoint.idl\n'}
[1.389858] (arm_msgs) StdoutLine: {'line': b'-- Installing: /home/pawan/yahboomcar_ws_test/yahboomcar_ws/install/arm_msgs/share/arm_msgs/msg/ArmJoints.idl\n'}
[1.389939] (arm_msgs) StdoutLine: {'line': b'-- Installing: /home/pawan/yahboomcar_ws_test/yahboomcar_ws/install/arm_msgs/share/arm_msgs/msg/ArmJoint.msg\n'}
[1.390025] (arm_msgs) StdoutLine: {'line': b'-- Installing: /home/pawan/yahboomcar_ws_test/yahboomcar_ws/install/arm_msgs/share/arm_msgs/msg/ArmJoints.msg\n'}
[1.390142] (arm_msgs) StdoutLine: {'line': b'-- Installing: /home/pawan/yahboomcar_ws_test/yahboomcar_ws/install/arm_msgs/share/ament_index/resource_index/package_run_dependencies/arm_msgs\n'}
[1.390254] (arm_msgs) StdoutLine: {'line': b'-- Installing: /home/pawan/yahboomcar_ws_test/yahboomcar_ws/install/arm_msgs/share/ament_index/resource_index/parent_prefix_path/arm_msgs\n'}
[1.390426] (arm_msgs) StdoutLine: {'line': b'-- Installing: /home/pawan/yahboomcar_ws_test/yahboomcar_ws/install/arm_msgs/share/arm_msgs/environment/ament_prefix_path.sh\n'}
[1.390517] (arm_msgs) StdoutLine: {'line': b'-- Installing: /home/pawan/yahboomcar_ws_test/yahboomcar_ws/install/arm_msgs/share/arm_msgs/environment/ament_prefix_path.dsv\n'}
[1.390600] (arm_msgs) StdoutLine: {'line': b'-- Installing: /home/pawan/yahboomcar_ws_test/yahboomcar_ws/install/arm_msgs/share/arm_msgs/environment/path.sh\n'}
[1.390682] (arm_msgs) StdoutLine: {'line': b'-- Installing: /home/pawan/yahboomcar_ws_test/yahboomcar_ws/install/arm_msgs/share/arm_msgs/environment/path.dsv\n'}
[1.390923] (arm_msgs) StdoutLine: {'line': b'-- Installing: /home/pawan/yahboomcar_ws_test/yahboomcar_ws/install/arm_msgs/share/arm_msgs/local_setup.bash\n'}
[1.390990] (arm_msgs) StdoutLine: {'line': b'-- Installing: /home/pawan/yahboomcar_ws_test/yahboomcar_ws/install/arm_msgs/share/arm_msgs/local_setup.sh\n'}
[1.391056] (arm_msgs) StdoutLine: {'line': b'-- Installing: /home/pawan/yahboomcar_ws_test/yahboomcar_ws/install/arm_msgs/share/arm_msgs/local_setup.zsh\n'}
[1.391118] (arm_msgs) StdoutLine: {'line': b'-- Installing: /home/pawan/yahboomcar_ws_test/yahboomcar_ws/install/arm_msgs/share/arm_msgs/local_setup.dsv\n'}
[1.391174] (arm_msgs) StdoutLine: {'line': b'-- Installing: /home/pawan/yahboomcar_ws_test/yahboomcar_ws/install/arm_msgs/share/arm_msgs/package.dsv\n'}
[1.391285] (arm_msgs) StdoutLine: {'line': b'-- Installing: /home/pawan/yahboomcar_ws_test/yahboomcar_ws/install/arm_msgs/share/ament_index/resource_index/packages/arm_msgs\n'}
[1.391410] (arm_msgs) StdoutLine: {'line': b'-- Installing: /home/pawan/yahboomcar_ws_test/yahboomcar_ws/install/arm_msgs/share/arm_msgs/cmake/export_arm_msgs__rosidl_generator_cExport.cmake\n'}
[1.391509] (arm_msgs) StdoutLine: {'line': b'-- Installing: /home/pawan/yahboomcar_ws_test/yahboomcar_ws/install/arm_msgs/share/arm_msgs/cmake/export_arm_msgs__rosidl_generator_cExport-noconfig.cmake\n'}
[1.391606] (arm_msgs) StdoutLine: {'line': b'-- Installing: /home/pawan/yahboomcar_ws_test/yahboomcar_ws/install/arm_msgs/share/arm_msgs/cmake/export_arm_msgs__rosidl_typesupport_fastrtps_cExport.cmake\n'}
[1.391700] (arm_msgs) StdoutLine: {'line': b'-- Installing: /home/pawan/yahboomcar_ws_test/yahboomcar_ws/install/arm_msgs/share/arm_msgs/cmake/export_arm_msgs__rosidl_typesupport_fastrtps_cExport-noconfig.cmake\n'}
[1.391805] (arm_msgs) StdoutLine: {'line': b'-- Installing: /home/pawan/yahboomcar_ws_test/yahboomcar_ws/install/arm_msgs/share/arm_msgs/cmake/arm_msgs__rosidl_typesupport_introspection_cExport.cmake\n'}
[1.391901] (arm_msgs) StdoutLine: {'line': b'-- Installing: /home/pawan/yahboomcar_ws_test/yahboomcar_ws/install/arm_msgs/share/arm_msgs/cmake/arm_msgs__rosidl_typesupport_introspection_cExport-noconfig.cmake\n'}
[1.391990] (arm_msgs) StdoutLine: {'line': b'-- Installing: /home/pawan/yahboomcar_ws_test/yahboomcar_ws/install/arm_msgs/share/arm_msgs/cmake/arm_msgs__rosidl_typesupport_cExport.cmake\n'}
[1.392075] (arm_msgs) StdoutLine: {'line': b'-- Installing: /home/pawan/yahboomcar_ws_test/yahboomcar_ws/install/arm_msgs/share/arm_msgs/cmake/arm_msgs__rosidl_typesupport_cExport-noconfig.cmake\n'}
[1.392176] (arm_msgs) StdoutLine: {'line': b'-- Installing: /home/pawan/yahboomcar_ws_test/yahboomcar_ws/install/arm_msgs/share/arm_msgs/cmake/export_arm_msgs__rosidl_generator_cppExport.cmake\n'}
[1.392272] (arm_msgs) StdoutLine: {'line': b'-- Installing: /home/pawan/yahboomcar_ws_test/yahboomcar_ws/install/arm_msgs/share/arm_msgs/cmake/export_arm_msgs__rosidl_typesupport_fastrtps_cppExport.cmake\n'}
[1.392358] (arm_msgs) StdoutLine: {'line': b'-- Installing: /home/pawan/yahboomcar_ws_test/yahboomcar_ws/install/arm_msgs/share/arm_msgs/cmake/export_arm_msgs__rosidl_typesupport_fastrtps_cppExport-noconfig.cmake\n'}
[1.392453] (arm_msgs) StdoutLine: {'line': b'-- Installing: /home/pawan/yahboomcar_ws_test/yahboomcar_ws/install/arm_msgs/share/arm_msgs/cmake/arm_msgs__rosidl_typesupport_introspection_cppExport.cmake\n'}
[1.392536] (arm_msgs) StdoutLine: {'line': b'-- Installing: /home/pawan/yahboomcar_ws_test/yahboomcar_ws/install/arm_msgs/share/arm_msgs/cmake/arm_msgs__rosidl_typesupport_introspection_cppExport-noconfig.cmake\n'}
[1.392637] (arm_msgs) StdoutLine: {'line': b'-- Installing: /home/pawan/yahboomcar_ws_test/yahboomcar_ws/install/arm_msgs/share/arm_msgs/cmake/arm_msgs__rosidl_typesupport_cppExport.cmake\n'}
[1.392722] (arm_msgs) StdoutLine: {'line': b'-- Installing: /home/pawan/yahboomcar_ws_test/yahboomcar_ws/install/arm_msgs/share/arm_msgs/cmake/arm_msgs__rosidl_typesupport_cppExport-noconfig.cmake\n'}
[1.392820] (arm_msgs) StdoutLine: {'line': b'-- Installing: /home/pawan/yahboomcar_ws_test/yahboomcar_ws/install/arm_msgs/share/arm_msgs/cmake/export_arm_msgs__rosidl_generator_pyExport.cmake\n'}
[1.392909] (arm_msgs) StdoutLine: {'line': b'-- Installing: /home/pawan/yahboomcar_ws_test/yahboomcar_ws/install/arm_msgs/share/arm_msgs/cmake/export_arm_msgs__rosidl_generator_pyExport-noconfig.cmake\n'}
[1.392999] (arm_msgs) StdoutLine: {'line': b'-- Installing: /home/pawan/yahboomcar_ws_test/yahboomcar_ws/install/arm_msgs/share/arm_msgs/cmake/rosidl_cmake-extras.cmake\n'}
[1.393368] (arm_msgs) StdoutLine: {'line': b'-- Installing: /home/pawan/yahboomcar_ws_test/yahboomcar_ws/install/arm_msgs/share/arm_msgs/cmake/ament_cmake_export_include_directories-extras.cmake\n'}
[1.393462] (arm_msgs) StdoutLine: {'line': b'-- Installing: /home/pawan/yahboomcar_ws_test/yahboomcar_ws/install/arm_msgs/share/arm_msgs/cmake/ament_cmake_export_libraries-extras.cmake\n'}
[1.394213] (arm_msgs) StdoutLine: {'line': b'-- Installing: /home/pawan/yahboomcar_ws_test/yahboomcar_ws/install/arm_msgs/share/arm_msgs/cmake/ament_cmake_export_targets-extras.cmake\n'}
[1.394271] (arm_msgs) StdoutLine: {'line': b'-- Installing: /home/pawan/yahboomcar_ws_test/yahboomcar_ws/install/arm_msgs/share/arm_msgs/cmake/rosidl_cmake_export_typesupport_targets-extras.cmake\n'}
[1.394310] (arm_msgs) StdoutLine: {'line': b'-- Installing: /home/pawan/yahboomcar_ws_test/yahboomcar_ws/install/arm_msgs/share/arm_msgs/cmake/ament_cmake_export_dependencies-extras.cmake\n'}
[1.394339] (arm_msgs) StdoutLine: {'line': b'-- Installing: /home/pawan/yahboomcar_ws_test/yahboomcar_ws/install/arm_msgs/share/arm_msgs/cmake/rosidl_cmake_export_typesupport_libraries-extras.cmake\n'}
[1.394367] (arm_msgs) StdoutLine: {'line': b'-- Installing: /home/pawan/yahboomcar_ws_test/yahboomcar_ws/install/arm_msgs/share/arm_msgs/cmake/arm_msgsConfig.cmake\n'}
[1.394400] (arm_msgs) StdoutLine: {'line': b'-- Installing: /home/pawan/yahboomcar_ws_test/yahboomcar_ws/install/arm_msgs/share/arm_msgs/cmake/arm_msgsConfig-version.cmake\n'}
[1.394430] (arm_msgs) StdoutLine: {'line': b'-- Installing: /home/pawan/yahboomcar_ws_test/yahboomcar_ws/install/arm_msgs/share/arm_msgs/package.xml\n'}
[1.394493] (yahboomcar_msgs) StdoutLine: {'line': b'[ 79%] Built target yahboomcar_msgs\n'}
[1.396159] (arm_msgs) JobEnded: {'identifier': 'arm_msgs', 'rc': 'SIGINT'}
[1.398618] (arm_interface) StdoutLine: {'line': b"Listing '/home/pawan/yahboomcar_ws_test/yahboomcar_ws/install/arm_interface/local/lib/python3.10/dist-packages/arm_interface'...\n"}
[1.398739] (arm_interface) StdoutLine: {'line': b"Compiling '/home/pawan/yahboomcar_ws_test/yahboomcar_ws/install/arm_interface/local/lib/python3.10/dist-packages/arm_interface/__init__.py'...\n"}
[1.398783] (arm_interface) StdoutLine: {'line': b"Listing '/home/pawan/yahboomcar_ws_test/yahboomcar_ws/install/arm_interface/local/lib/python3.10/dist-packages/arm_interface/msg'...\n"}
[1.398814] (arm_interface) StdoutLine: {'line': b"Compiling '/home/pawan/yahboomcar_ws_test/yahboomcar_ws/install/arm_interface/local/lib/python3.10/dist-packages/arm_interface/msg/__init__.py'...\n"}
[1.398845] (arm_interface) StdoutLine: {'line': b"Compiling '/home/pawan/yahboomcar_ws_test/yahboomcar_ws/install/arm_interface/local/lib/python3.10/dist-packages/arm_interface/msg/_april_tag_info.py'...\n"}
[1.398874] (arm_interface) StdoutLine: {'line': b"Compiling '/home/pawan/yahboomcar_ws_test/yahboomcar_ws/install/arm_interface/local/lib/python3.10/dist-packages/arm_interface/msg/_arm_joint.py'...\n"}
[1.398902] (arm_interface) StdoutLine: {'line': b"Compiling '/home/pawan/yahboomcar_ws_test/yahboomcar_ws/install/arm_interface/local/lib/python3.10/dist-packages/arm_interface/msg/_center_xy.py'...\n"}
[1.398930] (arm_interface) StdoutLine: {'line': b"Compiling '/home/pawan/yahboomcar_ws_test/yahboomcar_ws/install/arm_interface/local/lib/python3.10/dist-packages/arm_interface/msg/_cur_joints.py'...\n"}
[1.398958] (arm_interface) StdoutLine: {'line': b"Compiling '/home/pawan/yahboomcar_ws_test/yahboomcar_ws/install/arm_interface/local/lib/python3.10/dist-packages/arm_interface/msg/_position.py'...\n"}
[1.398985] (arm_interface) StdoutLine: {'line': b"Compiling '/home/pawan/yahboomcar_ws_test/yahboomcar_ws/install/arm_interface/local/lib/python3.10/dist-packages/arm_interface/msg/_shape_info.py'...\n"}
[1.399011] (arm_interface) StdoutLine: {'line': b"Compiling '/home/pawan/yahboomcar_ws_test/yahboomcar_ws/install/arm_interface/local/lib/python3.10/dist-packages/arm_interface/msg/_target_xy_roll.py'...\n"}
[1.399039] (arm_interface) StdoutLine: {'line': b"Compiling '/home/pawan/yahboomcar_ws_test/yahboomcar_ws/install/arm_interface/local/lib/python3.10/dist-packages/arm_interface/msg/_yolov5_detect.py'...\n"}
[1.399066] (arm_interface) StdoutLine: {'line': b"Listing '/home/pawan/yahboomcar_ws_test/yahboomcar_ws/install/arm_interface/local/lib/python3.10/dist-packages/arm_interface/srv'...\n"}
[1.399092] (arm_interface) StdoutLine: {'line': b"Compiling '/home/pawan/yahboomcar_ws_test/yahboomcar_ws/install/arm_interface/local/lib/python3.10/dist-packages/arm_interface/srv/__init__.py'...\n"}
[1.399120] (arm_interface) StdoutLine: {'line': b"Compiling '/home/pawan/yahboomcar_ws_test/yahboomcar_ws/install/arm_interface/local/lib/python3.10/dist-packages/arm_interface/srv/_arm_kinemarics.py'...\n"}
[1.403795] (-) TimerEvent: {}
[1.404470] (arm_interface) StdoutLine: {'line': b'-- Installing: /home/pawan/yahboomcar_ws_test/yahboomcar_ws/install/arm_interface/local/lib/python3.10/dist-packages/arm_interface/arm_interface_s__rosidl_typesupport_fastrtps_c.cpython-310-x86_64-linux-gnu.so\n'}
[1.404680] (arm_interface) StdoutLine: {'line': b'-- Set runtime path of "/home/pawan/yahboomcar_ws_test/yahboomcar_ws/install/arm_interface/local/lib/python3.10/dist-packages/arm_interface/arm_interface_s__rosidl_typesupport_fastrtps_c.cpython-310-x86_64-linux-gnu.so" to ""\n'}
[1.404876] (arm_interface) StdoutLine: {'line': b'-- Installing: /home/pawan/yahboomcar_ws_test/yahboomcar_ws/install/arm_interface/local/lib/python3.10/dist-packages/arm_interface/arm_interface_s__rosidl_typesupport_introspection_c.cpython-310-x86_64-linux-gnu.so\n'}
[1.405104] (arm_interface) StdoutLine: {'line': b'-- Set runtime path of "/home/pawan/yahboomcar_ws_test/yahboomcar_ws/install/arm_interface/local/lib/python3.10/dist-packages/arm_interface/arm_interface_s__rosidl_typesupport_introspection_c.cpython-310-x86_64-linux-gnu.so" to ""\n'}
[1.405665] (arm_interface) StdoutLine: {'line': b'-- Installing: /home/pawan/yahboomcar_ws_test/yahboomcar_ws/install/arm_interface/local/lib/python3.10/dist-packages/arm_interface/arm_interface_s__rosidl_typesupport_c.cpython-310-x86_64-linux-gnu.so\n'}
[1.405758] (arm_interface) StdoutLine: {'line': b'-- Set runtime path of "/home/pawan/yahboomcar_ws_test/yahboomcar_ws/install/arm_interface/local/lib/python3.10/dist-packages/arm_interface/arm_interface_s__rosidl_typesupport_c.cpython-310-x86_64-linux-gnu.so" to ""\n'}
[1.405853] (arm_interface) StdoutLine: {'line': b'-- Installing: /home/pawan/yahboomcar_ws_test/yahboomcar_ws/install/arm_interface/lib/libarm_interface__rosidl_generator_py.so\n'}
[1.405909] (arm_interface) StdoutLine: {'line': b'-- Set runtime path of "/home/pawan/yahboomcar_ws_test/yahboomcar_ws/install/arm_interface/lib/libarm_interface__rosidl_generator_py.so" to ""\n'}
[1.405962] (arm_interface) StdoutLine: {'line': b'-- Installing: /home/pawan/yahboomcar_ws_test/yahboomcar_ws/install/arm_interface/share/ament_index/resource_index/rust_packages/arm_interface\n'}
[1.406013] (arm_interface) StdoutLine: {'line': b'-- Installing: /home/pawan/yahboomcar_ws_test/yahboomcar_ws/install/arm_interface/share/arm_interface/rust\n'}
[1.406086] (arm_interface) StdoutLine: {'line': b'-- Installing: /home/pawan/yahboomcar_ws_test/yahboomcar_ws/install/arm_interface/share/arm_interface/rust/Cargo.toml\n'}
[1.406182] (arm_interface) StdoutLine: {'line': b'-- Installing: /home/pawan/yahboomcar_ws_test/yahboomcar_ws/install/arm_interface/share/arm_interface/rust/src\n'}
[1.406237] (arm_interface) StdoutLine: {'line': b'-- Installing: /home/pawan/yahboomcar_ws_test/yahboomcar_ws/install/arm_interface/share/arm_interface/rust/src/srv.rs\n'}
[1.406290] (arm_interface) StdoutLine: {'line': b'-- Installing: /home/pawan/yahboomcar_ws_test/yahboomcar_ws/install/arm_interface/share/arm_interface/rust/src/msg\n'}
[1.406341] (arm_interface) StdoutLine: {'line': b'-- Installing: /home/pawan/yahboomcar_ws_test/yahboomcar_ws/install/arm_interface/share/arm_interface/rust/src/msg/rmw.rs\n'}
[1.406412] (arm_interface) StdoutLine: {'line': b'-- Installing: /home/pawan/yahboomcar_ws_test/yahboomcar_ws/install/arm_interface/share/arm_interface/rust/src/msg.rs\n'}
[1.406502] (arm_interface) StdoutLine: {'line': b'-- Installing: /home/pawan/yahboomcar_ws_test/yahboomcar_ws/install/arm_interface/share/arm_interface/rust/src/lib.rs\n'}
[1.406554] (arm_interface) StdoutLine: {'line': b'-- Installing: /home/pawan/yahboomcar_ws_test/yahboomcar_ws/install/arm_interface/share/arm_interface/rust/src/srv\n'}
[1.406603] (arm_interface) StdoutLine: {'line': b'-- Installing: /home/pawan/yahboomcar_ws_test/yahboomcar_ws/install/arm_interface/share/arm_interface/rust/src/srv/rmw.rs\n'}
[1.406652] (arm_interface) StdoutLine: {'line': b'-- Installing: /home/pawan/yahboomcar_ws_test/yahboomcar_ws/install/arm_interface/share/arm_interface/rust/build.rs\n'}
[1.406742] (arm_interface) StdoutLine: {'line': b'-- Installing: /home/pawan/yahboomcar_ws_test/yahboomcar_ws/install/arm_interface/share/arm_interface/srv/ArmKinemarics.idl\n'}
[1.406830] (arm_interface) StdoutLine: {'line': b'-- Installing: /home/pawan/yahboomcar_ws_test/yahboomcar_ws/install/arm_interface/share/arm_interface/msg/ArmJoint.idl\n'}
[1.406908] (arm_interface) StdoutLine: {'line': b'-- Installing: /home/pawan/yahboomcar_ws_test/yahboomcar_ws/install/arm_interface/share/arm_interface/msg/AprilTagInfo.idl\n'}
[1.406990] (arm_interface) StdoutLine: {'line': b'-- Installing: /home/pawan/yahboomcar_ws_test/yahboomcar_ws/install/arm_interface/share/arm_interface/msg/CenterXY.idl\n'}
[1.407083] (arm_interface) StdoutLine: {'line': b'-- Installing: /home/pawan/yahboomcar_ws_test/yahboomcar_ws/install/arm_interface/share/arm_interface/msg/ShapeInfo.idl\n'}
[1.407166] (arm_interface) StdoutLine: {'line': b'-- Installing: /home/pawan/yahboomcar_ws_test/yahboomcar_ws/install/arm_interface/share/arm_interface/msg/Yolov5Detect.idl\n'}
[1.407262] (arm_interface) StdoutLine: {'line': b'-- Installing: /home/pawan/yahboomcar_ws_test/yahboomcar_ws/install/arm_interface/share/arm_interface/msg/Position.idl\n'}
[1.407342] (arm_interface) StdoutLine: {'line': b'-- Installing: /home/pawan/yahboomcar_ws_test/yahboomcar_ws/install/arm_interface/share/arm_interface/msg/CurJoints.idl\n'}
[1.407435] (arm_interface) StdoutLine: {'line': b'-- Installing: /home/pawan/yahboomcar_ws_test/yahboomcar_ws/install/arm_interface/share/arm_interface/msg/TargetXYRoll.idl\n'}
[1.407520] (arm_interface) StdoutLine: {'line': b'-- Installing: /home/pawan/yahboomcar_ws_test/yahboomcar_ws/install/arm_interface/share/arm_interface/srv/ArmKinemarics.srv\n'}
[1.407616] (arm_interface) StdoutLine: {'line': b'-- Installing: /home/pawan/yahboomcar_ws_test/yahboomcar_ws/install/arm_interface/share/arm_interface/srv/ArmKinemarics_Request.msg\n'}
[1.407701] (arm_interface) StdoutLine: {'line': b'-- Installing: /home/pawan/yahboomcar_ws_test/yahboomcar_ws/install/arm_interface/share/arm_interface/srv/ArmKinemarics_Response.msg\n'}
[1.407796] (arm_interface) StdoutLine: {'line': b'-- Installing: /home/pawan/yahboomcar_ws_test/yahboomcar_ws/install/arm_interface/share/arm_interface/msg/ArmJoint.msg\n'}
[1.407883] (arm_interface) StdoutLine: {'line': b'-- Installing: /home/pawan/yahboomcar_ws_test/yahboomcar_ws/install/arm_interface/share/arm_interface/msg/AprilTagInfo.msg\n'}
[1.407978] (arm_interface) StdoutLine: {'line': b'-- Installing: /home/pawan/yahboomcar_ws_test/yahboomcar_ws/install/arm_interface/share/arm_interface/msg/CenterXY.msg\n'}
[1.408067] (arm_interface) StdoutLine: {'line': b'-- Installing: /home/pawan/yahboomcar_ws_test/yahboomcar_ws/install/arm_interface/share/arm_interface/msg/ShapeInfo.msg\n'}
[1.408148] (yahboomcar_msgs) StdoutLine: {'line': b'[ 81%] Built target yahboomcar_msgs__py\n'}
[1.408250] (arm_interface) StdoutLine: {'line': b'-- Installing: /home/pawan/yahboomcar_ws_test/yahboomcar_ws/install/arm_interface/share/arm_interface/msg/Yolov5Detect.msg\n'}
[1.408339] (arm_interface) StdoutLine: {'line': b'-- Installing: /home/pawan/yahboomcar_ws_test/yahboomcar_ws/install/arm_interface/share/arm_interface/msg/Position.msg\n'}
[1.408417] (arm_interface) StdoutLine: {'line': b'-- Installing: /home/pawan/yahboomcar_ws_test/yahboomcar_ws/install/arm_interface/share/arm_interface/msg/CurJoints.msg\n'}
[1.408493] (arm_interface) StdoutLine: {'line': b'-- Installing: /home/pawan/yahboomcar_ws_test/yahboomcar_ws/install/arm_interface/share/arm_interface/msg/TargetXYRoll.msg\n'}
[1.408578] (arm_interface) StdoutLine: {'line': b'-- Installing: /home/pawan/yahboomcar_ws_test/yahboomcar_ws/install/arm_interface/share/ament_index/resource_index/package_run_dependencies/arm_interface\n'}
[1.408687] (arm_interface) StdoutLine: {'line': b'-- Installing: /home/pawan/yahboomcar_ws_test/yahboomcar_ws/install/arm_interface/share/ament_index/resource_index/parent_prefix_path/arm_interface\n'}
[1.408944] (arm_interface) StdoutLine: {'line': b'-- Installing: /home/pawan/yahboomcar_ws_test/yahboomcar_ws/install/arm_interface/share/arm_interface/environment/ament_prefix_path.sh\n'}
[1.409041] (arm_interface) StdoutLine: {'line': b'-- Installing: /home/pawan/yahboomcar_ws_test/yahboomcar_ws/install/arm_interface/share/arm_interface/environment/ament_prefix_path.dsv\n'}
[1.409141] (arm_interface) StdoutLine: {'line': b'-- Installing: /home/pawan/yahboomcar_ws_test/yahboomcar_ws/install/arm_interface/share/arm_interface/environment/path.sh\n'}
[1.409227] (arm_interface) StdoutLine: {'line': b'-- Installing: /home/pawan/yahboomcar_ws_test/yahboomcar_ws/install/arm_interface/share/arm_interface/environment/path.dsv\n'}
[1.409322] (arm_interface) StdoutLine: {'line': b'-- Installing: /home/pawan/yahboomcar_ws_test/yahboomcar_ws/install/arm_interface/share/arm_interface/local_setup.bash\n'}
[1.409429] (arm_interface) StdoutLine: {'line': b'-- Installing: /home/pawan/yahboomcar_ws_test/yahboomcar_ws/install/arm_interface/share/arm_interface/local_setup.sh\n'}
[1.409559] (arm_interface) StdoutLine: {'line': b'-- Installing: /home/pawan/yahboomcar_ws_test/yahboomcar_ws/install/arm_interface/share/arm_interface/local_setup.zsh\n'}
[1.409650] (arm_interface) StdoutLine: {'line': b'-- Installing: /home/pawan/yahboomcar_ws_test/yahboomcar_ws/install/arm_interface/share/arm_interface/local_setup.dsv\n'}
[1.409748] (arm_interface) StdoutLine: {'line': b'-- Installing: /home/pawan/yahboomcar_ws_test/yahboomcar_ws/install/arm_interface/share/arm_interface/package.dsv\n'}
[1.409853] (arm_interface) StdoutLine: {'line': b'-- Installing: /home/pawan/yahboomcar_ws_test/yahboomcar_ws/install/arm_interface/share/ament_index/resource_index/packages/arm_interface\n'}
[1.409972] (arm_interface) StdoutLine: {'line': b'-- Installing: /home/pawan/yahboomcar_ws_test/yahboomcar_ws/install/arm_interface/share/arm_interface/cmake/export_arm_interface__rosidl_generator_cExport.cmake\n'}
[1.410117] (arm_interface) StdoutLine: {'line': b'-- Installing: /home/pawan/yahboomcar_ws_test/yahboomcar_ws/install/arm_interface/share/arm_interface/cmake/export_arm_interface__rosidl_generator_cExport-noconfig.cmake\n'}
[1.410193] (arm_interface) StdoutLine: {'line': b'-- Installing: /home/pawan/yahboomcar_ws_test/yahboomcar_ws/install/arm_interface/share/arm_interface/cmake/export_arm_interface__rosidl_typesupport_fastrtps_cExport.cmake\n'}
[1.410259] (arm_interface) StdoutLine: {'line': b'-- Installing: /home/pawan/yahboomcar_ws_test/yahboomcar_ws/install/arm_interface/share/arm_interface/cmake/export_arm_interface__rosidl_typesupport_fastrtps_cExport-noconfig.cmake\n'}
[1.410390] (arm_interface) StdoutLine: {'line': b'-- Installing: /home/pawan/yahboomcar_ws_test/yahboomcar_ws/install/arm_interface/share/arm_interface/cmake/export_arm_interface__rosidl_generator_cppExport.cmake\n'}
[1.410470] (arm_interface) StdoutLine: {'line': b'-- Installing: /home/pawan/yahboomcar_ws_test/yahboomcar_ws/install/arm_interface/share/arm_interface/cmake/export_arm_interface__rosidl_typesupport_fastrtps_cppExport.cmake\n'}
[1.410566] (arm_interface) StdoutLine: {'line': b'-- Installing: /home/pawan/yahboomcar_ws_test/yahboomcar_ws/install/arm_interface/share/arm_interface/cmake/export_arm_interface__rosidl_typesupport_fastrtps_cppExport-noconfig.cmake\n'}
[1.410663] (arm_interface) StdoutLine: {'line': b'-- Installing: /home/pawan/yahboomcar_ws_test/yahboomcar_ws/install/arm_interface/share/arm_interface/cmake/arm_interface__rosidl_typesupport_introspection_cExport.cmake\n'}
[1.410768] (arm_interface) StdoutLine: {'line': b'-- Installing: /home/pawan/yahboomcar_ws_test/yahboomcar_ws/install/arm_interface/share/arm_interface/cmake/arm_interface__rosidl_typesupport_introspection_cExport-noconfig.cmake\n'}
[1.410960] (arm_interface) StdoutLine: {'line': b'-- Installing: /home/pawan/yahboomcar_ws_test/yahboomcar_ws/install/arm_interface/share/arm_interface/cmake/arm_interface__rosidl_typesupport_cExport.cmake\n'}
[1.411075] (arm_interface) StdoutLine: {'line': b'-- Installing: /home/pawan/yahboomcar_ws_test/yahboomcar_ws/install/arm_interface/share/arm_interface/cmake/arm_interface__rosidl_typesupport_cExport-noconfig.cmake\n'}
[1.411161] (arm_interface) StdoutLine: {'line': b'-- Installing: /home/pawan/yahboomcar_ws_test/yahboomcar_ws/install/arm_interface/share/arm_interface/cmake/arm_interface__rosidl_typesupport_introspection_cppExport.cmake\n'}
[1.411258] (arm_interface) StdoutLine: {'line': b'-- Installing: /home/pawan/yahboomcar_ws_test/yahboomcar_ws/install/arm_interface/share/arm_interface/cmake/arm_interface__rosidl_typesupport_introspection_cppExport-noconfig.cmake\n'}
[1.411356] (arm_interface) StdoutLine: {'line': b'-- Installing: /home/pawan/yahboomcar_ws_test/yahboomcar_ws/install/arm_interface/share/arm_interface/cmake/arm_interface__rosidl_typesupport_cppExport.cmake\n'}
[1.411452] (arm_interface) StdoutLine: {'line': b'-- Installing: /home/pawan/yahboomcar_ws_test/yahboomcar_ws/install/arm_interface/share/arm_interface/cmake/arm_interface__rosidl_typesupport_cppExport-noconfig.cmake\n'}
[1.411548] (arm_interface) StdoutLine: {'line': b'-- Installing: /home/pawan/yahboomcar_ws_test/yahboomcar_ws/install/arm_interface/share/arm_interface/cmake/export_arm_interface__rosidl_generator_pyExport.cmake\n'}
[1.411649] (arm_interface) StdoutLine: {'line': b'-- Installing: /home/pawan/yahboomcar_ws_test/yahboomcar_ws/install/arm_interface/share/arm_interface/cmake/export_arm_interface__rosidl_generator_pyExport-noconfig.cmake\n'}
[1.411747] (arm_interface) StdoutLine: {'line': b'-- Installing: /home/pawan/yahboomcar_ws_test/yahboomcar_ws/install/arm_interface/share/arm_interface/cmake/rosidl_cmake-extras.cmake\n'}
[1.411917] (arm_interface) StdoutLine: {'line': b'-- Installing: /home/pawan/yahboomcar_ws_test/yahboomcar_ws/install/arm_interface/share/arm_interface/cmake/ament_cmake_export_dependencies-extras.cmake\n'}
[1.412084] (arm_interface) StdoutLine: {'line': b'-- Installing: /home/pawan/yahboomcar_ws_test/yahboomcar_ws/install/arm_interface/share/arm_interface/cmake/ament_cmake_export_include_directories-extras.cmake\n'}
[1.412233] (arm_interface) StdoutLine: {'line': b'-- Installing: /home/pawan/yahboomcar_ws_test/yahboomcar_ws/install/arm_interface/share/arm_interface/cmake/ament_cmake_export_libraries-extras.cmake\n'}
[1.412371] (arm_interface) StdoutLine: {'line': b'-- Installing: /home/pawan/yahboomcar_ws_test/yahboomcar_ws/install/arm_interface/share/arm_interface/cmake/ament_cmake_export_targets-extras.cmake\n'}
[1.412514] (arm_interface) StdoutLine: {'line': b'-- Installing: /home/pawan/yahboomcar_ws_test/yahboomcar_ws/install/arm_interface/share/arm_interface/cmake/rosidl_cmake_export_typesupport_targets-extras.cmake\n'}
[1.412647] (arm_interface) StdoutLine: {'line': b'-- Installing: /home/pawan/yahboomcar_ws_test/yahboomcar_ws/install/arm_interface/share/arm_interface/cmake/rosidl_cmake_export_typesupport_libraries-extras.cmake\n'}
[1.412805] (arm_interface) StdoutLine: {'line': b'-- Installing: /home/pawan/yahboomcar_ws_test/yahboomcar_ws/install/arm_interface/share/arm_interface/cmake/arm_interfaceConfig.cmake\n'}
[1.412914] (arm_interface) StdoutLine: {'line': b'-- Installing: /home/pawan/yahboomcar_ws_test/yahboomcar_ws/install/arm_interface/share/arm_interface/cmake/arm_interfaceConfig-version.cmake\n'}
[1.413048] (arm_interface) StdoutLine: {'line': b'-- Installing: /home/pawan/yahboomcar_ws_test/yahboomcar_ws/install/arm_interface/share/arm_interface/package.xml\n'}
[1.415375] (arm_interface) JobEnded: {'identifier': 'arm_interface', 'rc': 'SIGINT'}
[1.415653] (yahboomcar_msgs) StdoutLine: {'line': b'\x1b[35m\x1b[1mConsolidate compiler generated dependencies of target yahboomcar_msgs__rosidl_generator_py\x1b[0m\n'}
[1.425164] (yahboomcar_msgs) StdoutLine: {'line': b'[ 90%] Built target yahboomcar_msgs__rosidl_generator_py\n'}
[1.431602] (yahboomcar_msgs) StdoutLine: {'line': b'\x1b[35m\x1b[1mConsolidate compiler generated dependencies of target yahboomcar_msgs__rosidl_typesupport_fastrtps_c__pyext\x1b[0m\n'}
[1.434997] (yahboomcar_msgs) StdoutLine: {'line': b'\x1b[35m\x1b[1mConsolidate compiler generated dependencies of target yahboomcar_msgs__rosidl_typesupport_c__pyext\x1b[0m\n'}
[1.435137] (yahboomcar_msgs) StdoutLine: {'line': b'\x1b[35m\x1b[1mConsolidate compiler generated dependencies of target yahboomcar_msgs__rosidl_typesupport_introspection_c__pyext\x1b[0m\n'}
[1.439421] (yahboomcar_msgs) StdoutLine: {'line': b'[ 93%] Built target yahboomcar_msgs__rosidl_typesupport_fastrtps_c__pyext\n'}
[1.444782] (yahboomcar_msgs) StdoutLine: {'line': b'[ 96%] Built target yahboomcar_msgs__rosidl_typesupport_c__pyext\n'}
[1.446477] (yahboomcar_msgs) StdoutLine: {'line': b'[100%] Built target yahboomcar_msgs__rosidl_typesupport_introspection_c__pyext\n'}
[1.503895] (-) TimerEvent: {}
[1.573959] (arm_driver) JobEnded: {'identifier': 'arm_driver', 'rc': 'SIGINT'}
[1.591620] (M3Pro_MoveIt_demo) JobEnded: {'identifier': 'M3Pro_MoveIt_demo', 'rc': 'SIGINT'}
[1.603988] (-) TimerEvent: {}
[1.605156] (yahboom_M3Pro_laser) JobEnded: {'identifier': 'yahboom_M3Pro_laser', 'rc': 'SIGINT'}
[1.617766] (yahboomcar_msgs) StdoutLine: {'line': b'running egg_info\n'}
[1.618406] (yahboomcar_msgs) StdoutLine: {'line': b'writing yahboomcar_msgs.egg-info/PKG-INFO\n'}
[1.618546] (yahboomcar_msgs) StdoutLine: {'line': b'writing dependency_links to yahboomcar_msgs.egg-info/dependency_links.txt\n'}
[1.618678] (yahboomcar_msgs) StdoutLine: {'line': b'writing top-level names to yahboomcar_msgs.egg-info/top_level.txt\n'}
[1.620364] (yahboomcar_msgs) StdoutLine: {'line': b"reading manifest file 'yahboomcar_msgs.egg-info/SOURCES.txt'\n"}
[1.620793] (yahboomcar_msgs) StdoutLine: {'line': b"writing manifest file 'yahboomcar_msgs.egg-info/SOURCES.txt'\n"}
[1.625407] (yahboom_M3Pro_DepthCam) JobEnded: {'identifier': 'yahboom_M3Pro_DepthCam', 'rc': 'SIGINT'}
[1.635571] (M3Pro_demo) JobEnded: {'identifier': 'M3Pro_demo', 'rc': 'SIGINT'}
[1.637849] (yahboomcar_ctrl) JobEnded: {'identifier': 'yahboomcar_ctrl', 'rc': 'SIGINT'}
[1.641449] (yahboomcar_msgs) StdoutLine: {'line': b'[100%] Built target ament_cmake_python_build_yahboomcar_msgs_egg\n'}
[1.650340] (yahboomcar_msgs) JobEnded: {'identifier': 'yahboomcar_msgs', 'rc': 'SIGINT'}
[1.681474] (yahboom_M3Pro_description) JobEnded: {'identifier': 'yahboom_M3Pro_description', 'rc': 'SIGINT'}
[1.692147] (M3Pro_KCF) JobSkipped: {'identifier': 'M3Pro_KCF'}
[1.692319] (M3Pro_config) JobSkipped: {'identifier': 'M3Pro_config'}
[1.692476] (-) EventReactorShutdown: {}
